Date,TECH,FIN,ENERGY,STAPLES,HEALTH
2013-02-08,100.0,100.0,100.0,100.0,100.0
2013-02-11,100.60041744378157,100.7049723899219,99.54939919645386,99.80793419561387,99.97009919253168
2013-02-12,100.06614304722592,102.50778901369706,100.2330068163748,99.21318649713842,99.98166055070548
2013-02-13,100.28624338016805,101.86366078076298,100.18836041922674,98.96521754059624,99.9778532757219
2013-02-14,100.06257551972323,102.40315305806631,100.65595571088863,98.96204967380257,100.15773787401744
2013-02-15,99.60538266625409,101.71847520859943,99.17353770155847,99.47912003547692,100.84650289572382
2013-02-19,100.37831796845231,103.0013819267373,100.4336708971538,100.5085990393515,101.37660978315834
2013-02-20,98.87274988516566,100.92580752933324,98.89540143289895,100.60886358268833,100.7102455694544
2013-02-21,97.28951876702148,99.3676707234863,98.16464216533485,101.05291215568866,100.43485759000816
2013-02-22,98.24919077287882,100.50537391753966,98.79289208213338,101.72777050966386,100.36303209496347
2013-02-25,96.94974156408655,97.09916976343365,96.54293201833421,100.93885863076144,98.98410844787242
2013-02-26,97.52920187116241,97.32429708653892,97.65627163611337,101.47989484449229,98.91067826762558
2013-02-27,98.4548641910811,99.41163158533254,99.20915134630687,102.05710374713138,100.0160623636025
2013-02-28,97.97753598520458,98.77753013127358,99.06596570943469,101.87126105756978,99.38973466972281
2013-03-01,97.93852800984236,99.30905194235832,98.62939123702405,102.20603280530163,99.42609260158072
2013-03-04,97.98101088215773,100.37616942474408,97.91599560470007,103.06443336575965,100.45059450626768
2013-03-05,99.53975802584793,101.21020556884277,98.73134292375424,103.45587357325994,101.08290534731714
2013-03-06,100.01707137770282,102.78524011681445,99.12358311787034,103.49132165555099,101.05794771466515
2013-03-07,100.53742623039517,104.3548997482841,99.38157799625168,103.54940835059645,101.23606275169675
2013-03-08,100.1028966942999,104.19416026517506,99.83385343379301,103.67116676660035,101.30375084442332
2013-03-11,100.53836991600966,105.26249212103065,99.87133057348055,103.63830417448081,102.03366052160136
2013-03-12,99.66976146159203,104.18340701214093,100.02283749939839,103.48843770585938,102.74856340450769
2013-03-13,99.65019139550255,104.30005533671762,100.0372405651826,103.19406640375357,102.4859202879821
2013-03-14,100.41578291847127,105.35668914120346,101.34609533851079,103.33606442694787,102.71834746725843
2013-03-15,100.94124038929478,106.47662185384279,100.98551487417441,102.39211276824052,102.00779403017508
2013-03-18,101.02676155868777,105.14019218752347,99.77533281849202,102.17348963709749,101.40589315681336
2013-03-19,100.57962357897144,104.47427200206079,98.96805406211749,102.83376713056383,101.52631254556492
2013-03-20,100.78986713721407,104.84549924198039,99.29278404538722,103.67737763365226,102.14774129815751
2013-03-21,97.81460468912562,102.94949352551725,98.89005545440317,103.51504990344083,101.61941499381166
2013-03-22,98.30007992928927,103.32227878369629,99.69246467802057,104.64560948177571,101.95946702871883
2013-03-25,97.78856944562776,102.54729266446634,98.93266118318594,104.47082199053614,101.90485593834941
2013-03-26,98.42437652121374,102.66624028736051,100.33186348450415,105.76746374795785,103.47425571332873
2013-03-27,98.49179459374689,102.05189850983771,100.35547810412785,105.15598489805429,103.99286688731681
2013-03-28,98.54477739439945,101.64526669080749,99.85299799309682,105.74140642264216,104.90973037330009
2013-04-01,97.5579070337207,101.3605747895586,100.09493125901562,106.03183766798966,105.7088815188423
2013-04-02,98.31736241437366,101.76083500504961,100.10307009506425,107.06911660836307,107.93592753647332
2013-04-03,97.65439293693332,99.27604585802705,98.82896982919281,106.05061873327637,107.93772321916497
2013-04-04,97.39838300690252,100.23992097599212,98.182543490797,106.52735878486406,108.42695142811623
2013-04-05,96.48459492129393,100.53358373276235,98.222397937585,105.93731071491771,108.0173528551172
2013-04-08,96.84747518543071,101.42285961727234,98.93693813529362,107.17778783073474,108.0542818755265
2013-04-09,98.96334607475487,102.30116192610845,99.60726355901306,107.02132195216612,108.30702355097657
2013-04-10,101.16433958834506,103.67917396140672,100.38108414865523,107.68903037030837,110.01577091484296
2013-04-11,99.94070210092119,103.44562251647929,100.67609234031335,108.05740836542368,111.10132752906179
2013-04-12,99.26884960275501,102.95110761291939,99.15361930505797,108.25270267403535,111.12355864248036
2013-04-15,97.62680637539106,101.4958666369725,95.07447731582323,107.025910046027,109.27450871592484
2013-04-16,99.0712729136937,102.9960529299951,96.09378544241893,109.1649664932596,110.92035248703137
2013-04-17,96.8482567346758,100.1165413692664,94.09724524667683,108.34243656502818,111.1588085211749
2013-04-18,96.31702646387593,98.87918683298237,94.6003761267999,108.75459999396502,109.59408387871703
2013-04-19,97.10553659755077,99.72946481884152,94.30189104109562,110.40516637980436,111.0325746483849
2013-04-22,98.79644917586988,100.0727071819051,95.35339020752117,110.62783054161815,110.7417212701993
2013-04-23,99.71992593533305,102.30630235846753,96.18220909316581,111.62364629240062,111.27697114814872
2013-04-24,100.221089970099,103.49488593350901,97.3116407247266,108.45474338619154,110.02833477698717
2013-04-25,100.33950123908075,104.11371071016731,97.47527918411092,108.98422627178257,109.91269517032008
2013-04-26,100.78063133015095,103.98453046282086,97.42693795594448,108.95157417269827,110.03860631776364
2013-04-29,102.46276065593204,104.03455898230412,98.65164649948038,109.11532270067148,110.74230339845931
2013-04-30,103.82233293124916,104.07666594275358,99.1014991730992,108.67943274459051,109.36709787921673
2013-05-01,103.15971178583723,102.23401792753477,97.79335138451626,108.6575171774738,108.27845981377602
2013-05-02,104.51705235482602,102.7713853639292,98.90132948431038,109.24004813232389,108.82654308768778
2013-05-03,104.71276576600685,103.25210074881583,100.86207304280481,109.87409633809797,108.36064485451877
2013-05-06,105.39247163058167,105.34596316844214,101.49848829905012,109.29087444006238,107.49452562038174
2013-05-07,104.6425757462997,106.4794855469985,103.54270129531812,109.91254102529034,108.31406604212468
2013-05-08,105.23963955069648,107.63039572470574,104.16494058143502,109.77924030021036,108.79636093685836
2013-05-09,105.06646429409446,106.27580322738508,103.69044006961172,109.41552585544156,108.620794239138
2013-05-10,105.50361127776675,106.64650512532587,102.80650383161615,109.85788812353208,109.39654521637078
2013-05-13,105.46496081523293,107.1358298620287,102.72917985589709,109.76521814049924,109.94747252964652
2013-05-14,105.00067475342678,109.49852384266319,104.08501881172847,110.8283358801148,110.67625770883316
2013-05-15,104.9421399295168,111.04373561982331,102.9508614344065,112.09294755721339,111.32661727564457
2013-05-16,108.02951874460152,110.35828642915683,102.45418313715982,111.56867276282244,110.57414431474282
2013-05-17,109.28926188604893,112.29486634052783,103.53284436304406,111.17174049896848,110.44051420219523
2013-05-20,109.5980157929423,112.77227469342981,104.68241621245005,109.97718734675246,110.4855830152375
2013-05-21,109.54129194563755,113.52557146468678,104.73468452108376,109.8943080881808,111.78588380735776
2013-05-22,108.17922107509696,112.7570253146914,102.98741382667025,109.78068804535293,111.65435006317925
2013-05-23,108.13955812839322,111.93825944231062,103.01138276447858,108.99919417421467,111.37699878221984
2013-05-24,108.15261971417156,112.4297706561145,102.58977530532378,110.51473490480932,111.20305990823034
2013-05-28,109.22415816160029,114.01272491574403,103.29116696006643,110.53053222850127,112.52930983476261
2013-05-29,109.61097922709351,114.91709201806289,103.20510456726268,107.99896291766177,110.61829993228596
2013-05-30,110.16671559340483,116.83930601591265,102.91189683401983,107.59702863504725,111.21108722294832
2013-05-31,109.46876461144142,114.83852977024809,100.80431947447492,105.56137101257931,108.47050245694535
2013-06-03,111.45116688072476,114.90992895899912,101.96609866927932,106.92368626013786,110.18309172076751
2013-06-04,110.94427509334272,113.64720404911051,101.44843687773076,107.39306196033682,110.03533506298942
2013-06-05,109.96380239190846,111.40698893643992,100.19913886463495,106.13446872180657,108.95189730544226
2013-06-06,109.4161999670473,112.84583264342638,100.90307628434732,106.53064731749811,109.86052680762926
2013-06-07,110.22623697234708,115.00874695709223,101.98391995490219,107.92052907250995,110.66184704489423
2013-06-10,110.36959267634903,115.2726833934188,101.70019990424437,107.71215474573188,111.31278083291842
2013-06-11,109.0739014932395,112.7965356563164,100.34845029270558,107.22328305524489,110.51636414445964
2013-06-12,108.57870609581919,111.91560796631646,99.55341386916477,106.47599111865405,109.8634997080979
2013-06-13,109.86089656593687,113.89421576176954,101.4305513757132,106.83596269753856,111.24206551990525
2013-06-14,108.75932508161358,111.89845741856685,100.34715637630292,106.82361468835029,111.2182382016083
2013-06-17,110.26729314464507,112.91935110605382,101.67197792442614,107.6882461143485,111.6378673934776
2013-06-18,110.75446786851649,113.56177563454281,102.4207645359887,108.09345434553312,112.81826580993854
2013-06-19,109.32852026331139,112.51333470694607,101.78950886986486,106.00965225620791,111.18949702580676
2013-06-20,106.8203093691709,109.63928909428473,99.41057972414768,102.98857760283,108.51736691907232
2013-06-21,104.5766139288532,108.92245587286841,99.79877938723149,104.71730973823054,109.14749125139058
2013-06-24,103.4338892652904,106.04528142920317,97.99419277502656,104.31951882868005,108.55010027076821
2013-06-25,103.48708301143404,108.48172060090877,99.0532680841346,104.50014752216117,108.65311761028642
2013-06-26,104.23102102335353,109.28157582104726,99.6721142933666,105.81345041049947,110.03360144654606
2013-06-27,104.63313608756253,110.84230799186408,99.729491520408,106.18040594978162,110.60017482516528
2013-06-28,104.81862388120061,109.81316409108923,99.81602041056588,105.67407962544786,109.35714104293601
2013-07-01,104.67002081140144,110.0565950089746,101.03301866828576,106.47770500340653,109.45663987245511
2013-07-02,104.7230137737701,109.89500391063014,101.64237965208962,106.40126611833803,109.26081773699552
2013-07-03,105.56893491273651,109.47278425039015,101.81431828015661,106.30339448951062,108.98239551573812
2013-07-05,106.10813560108905,111.62693429559165,103.03956955420533,106.41802674090326,110.42995239581556
2013-07-08,105.64428325151935,113.2383907746537,103.65963656412727,107.49011447289445,111.6282059866161
2013-07-09,106.35369552035532,114.45110789131057,105.25302562228582,108.36171549209897,111.68784347351473
2013-07-10,106.61781477392485,113.3913589166544,104.9909037802722,108.19691168944576,111.91670082100313
2013-07-11,109.05036574049485,114.12096476585063,105.8154210521689,109.417120559364,113.0750917328352
2013-07-12,108.56107726697222,115.60848460247179,106.29461009906073,109.63945259071221,113.14384210908857
2013-07-17,109.47237832858265,117.75295136683057,106.97467411480584,108.97842126523464,112.61102731744433
2013-07-18,108.55796185034323,120.23195724684308,107.70462056005066,109.62230120292176,113.52382701338921
2013-07-19,105.41470234552438,120.03654586660969,109.77704937368287,110.20596742930306,115.10526886350596
2013-07-22,105.5696518843601,121.1555985874724,110.06784631402013,109.88330280141328,115.4800655260317
2013-07-23,105.06440151689085,121.1492241592357,110.10236319382132,109.92592890570378,116.40273913910923
2013-07-24,106.63666729926089,120.12380282772706,108.85653018330221,109.47776551064199,116.00190271159987
2013-07-25,106.19173524477554,120.2497901429016,109.5563552114532,109.85129734302157,116.2891418103317
2013-07-26,106.76035675524973,119.51919586687745,109.06636659563557,109.90594777584283,116.64824176257696
2013-07-29,106.83882167943702,118.31876225238152,108.11798895478108,109.54890348125164,116.96862509701349
2013-07-30,107.77431168811687,118.12809835631812,107.8679029975671,109.66068288263808,116.84321656995715
2013-07-31,107.48889547941583,118.95711501066128,108.06456196362836,108.96675683732713,116.66692901609173
2013-08-01,107.9653877589035,121.11930112182125,109.90112983819284,110.09850422647362,117.0701806942757
2013-08-02,108.54195181219409,121.12848312190879,109.80149047695187,109.97596655776898,117.06960415374583
2013-08-05,108.69961009098685,120.85600323516374,109.69875250242379,110.26269652751893,116.93374212379943
2013-08-06,108.36849488196751,119.01904148883888,109.17300181289595,110.29903880703868,116.75659044614241
2013-08-07,108.39969226751404,118.16492448672162,109.10695767433509,110.00324647636921,116.49661747607031
2013-08-08,108.78334275216656,118.10716746088536,109.73117177827574,110.02129664072899,116.35169353503522
2013-08-09,108.16883879087288,117.4075545781648,109.12706562690254,109.58633865385967,116.03394010543306
2013-08-12,109.47597165242018,116.88516239053426,108.48819339762517,109.41557848214873,115.80059619221241
2013-08-13,109.95792126326249,117.89038236901183,109.21879186824923,109.19836362589174,116.43215826331974
2013-08-14,110.74861712778316,117.72081776047618,108.84355355584799,108.57769111894895,115.24335405671135
2013-08-15,107.66600730276217,116.12879389120717,108.45967469210824,106.7738785332562,113.76179883141153
2013-08-16,107.35193874827367,115.91542220020546,108.08352788705791,106.19796598902924,113.21888718408337
2013-08-19,107.4340930704223,113.94261826991116,106.33511630252058,105.88795073150285,113.53788187666058
2013-08-20,107.67965840900358,114.75538623316012,106.61959705911235,105.52428995280519,113.53025185555296
2013-08-21,107.23623692901478,113.79415278945217,105.72972451264728,104.84945611830784,112.77943269628337
2013-08-22,107.89110889677076,115.15971498942443,107.10317686040895,104.96683244418938,112.80191834252102
2013-08-23,109.00019592146297,115.21332753787013,107.75752571778064,105.5066134506871,113.23601669038497
2013-08-26,108.91206829445397,114.4431126252066,107.5776292686712,104.45016936871272,112.44471795161179
2013-08-27,106.9469351785514,111.31694238939858,107.10732868070423,103.89311327928614,111.23491814815603
2013-08-28,106.86694317396895,111.39426848141171,109.22297394177016,103.51477418736417,111.32541941891783
2013-08-29,107.0607896498668,111.69592574024445,107.76911087950927,103.50037297199933,111.52053018088894
2013-08-30,106.67237227633275,111.16749335607625,107.61847601945922,104.14871458149815,111.1765628785896
2013-09-03,106.10838134185154,112.66678167187737,108.37922040448973,103.88030009075382,110.9711823588236
2013-09-04,107.09874004910857,113.4111468728955,109.27205819435677,104.18041419341147,112.19951412410076
2013-09-05,106.83429592362891,113.95171799490052,109.77893538523146,103.63767959723573,112.47543325168326
2013-09-06,106.80494774643097,113.69910227574213,110.14344762672476,103.89631615839261,112.35099830246314
2013-09-09,108.4173166140018,114.99082429673855,111.34471091717275,104.75948152673575,112.84717294201027
2013-09-10,108.78371524662798,117.2259810478196,111.4606073390854,104.91163068856828,113.63943748275575
2013-09-11,107.97272485371082,116.96211952191742,112.58290375558808,105.45208206737459,114.67820918142965
2013-09-12,107.77357123999114,115.65151004791008,112.22735138779866,105.24056660897973,114.06786503372525
2013-09-13,108.22372356991647,115.98202891289331,112.34278908038273,105.88992625777524,114.08048753006193
2013-09-16,107.73284585524814,117.33639782312513,112.43541502434522,106.794790183603,114.83767371804616
2013-09-17,108.56958027805771,117.47155555202087,113.12621285122913,106.86449688796085,114.4297311903149
2013-09-18,110.19640191494204,118.68508636380311,114.69164036299206,108.60708123600709,115.20759218515653
2013-09-19,110.63633345051022,117.87280450524042,114.45377029068406,107.99052183280769,114.12649573281573
2013-09-20,109.72377579054023,117.50147170795775,113.65419507889412,107.52662441469141,113.89537212358726
2013-09-23,110.36143413311072,114.74509681566498,113.29027136453944,106.96904623279036,113.74901715496115
2013-09-24,109.86159689927631,113.2419212060231,113.60574105761158,106.3039744235097,113.05026556537092
2013-09-25,109.96490167713182,114.03388563094776,113.52288808475448,105.36617058056883,112.09109319768844
2013-09-26,109.45617465371858,113.75623259414888,113.53016314945438,106.13217335775207,112.16623086154532
2013-09-27,108.80721136129429,113.24724135165984,113.17340818402464,105.39218225653748,112.01414207273994
2013-09-30,108.18866632701172,112.29037714141243,112.1720030181057,104.14553850222683,111.71427123506292
2013-10-01,108.84546644793764,112.8166306091275,112.85494078384153,104.59822093628144,113.27424369483454
2013-10-02,109.38161811944522,113.01196390128814,113.1182026596657,103.98744039606915,113.22710249053097
2013-10-03,108.21436292478563,112.30489092173966,112.24486670179057,103.54992483975556,112.42779509723579
2013-10-04,108.40581400223135,113.16559068708858,113.2009579007245,103.60485732701537,113.06479500856778
2013-10-07,107.90153069213765,111.27068016135631,112.60292641694679,102.96809943305058,112.12812692492682
2013-10-08,106.53217038983391,110.04823091021525,111.54079009396168,103.45537418657949,110.9685847684939
2013-10-09,106.67982956774524,110.63227382962863,110.98463769293963,103.99555434052058,110.95203964088797
2013-10-10,108.75428789963857,113.74014801813625,112.71774994932184,105.79734781693037,113.02435919489841
2013-10-11,109.71284686197956,113.92979024585892,114.0895905883136,106.2269549168462,113.48917550555231
2013-10-14,110.31606650554562,114.54851228774838,115.07156306132191,106.43233268686822,114.11558599426219
2013-10-15,109.90002829369843,113.47909366994571,114.45533519782106,105.6629976702008,113.45870438152762
2013-10-16,110.395299273391,116.67333561278939,115.83860478556778,107.20506914808871,116.42651488226296
2013-10-17,110.62686216517967,116.74747959365324,115.79391298273669,108.33185112499339,116.61686763509975
2013-10-18,110.99811055348204,116.80673405172324,116.79860246925924,108.34618299804937,115.69815619078557
2013-10-21,111.80675151005876,116.68952052484399,116.56613533001665,107.73137190345545,115.00121050480085
2013-10-22,111.11434469264,116.38578649978753,117.34253259671623,109.30002076409284,115.8082421393004
2013-10-23,109.97221414720002,114.93146909560801,115.61291612974483,109.29504155368377,115.57298518220713
2013-10-24,110.64602171716416,115.01666490561566,116.61881978878503,108.84626049981098,115.32612460313125
2013-10-25,112.27404882991539,115.64651390727522,116.98980658719324,109.12072964971156,115.44908348238845
2013-10-28,112.54480676879854,115.49247654913937,116.9246461252359,110.83172166428919,114.81837199856255
2013-10-29,112.76478996566352,115.58131850023857,117.99733407360733,111.86577324273132,115.89330995580802
2013-10-30,112.8714584556886,115.47187864149167,116.75058711604531,111.02019030386863,115.16073513654035
2013-10-31,112.50392723476452,113.77740876295186,116.6333595532944,110.40431310710672,114.69874810144918
2013-11-01,112.35697834767969,114.42613721372533,116.12651792691186,110.97663267141542,115.70247887077241
2013-11-04,112.9807761626998,114.37514416834296,117.51875810835621,111.1102419374435,116.05614182970739
2013-11-05,113.50005708414506,113.83162355815892,116.5573698827949,111.09856094519417,115.96472289023139
2013-11-06,115.05943040008016,114.1785627558313,117.63686813068111,112.75878278931377,116.78256597184958
2013-11-07,113.88540693756417,112.65814816348568,115.66570102601624,111.54148968408882,116.45194112423025
2013-11-08,115.07208208657495,116.29425285932875,116.83648755739048,111.99988142639603,118.1448055452873
2013-11-11,114.91473585874263,116.70894255942441,116.91891904973915,111.9561028459544,118.10935764482898
2013-11-12,115.5649734146059,115.82879479731965,115.34054438386197,112.10812602028169,117.87657563642766
2013-11-13,116.7032961055125,116.90941311328933,116.10179222054646,112.69608433594469,118.61142978588425
2013-11-14,113.78300515277853,117.58991588246049,116.35110919166564,113.31139500841003,119.23350059123017
2013-11-15,114.2031943131369,118.4993283614075,116.99237463424741,113.46465523928013,119.95322544851167
2013-11-18,113.36072477173049,119.17225954895481,116.18594501736885,113.1123930512,119.62606773614463
2013-11-19,113.24090132196724,120.1879032548865,116.1779516780553,112.9270634736672,119.99865009012916
2013-11-20,112.91636917934449,119.68596607785453,115.63759334677516,112.82674169477282,120.09447850044634
2013-11-21,114.37516058722268,121.88069117421752,116.7400553200744,113.39723238203503,120.63038398461359
2013-11-22,113.10478391296395,122.68666054816502,117.70032513051936,113.87347520524393,121.30376191332594
2013-11-25,112.97190401958228,123.7143193765121,116.40622391917164,113.93509083076103,121.81772261480832
2013-11-26,113.1531368006661,123.18305748703868,115.9738563325813,113.49190129539303,121.54067140411028
2013-11-27,114.3739849455057,123.26181647474431,114.92038194986395,113.37803039493221,121.74259859061556
2013-11-29,115.04108348706121,123.04062071639648,114.82803787586641,113.38815742114355,121.50269291479718
2013-12-02,114.58865369747815,122.86096817446031,114.53357083155386,112.73043267840421,121.5161896006077
2013-12-03,115.16581862551769,121.79153172282258,114.82590321212452,113.1006928487166,120.28209803744654
2013-12-04,115.66472702815702,122.13727424264695,114.5521928071127,112.28202105309018,119.83637911608737
2013-12-05,115.21760333434679,120.04569042364182,113.76506592108203,111.20905554438596,118.83392849546017
2013-12-06,116.47238231623021,121.27007755869256,113.93415984620849,112.9185216938885,120.35038849554216
2013-12-09,117.06485731287609,121.97018161885967,113.76727400488456,112.8427098038096,120.32416305733314
2013-12-10,116.02809291473444,122.03179963768578,113.65814919402126,111.56636014111972,120.0512099183973
2013-12-11,114.65663440543052,120.15577516248351,111.97654608207506,111.98400387629009,118.0645138203686
2013-12-12,113.38898216734408,120.44704258701131,112.66836520084456,110.13386312798686,116.40085179637269
2013-12-13,112.1037733561573,120.44092263831558,112.37835730412978,109.9545767228649,116.37508925874911
2013-12-16,113.19134828727174,121.11417990200121,113.27099592206974,109.73933898764207,116.51533146230707
2013-12-17,113.37868022751346,120.33836594792908,112.25268659131761,108.99245226897393,116.10026018080954
2013-12-18,114.43952136221802,123.76045288069011,114.33326666858945,110.71961401785958,119.07690445041274
2013-12-19,115.36102319152153,123.85234483876526,114.77021379283843,110.23142099757308,118.75428705939078
2013-12-20,115.7470452963355,123.99968608795409,115.43618952174324,110.58114709376446,118.8812449899474
2013-12-23,117.60553582202873,124.79323550549002,115.18438154823967,110.60581934597984,119.6647860578645
2013-12-24,118.28258761734011,124.87847941874092,115.95528911882779,110.7381386711004,119.42304861547962
2013-12-26,118.96085604057825,124.8630443614096,116.92882233755107,111.28567405162748,120.23450341039425
2013-12-27,119.03537152360487,124.79019297419643,117.50762833675876,111.72546923161386,120.25096620640325
2013-12-30,119.28604365038007,124.2514550250615,116.4395776383081,112.079158619838,120.4036981635939
2013-12-31,120.10190989205842,124.77938776906703,117.33385475135327,111.98773592971816,120.34172014975482
2014-01-02,118.7267119773144,125.32931328184137,115.83375834235885,110.91918761212636,119.49555882091599
2014-01-03,117.87652903801249,126.90432252432862,115.68980054650986,110.70861410833952,120.29998519071898
2014-01-06,117.15241658157689,127.85156778184287,115.60014393371556,110.53002888970829,120.49625026883663
2014-01-07,117.8383309044643,127.32188824015964,116.42414058282517,111.220641863405,121.88918379627427
2014-01-08,117.32529538272244,128.29468321475338,115.64092530901415,110.18200651588326,121.80248052071106
2014-01-09,116.50672561074549,128.80076891800368,115.23716067833804,110.59922532163924,121.99379099478207
2014-01-10,117.31011224523316,128.38754772740165,115.214933012102,110.96871084834316,121.7282474629172
2014-01-13,116.46201092125752,126.47720034324496,113.40178589556145,109.96697207288916,122.59826509920482
2014-01-14,118.89548958201914,127.24670598509186,114.8668487667164,110.48018459617043,123.28419934694872
2014-01-15,120.68481380123445,129.84728146456322,114.87739819720075,110.5279090128659,123.47311173528188
2014-01-16,120.4424259696684,127.86860772884117,114.65533411734353,110.24124465358933,122.73402783330012
2014-01-17,118.80030856086967,127.38390371365706,114.94728517577137,109.38203710159743,122.35492389973079
2014-01-21,118.8251742170655,126.82077310628779,115.51687933541575,109.92528289852808,122.1854973976467
2014-01-22,118.44241411030323,126.96411289587404,115.79249659065695,109.24527688511209,121.49011251945257
2014-01-23,118.37256011898137,124.86107344736138,114.42365896502396,108.19244240686947,120.52466590609629
2014-01-24,117.11003962545972,122.03559174428173,112.05830936813821,107.45531032270115,118.35912874512024
2014-01-27,116.11958112894204,121.16792505956582,111.33738174209327,107.19358589432704,117.93161726322077
2014-01-28,114.71148550804364,122.92853911289944,112.37071666799227,107.9265398785256,118.79584303413296
2014-01-29,114.30912786235379,121.46354775295181,111.48667840929463,105.83190237870616,117.45189562786045
2014-01-30,115.05541876565202,122.67706644124368,111.87298883559944,106.15099086629085,119.7024555446801
2014-01-31,115.1420938221642,121.061103416413,109.80673380343224,105.58909860028373,118.77328667366862
2014-02-03,112.76367378664685,118.34692523053538,108.03774814484397,103.58214481903094,117.04569370381148
2014-02-04,113.22448672885027,119.319035905104,109.07386905035304,103.99265304771616,118.47297822590295
2014-02-05,112.95893378916956,119.1622415337798,108.22503892193527,104.38568008128908,118.236534193361
2014-02-06,114.6419710147059,121.22848166284426,110.2453050929604,104.78169214515935,119.09928123672573
2014-02-07,115.88602939245402,122.3715904919048,111.48137648593135,105.42598135854568,120.69115720918096
2014-02-10,116.76691821005764,122.20838755608105,110.60984160051932,106.29822466103485,120.6524952643596
2014-02-11,117.70099576199429,123.66426906408405,112.04725091036536,107.33280604947828,122.64388532602817
2014-02-12,118.25120585412974,123.53882141928851,111.64544735440167,106.83720538247748,122.05115379356282
2014-02-13,118.47673527443257,123.78769081537679,111.75526649657608,106.776991178122,122.83259854047219
2014-02-14,118.553858661038,123.62561814792458,113.12319406666566,107.19077870537713,124.0772853791811
2014-02-18,118.35586856468234,123.50020692864214,113.32828625344018,105.79607987446008,124.16609700615298
2014-02-19,117.59086831261885,121.45083525756975,113.17901132865906,104.91448666419782,123.21924711625405
2014-02-20,117.96901838005762,121.94411783976066,113.97820433464791,104.95587744258997,123.91515894667945
2014-02-21,117.2608316657496,121.99170221952708,112.93330415240297,104.74231597799472,123.74002624011437
2014-02-24,117.40016471594627,123.45243294330952,115.13978578826038,105.2684264794235,124.95198252996482
2014-02-25,116.82333640452818,121.99712008452114,115.72863693297337,105.62451783150928,124.70000232451386
2014-02-26,116.98880686885853,121.70468917645587,115.83109886415912,105.82649725036266,125.27278249708552
2014-02-27,117.92415003553079,122.48957731752192,116.10449955669411,106.13682078958327,125.94439770573132
2014-02-28,118.10832528818109,122.93032649013966,116.57345173272644,106.88784400937736,126.61470996980368
2014-03-03,116.99009286423494,121.41301534928684,115.76909161543662,106.00200821180094,125.76280416783499
2014-03-04,118.45763254591155,124.02799840111918,116.76924030333518,107.28574353406695,127.93677512858252
2014-03-05,118.32503680657429,126.1403948497991,115.6089900834506,106.97777921933236,127.4411096768663
2014-03-06,118.32580710781669,126.99234228676868,115.97052899406937,107.32829693223884,127.31545755623783
2014-03-07,117.69107127602771,127.7042320922468,116.28229920656892,107.4731043849485,127.32192581496764
2014-03-10,117.8285781715388,127.79543622863822,116.55957639511631,107.54433009722501,127.57832775044551
2014-03-11,118.01566806907675,125.7652419843129,115.14638759195408,108.25053864150007,127.22919338794807
2014-03-12,118.22120056491715,125.56730401074051,115.17443736888336,108.12570417602359,126.87672155890499
2014-03-13,116.68328365653895,124.24289159745318,114.21627884010961,107.57049339586162,125.10801183758666
2014-03-14,116.0221964968093,122.78726016455666,114.28494636142257,107.4338771189409,124.51350213179096
2014-03-17,117.07435440085156,124.62239452115888,115.25581447136628,108.31025079281453,125.90966888646429
2014-03-18,118.82877155089555,125.48737005678734,116.28545953890239,108.34436546778832,126.91286880858803
2014-03-19,118.66831437601535,126.08068778766159,115.39543481476291,107.34239015984876,126.93570906129563
2014-03-20,119.68739684493899,129.01648284601953,116.33975204512801,107.87717693988976,127.18345422471218
2014-03-21,118.78411087006857,128.15316314659825,116.7121211661961,107.98612592045427,127.08890994490282
2014-03-24,119.57376641139028,127.98197345560018,116.75846158309828,108.42796449488772,125.94900285542047
2014-03-25,121.05170478296301,127.42341613594033,118.18814650220466,109.01536604845026,127.3747807023781
2014-03-26,120.81851286916962,126.40052682456975,118.36929785694052,109.03881869717955,128.20414023498904
2014-03-27,120.16366562461671,125.19328157763961,119.41243430228694,109.01473320552395,127.83176460196796
2014-03-28,121.54559479435278,125.19216261352094,121.03262997242233,109.20254713249582,127.90952607202357
2014-03-31,123.05619773684681,126.44916479944067,120.97251236768396,109.79780413319314,128.92005581090498
2014-04-01,124.80835003793919,127.07936184557987,121.32436944317027,109.2995611667398,128.45184227361835
2014-04-02,124.37615438470783,127.27417801350913,121.6155146444296,109.30130598626884,128.84357485024842
2014-04-03,124.14738252551534,126.7924908666216,121.78317788621995,109.26490872079555,129.07396539005492
2014-04-04,122.25426430236949,124.92565130148377,121.37635499162394,109.11392108717193,128.64411096157644
2014-04-07,121.96820812668874,122.61217472964208,120.12341182607875,110.12593677406906,126.86278246238491
2014-04-08,122.94246697240693,122.44235324339098,120.98604765160295,110.89419525830854,126.07249191221311
2014-04-09,124.31496984756411,123.56519793044207,121.93231709332035,111.0748091426869,127.77400055042065
2014-04-10,121.63255198605614,120.51442381132036,120.05154878339171,110.59527664356494,125.39399077880142
2014-04-11,120.43445929606837,118.50570171116503,120.57914405583232,109.90954032556404,124.40907072732385
2014-04-14,121.6451359976595,120.06644729666662,122.09323125473144,110.52378092057043,124.88743301482224
2014-04-15,122.15892719630568,121.26660957034832,123.80038926866703,111.49637341845802,125.90591193958363
2014-04-16,123.1494013941407,121.53439803801814,124.89738259248139,112.53324756222646,125.90837663890882
2014-04-17,123.45548979519691,121.52191130649874,125.83306829198615,112.89058238007111,125.77452741793473
2014-04-21,123.92383560777915,121.30640881066483,126.75898820296499,112.89582381283662,126.47592927136535
2014-04-22,124.14096555529454,122.5064422584501,126.18910157407186,112.41167823571341,127.06746094205062
2014-04-23,123.11471109901986,123.1036600815691,127.03141458283487,112.22088126100293,126.74900730968636
2014-04-24,125.0359327569154,123.01175607361088,126.50063701861332,112.72236198192975,126.83666653656502
2014-04-25,124.25043056832199,121.38087113369602,125.41018677561422,112.91989590824198,126.12663148930186
2014-04-28,126.32676496736914,119.22330210308165,125.67471938948587,114.6510599273129,127.58208594552399
2014-04-29,126.31437518292886,120.89868075010546,126.22704063446228,113.67283373208063,128.1305444051701
2014-04-30,126.78102516886915,120.88730447822743,125.8799745416286,113.96049967877231,127.81783159384048
2014-05-01,126.3078080516303,120.70267270224323,125.3497322104411,113.71094247556384,127.90565767495912
2014-05-02,125.9452919088796,120.62934891061732,125.99348852011478,113.54149918367025,126.6205631965796
2014-05-05,126.17094108993516,119.09814553408961,127.05298597198168,113.26752001853751,126.57564198434848
2014-05-06,125.30724909053532,117.24307249323729,128.07372331274348,112.576918138827,125.18809699889466
2014-05-07,125.81238032970481,118.13059260125173,129.2939399741247,113.61511142153995,125.58775434922649
2014-05-08,125.78300863477558,118.95312911404201,127.33690634263193,113.66669342968207,124.85834719434033
2014-05-09,125.6834373444218,118.27069068857261,127.56339128321481,114.2759378920657,125.20056246842188
2014-05-12,127.07955702599347,119.90283738323306,128.28639265122285,113.83212830753153,125.6632193742291
2014-05-13,127.08466315689384,120.03593489222999,128.88778352198597,114.05985274440242,126.40431032881392
2014-05-14,126.7990954616109,119.0913457598796,128.7655632289279,113.49574536998446,126.4516184544996
2014-05-15,127.4254496861086,117.4047811264997,127.11146169684679,112.08678115588387,125.49322261968734
2014-05-16,127.81779530603032,117.20455148927425,126.91934695449136,112.66964770692907,125.4493008285714
2014-05-19,128.55437974161333,118.23988176586046,127.1539143850563,113.07518869744098,126.36384693748464
2014-05-20,127.90546430354195,117.40341084299757,126.96951675288437,111.76012321686588,125.84886890968039
2014-05-21,129.01791720850707,118.6499040667095,128.52021785191135,112.18482637228142,126.96913087713678
2014-05-22,128.645212508271,119.37509630046917,128.14067140323323,111.78747907538549,127.22118049359692
2014-05-23,129.62359867020535,119.58603646040025,128.05023817188606,111.92227309293952,127.3320932699943
2014-05-27,130.62270969246066,121.23398884209877,128.5312113342284,112.07469006491155,127.43611553591931
2014-05-28,130.5086989148805,120.97573614045594,128.60047078392387,111.8996756632324,127.06399649215876
2014-05-29,131.52561527538094,120.93998460608411,129.46977692911548,112.60137507237727,127.96836315406787
2014-05-30,131.99343548283298,121.11271227818314,129.34069209655283,113.7353135548887,128.5919020727617
2014-06-02,131.7974794242633,121.4867705240426,128.78281992817838,113.40183213819725,128.6857647457581
2014-06-03,132.02173267387752,122.00440009519508,129.37861299671692,113.04460599460478,128.7916939862841
2014-06-04,132.02889228803437,121.94763855000717,129.1369420495553,113.05439194545437,129.05729395101432
2014-06-05,133.2416089392265,123.40905159289484,130.01530912622167,113.4051341084551,129.40539578345434
2014-06-06,134.31000381929852,124.68080122541983,131.54723471014404,113.46447626974079,128.96601875066295
2014-06-09,134.36758976814977,125.834648674954,131.79483687927174,113.54177086043562,128.95143857437506
2014-06-10,134.93043829878962,126.13815681230076,131.99483625223263,113.72392514914971,129.82117157930915
2014-06-11,134.33834653828794,124.76586779554644,132.68279125112622,113.25772476961124,129.48465754040822
2014-06-12,132.97241551931182,123.94427189808287,133.26975591525076,112.39904525848674,128.72084789330734
2014-06-13,135.05586046144634,123.70783930591949,134.89509933314645,112.2027328096944,128.66709438551274
2014-06-16,135.4520926889326,123.01159975690976,135.13880135967128,112.56462357450793,128.32925716841908
2014-06-17,135.55630193990837,124.45217767481947,134.4592790984811,112.43736464239105,128.11209120409072
2014-06-18,136.00588892554694,125.20268957937262,135.52423524954818,113.75695128240137,129.35638349033817
2014-06-19,135.863174041783,124.6125743434207,136.69529365544003,114.60109093757045,130.28314731253724
2014-06-20,134.84447890645242,124.87871745842416,138.10492289360872,113.79928359968143,131.28997785186513
2014-06-23,135.0919127756468,125.94479276762358,138.5085812722416,113.37302791330146,130.63079326262059
2014-06-24,134.60251360548375,124.70849923379237,135.87617979508144,113.29955474009019,130.0993340710325
2014-06-25,135.15593921508355,124.80380117473659,138.33798813322764,113.4800231277155,131.60852494030414
2014-06-26,134.74691588037498,124.17429191165814,138.76126946123776,113.09548549500241,131.18036464128073
2014-06-27,135.85052350255734,124.12814258165514,138.93493572549968,113.64135664050035,130.49501868651873
2014-06-30,135.91609917940363,124.14937384763721,139.0227404928548,113.59328824319523,130.7092014356977
2014-07-01,136.68243962163717,124.67133188385586,139.23431726253472,113.86532545282051,131.89584259803237
2014-07-02,136.7565263722502,125.08358886058375,139.04022358354513,114.1832555691886,132.97516240999653
2014-07-03,137.34860923359932,126.06942920398518,139.76944734825224,114.51654073217838,133.41319767825684
2014-07-07,137.76630209869543,125.13619216020322,139.27444114630944,114.59722304213255,132.73371946534638
2014-07-08,136.84086034053666,123.32968254752836,139.08105478376726,114.94880821166915,131.70410173120823
2014-07-09,137.07066272934588,123.39133128737969,139.70642959415525,115.49888371555737,132.2701263735631
2014-07-10,137.34772932001087,122.31855106086087,138.4010024556496,115.61637305883801,131.9495426635105
2014-07-11,137.61623949349723,122.43680680723266,137.01169103353337,115.22732499818773,132.06583867764513
2014-07-14,138.37647105386478,123.93547064637613,138.58046465663756,115.82187136011044,132.9468056818483
2014-07-15,138.7335546964226,125.97620732236227,137.24449121003292,115.50813773402373,131.9130004578777
2014-07-16,142.35776943031755,126.06458300229345,139.8283059003777,115.40542346421122,132.10780322327625
2014-07-17,140.72903907741417,124.58148255299635,137.94394274770715,114.75177637328709,133.026835745527
2014-07-18,141.6063049635673,125.89847060587476,137.71730898480348,115.24537359924555,133.53405590422568
2014-07-21,141.79497382167747,125.76864358945414,138.11932618250594,114.96325460987389,132.90921848474375
2014-07-22,143.04288118756006,126.71299052985738,139.18649158283995,113.97052210985072,133.9337111389125
2014-07-23,143.19329997190889,127.40264584381316,139.42740851186727,114.11523325888643,133.51712090907125
2014-07-24,142.91960082759527,127.64290973093347,139.77992265348215,114.34585719877235,133.39124958010865
2014-07-25,143.2288547793453,127.98296535116333,138.45442314920456,113.78514914916079,132.99029251019022
2014-07-28,143.36770993418756,127.22424180919401,137.85190647784992,113.2121253296803,133.09677732956328
2014-07-29,142.91770675235173,126.49291890969889,137.62393498636868,112.2406506208969,132.43951813142888
2014-07-30,142.9282295480567,127.60870028098152,137.1835416052851,111.1073954781156,131.53626789359328
2014-07-31,140.68430535891582,124.96705814705693,133.18712670041856,109.2135475839622,128.8007241857964
2014-08-01,140.06581150690377,122.94604108656245,131.84318067334655,110.50474280340094,129.59359761168628
2014-08-04,140.67986533757602,123.7781789850485,134.0123058973579,110.31976471287119,129.56226444032254
2014-08-05,139.0207725548754,122.59390531436141,130.6968159531756,110.07239680758664,127.92406509786483
2014-08-06,138.87036415031957,123.00407657965467,130.99146820149198,111.89095381473047,128.14443123438022
2014-08-07,138.49200510214513,122.42404513059064,130.17649850825313,110.96216874348954,126.74388848228142
2014-08-08,138.8591309940273,123.54594344423326,132.34860135230585,111.80658374294126,128.09409619058957
2014-08-11,139.79135067807204,123.51341249883588,132.20743132502443,112.2584960265365,128.22413104039526
2014-08-12,139.98310348986885,123.46277849440699,131.1729176220913,111.89937951478403,127.92255800616186
2014-08-13,141.82777068699474,123.95777281591045,131.44693268400297,112.12137050197386,129.4656172157186
2014-08-14,141.13578066683726,124.62365035860319,130.06513769464482,112.44752350863973,130.63331484955248
2014-08-15,141.71317173586652,123.94847262159526,130.7121082628447,112.63121810776053,129.9798192999275
2014-08-18,142.94141466708217,125.55387157804667,130.70031974162632,113.49753652841008,130.85289778204321
2014-08-19,143.97092416923863,125.79436784626381,131.8616119650961,113.4379161672062,131.78066912978503
2014-08-20,143.8457074555621,125.99912193049686,132.24830288746284,113.72571751406606,131.79369070808536
2014-08-21,145.0031241732048,128.43715172897555,132.26496769705537,114.12690749141028,131.92092890707116
2014-08-22,144.75357434639628,128.3064958668309,131.31970656737246,113.85547842700838,131.7521463895641
2014-08-25,144.8567652622302,129.77301880349444,132.41988487579616,114.4366837607061,132.408112425248
2014-08-26,144.75530229661985,130.32292580510187,133.2087422867237,114.25067399408424,133.5641138360264
2014-08-27,144.86619777662736,129.7905873092579,133.23484682973972,114.38546639681788,133.92003837501943
2014-08-28,144.59107184733887,128.94414793724337,132.88151095027578,114.31405058152005,133.4560736091644
2014-08-29,145.5866067126683,129.6880575186159,133.4210394968589,114.32076102627143,133.75209817464804
2014-09-02,145.26708585735113,130.39101088719255,131.52701442854516,114.20489183286521,133.3001182455294
2014-09-03,144.31127211915918,130.23237500198778,132.0156962080783,114.40474942174592,134.2965508821734
2014-09-04,144.1534046638272,130.452318238739,129.86972342373826,114.57931192735562,134.28370919517485
2014-09-05,144.80555870240494,130.30208294402854,130.80983781939094,115.0374453490768,135.42563220942202
2014-09-08,144.75335745415083,130.6670092667496,128.24895191788414,114.18478205769583,135.00483211966937
2014-09-09,144.42639453825757,128.97622077982024,127.76427186985062,114.05971004610132,134.7793711934814
2014-09-10,145.53544516981538,130.27099743773675,127.68837449713675,114.59243046352941,135.01640501042976
2014-09-11,146.02923146622396,131.24316496415176,128.08697588042298,114.42439495565726,134.5175649633644
2014-09-12,145.41991303497076,132.15630603258745,126.23534682886346,113.82135452415034,133.8131052963503
2014-09-15,145.06002975997797,132.24222577626145,127.35274014847109,114.11537712207966,134.34138186763929
2014-09-16,146.05746335978546,132.43920373352682,129.53432621743582,114.96879059684827,135.43403458330332
2014-09-17,146.10504296266865,132.90431466649548,128.94156269291835,115.05484907664064,135.98432853215462
2014-09-18,146.73327951440592,135.23282815656748,128.72059908979813,115.31011919399351,137.07727309195295
2014-09-19,145.47073358310666,134.72431264628335,128.72321963606163,115.81104083076634,137.1516048422559
2014-09-22,144.69964065722067,134.17764705209638,126.99761482420845,115.93176335266888,136.83703147331215
2014-09-23,143.7415166648205,133.6863938811591,126.39724263166173,115.1702388626311,135.54161201986508
2014-09-24,144.85163873180096,134.8138284300809,126.46645633694892,116.48196017070973,136.69989364665906
2014-09-25,141.60309286656667,132.08384573057316,124.6236375566331,115.20243714547685,134.65533425203944
2014-09-26,143.433315283039,133.19973507495874,126.25762797823032,115.80613482141815,134.44654711407765
2014-09-29,143.56759819484603,132.56587748330898,125.66484946261379,115.65138825389896,134.26188968838866
2014-09-30,143.57351795191494,132.52634323215767,123.7910076570176,115.64327298497065,133.7559626909225
2014-10-01,141.85442741739826,130.86762648275152,121.4054140536409,115.18872308067272,131.8554146390721
2014-10-02,141.74962634093708,131.01781871828422,121.09847487335136,115.0974955559781,131.7485268912419
2014-10-03,143.04806056249942,133.95204512068818,121.3169010096858,116.28561342339651,133.4069650926243
2014-10-06,142.91598197249962,133.75820912810093,121.4036114689079,116.45825021767241,133.22570624624737
2014-10-07,140.90072233260926,131.1889562924965,119.88325879971543,116.30048396330426,130.90214205515275
2014-10-08,143.37187639468164,133.6672005855058,121.09624885124069,117.74187494019735,134.0383340158702
2014-10-09,141.56826420945634,130.2458201728238,117.13960353433568,116.8080369994783,131.68285893318668
2014-10-10,137.46032589475413,128.9290495784999,115.60319372338526,117.84608134620778,131.42869606516217
2014-10-13,136.20374818887856,128.0829842192733,112.18732930147988,116.47306559044746,128.32042633582563
2014-10-14,136.85671689034976,128.29239033514796,110.58399376719272,116.27143666782884,127.59430563497476
2014-10-15,135.23879979743384,124.40658736380624,111.62174671672163,114.4292106258691,126.08709507065474
2014-10-16,133.528390625779,124.23663415061885,113.45338060041816,113.06295207018174,125.66137472058985
2014-10-17,135.65811229997286,126.01510059351584,114.96841455809476,114.00342398567173,127.92336717714522
2014-10-20,136.2678740212484,126.9033426707175,115.84148125598092,115.58869804547196,128.6392595210249
2014-10-21,139.4776429451463,129.37776509137566,119.24482278809698,114.94342582942588,131.05399775201397
2014-10-22,138.20449447529083,127.93923349531549,117.08513386455496,114.9531998557889,130.64308125212648
2014-10-23,140.25239100274217,129.56800192446266,118.86229405196613,114.61720817857461,132.59799016599996
2014-10-24,142.09159761544586,131.03617336760797,118.34711467243287,115.59432221002936,133.96443945465663
2014-10-27,141.69945996327488,130.8178963026112,115.7024435325187,115.99396920039177,133.59996998184792
2014-10-28,143.4839501719349,132.60437706365738,118.48070933920897,115.99241881575016,133.86843462646448
2014-10-29,143.86836142803375,133.02489290309154,118.88402572985923,116.90661904845123,136.75133792608955
2014-10-30,143.4229600902775,134.6699176816307,119.18011225108889,117.33891544288966,136.83825938691768
2014-10-31,145.2017341021797,135.30912678029011,121.56241644995633,117.57179360202356,137.8215380162544
2014-11-03,146.2233543770691,135.89362146540685,119.04972176981249,117.6684226162553,138.19358174589448
2014-11-04,146.74762310250424,135.24493867324702,116.61544895022844,118.76020033441125,139.02468728729397
2014-11-05,146.7725378349108,136.34628672486312,119.58507841036987,119.34442702619738,139.22109816841427
2014-11-06,147.81366418653283,136.83488936749643,121.47813298087308,119.30639876576534,139.26311281626883
2014-11-07,147.85450529553407,136.66758142032464,122.48371296553819,119.65596858843756,138.0257948754382
2014-11-10,147.8189059422568,137.1102138765284,121.66597632643486,120.20288823483891,138.99021867098915
2014-11-11,148.1022092275609,136.62669064220947,121.93620179409183,120.1049479554037,139.7650207295939
2014-11-12,148.23978577716008,135.75816276131278,120.801590700928,120.4197855324652,139.7723432190707
2014-11-13,150.5305201789014,135.4429462694886,119.02109786693764,121.56368002786789,140.25481110838686
2014-11-14,151.9556101872417,135.25185624149424,120.15296667720818,120.93877628721148,139.00381038322575
2014-11-17,152.49663833473213,135.35261738440408,119.67867506481068,121.45221061638634,139.53909091874485
2014-11-18,153.0912136991377,135.49289838743422,119.88447767757388,121.79121753709931,140.61720274141746
2014-11-19,151.97679710118464,135.30369637523103,120.5245997276988,122.97376511011416,139.78911520383156
2014-11-20,154.38135584393672,135.06453497451298,121.67368281239688,122.62942756684325,139.7405628209327
2014-11-21,154.13113516199635,135.6180566222774,123.3322294346396,123.13282096557697,139.77761041033511
2014-11-24,155.1871742293924,136.53084866390722,122.36238008544468,122.89469850307859,139.500691952095
2014-11-25,154.97796382123929,135.7880462229788,119.78734378395825,123.24622093811948,139.9140975613016
2014-11-26,156.73183699886343,135.87469440679558,117.9337302537543,123.43397426741424,140.9368208299838
2014-11-28,157.70012719181764,135.61434076423546,110.50008699406153,125.41898415423634,141.8772314986876
2014-12-01,156.84060436521727,134.54601565645768,111.93820447878447,124.61075870335738,141.9787232961985
2014-12-02,157.31635406874454,136.60131252400882,114.20434982322038,125.27631791026985,143.30582861693736
2014-12-03,157.3417130667309,137.65211123241153,115.64345495299145,123.33872699489785,143.73630879312907
2014-12-04,157.4150712541106,137.63804695291418,115.20550905906073,123.27276182848905,143.34068061042774
2014-12-05,156.9112120252628,140.20042758045116,113.66791806493544,123.02329041852711,144.22188528594828
2014-12-08,154.61301529482844,140.33566445047288,109.96408173205081,122.96833472740165,144.53264637998453
2014-12-09,155.34994174593004,139.8885821577062,110.47537968173845,121.9296121295308,143.66330094516667
2014-12-10,152.58464678547713,137.13181864570967,107.71371987892326,120.91393541518201,141.86116019841927
2014-12-11,152.92195490099098,137.80780618741437,107.85242256304247,121.4027476419275,141.7403990188681
2014-12-12,151.1048296003636,135.17247689641707,105.40628711217448,120.16382673994619,138.9645429331705
2014-12-15,150.93622512522106,133.29914974117756,104.63202271383385,119.53793645274895,138.10366628336504
2014-12-16,148.784205767243,131.41543613816387,105.31514411166663,118.64718161132511,136.82371493077906
2014-12-17,151.11832768319476,134.27916008239035,110.18932377738903,120.74161146111663,139.45547198802387
2014-12-18,157.86369445085515,137.97645800020564,112.94560841115823,122.77714521102179,143.4286379654844
2014-12-19,157.74807334244855,138.1348528086832,116.27677699135867,122.51005123610972,143.6007719278343
2014-12-22,159.28717563788274,138.68449834150695,115.34130034110892,123.64207059799249,144.11428117476018
2014-12-23,159.95986447780425,139.91082243684193,117.03494814343985,124.71834957211641,141.5624977066234
2014-12-24,159.82264644784308,140.0407987468803,115.79014999332249,124.33925311385472,141.6841961004696
2014-12-26,160.2755477380913,139.92241175330017,115.4839275134318,124.70881850302007,142.23390849704737
2014-12-29,159.43297512634578,140.78605190921905,115.72340369888646,124.13144595278354,141.83257848706597
2014-12-30,158.0939090282552,140.7432496102936,114.96760477445913,123.69957385672046,141.99244558859056
2014-12-31,155.83933967489608,139.16670640089168,113.92133730814858,122.11581042063413,140.24532632249674
2015-01-02,155.1376986665248,139.2417527127831,114.16146905154356,121.81699957516909,140.4307805652927
2015-01-05,152.48906859585443,135.05739457317028,109.54288357978027,121.26711965782894,140.04329033037567
2015-01-06,151.1530550784363,131.48790777506198,107.45902017124132,121.08917636481426,140.8650563439942
2015-01-07,152.88153805465282,132.44501037341223,107.66442430455525,123.06207238838569,142.99115465464595
2015-01-08,155.944029777377,134.99214538008962,110.1369474319702,124.94290733553997,146.32814130241186
2015-01-09,156.07791163467056,132.5777657794217,109.41644478322586,123.71027035549945,145.3478646797015
2015-01-12,154.98831319575996,131.03275129835276,106.30887422377133,123.3562363326737,145.15064251151753
2015-01-13,154.8220295623523,130.3680585792576,105.7462790030559,123.41208632391681,144.38641763437025
2015-01-14,154.21048598200787,127.34864415609499,106.517478248103,122.52205065170625,144.28070861993783
2015-01-15,152.04750979142852,123.74451249602072,104.89637658087074,122.55433039935826,143.54107245873868
2015-01-16,153.46514074428498,124.93398034546446,108.68010758165842,123.31127333233947,145.57593474094946
2015-01-20,154.75969901999346,124.40566695867703,108.52696182302172,123.61853650798231,144.66066260246163
2015-01-21,154.47419537584938,125.2465212068673,110.28165658244657,123.34753853447815,145.13372185462802
2015-01-22,157.5864300215462,129.56838247446908,110.8738176177318,125.03117036550226,147.5016236304143
2015-01-23,157.16490503824224,127.6160519882515,109.82662280241237,123.52191148285605,145.79017421392962
2015-01-26,156.05934464335786,128.1364777796138,111.67430371932508,122.96881037274068,146.36702387797072
2015-01-27,149.11668142944887,126.36944090163213,111.64923473418821,120.74168063008493,145.28742191017608
2015-01-28,148.82410777361392,123.515150775006,106.78559627019118,119.45565001911838,143.42984423228418
2015-01-29,151.30604572034295,125.27532407964873,107.13196018028775,121.4636672088395,145.34375325122775
2015-01-30,147.03311962559786,122.97898557393623,107.2067283699159,118.67634182353324,142.17513658959845
2015-02-02,149.65876436167454,125.23965306361471,110.85060871669535,120.26513767832046,143.5949710287793
2015-02-03,150.51631128842317,128.0911813351322,114.44811112381103,120.9467560673798,144.98117949139706
2015-02-04,149.92059261019062,127.11600489408718,112.44239885733427,121.16395441189287,143.3910374085949
2015-02-05,151.91986265666142,128.24502809639424,114.04397640091946,121.8702581788567,145.1271547986949
2015-02-06,150.90894258636885,130.65343923177238,113.83605142827031,121.23358089325163,144.29306572549086
2015-02-09,150.90494921148726,130.14966785168863,114.09093272233935,120.28602650711345,142.68419634526353
2015-02-10,153.18354414356844,131.1515712971014,113.62566727070447,122.08655181225178,144.95454899900292
2015-02-11,152.54418489000483,131.28646734500722,112.8231758571328,122.48609976880749,145.23449356182186
2015-02-12,157.20332510546476,133.72904468871695,114.2126849140239,122.45662567783988,145.45299788833165
2015-02-13,158.13974978633212,133.95981360570423,116.62722287874443,122.09446033888898,146.02898666295897
2015-02-17,158.26876088043034,134.60551245279902,116.36294722138496,121.76457033740415,146.4970391613104
2015-02-18,158.405404660057,132.9991487158306,114.27830997948011,122.39240492830352,146.27994189719675
2015-02-19,158.08130292406827,132.71591156258296,112.78681471848802,121.26671938450582,146.38372465920426
2015-02-20,158.8612772238876,134.06062527593983,112.00714912328533,121.40970949213606,147.6441463198826
2015-02-23,159.36351562720122,133.2900578507754,111.59524031699345,121.823177452477,148.34163360691687
2015-02-24,159.80776047458224,134.94598713844573,111.63773552810194,122.15454328272524,148.3298398239965
2015-02-25,158.2257249535838,135.2783380855171,112.27725208079131,121.78821111810929,148.42420035795521
2015-02-26,158.96322931129367,134.88064651747797,110.11831131198385,121.93912437001424,149.09913505219683
2015-02-27,157.4848934044921,133.85321385247877,109.7661166260165,122.32636283546697,148.4116355918931
2015-03-02,159.30493597541903,135.60582007222172,109.17076431518315,122.42965468174467,149.1338408491007
2015-03-03,157.8123295594114,135.74378509996637,109.43885733290108,121.78202410556757,148.0935804237198
2015-03-04,157.41428323827827,134.90949420371066,109.23822094558497,120.80694604820314,147.93052966261934
2015-03-05,156.67791268826755,135.13845020085594,108.42637410463745,121.35433050762607,148.6124328792496
2015-03-06,154.2612334971227,134.1999283809654,107.03556221748205,118.98579522594402,145.81469949713332
2015-03-09,155.00248008440622,134.51623676159545,106.32256878359338,119.20330855584507,146.9707554018315
2015-03-10,151.4306830132104,130.91004215222705,104.86564244453037,117.31503418749796,145.03728427548108
2015-03-11,150.7682279194348,132.53717157284345,105.15974101084188,116.1634134200834,144.4379743130892
2015-03-12,149.28454939385853,135.65131890044125,104.71336296681055,117.71905159874103,146.402422182638
2015-03-13,149.69429972554536,135.00771322419226,104.34557705952909,116.8954909333873,146.10123138533862
2015-03-16,151.17057344336456,136.0821067768029,105.96586148721367,118.48048114772003,148.92379625806612
2015-03-17,151.0027891507465,135.88431890879664,105.20034517194412,117.68078748749593,147.31451325690935
2015-03-18,153.10962469276043,136.0756520759886,108.32004212291118,118.06310821042545,149.35328390848935
2015-03-19,152.71409240046177,133.87192750950663,106.6621107846502,117.18394358115494,149.74204219818085
2015-03-20,153.6955603151234,135.5002765059765,108.15852755057055,119.17435367996222,149.84637938748997
2015-03-23,153.74091136417636,134.49604794535125,107.4572900677631,119.5470765896185,150.76772420511293
2015-03-24,152.42980441109515,133.42921545996145,106.57029297235493,118.82878218087873,149.43016472154326
2015-03-25,148.5869249550122,131.4856108952495,107.7707838616043,117.77150218361143,147.87762443791325
2015-03-26,148.44489214136075,131.33982358557768,107.91470272995116,117.6745452106779,147.27024536067802
2015-03-27,149.7325815526551,130.99123792712206,107.27051628246245,117.48988328050064,148.34808808824982
2015-03-30,151.11383528475548,133.02666182318436,109.37615094223916,118.52403100769517,150.35484118369408
2015-03-31,149.90389341681265,131.97159804834726,107.85144906089339,118.03956206255822,148.2972894439136
2015-04-01,149.02197812242443,132.15763513080483,108.04526266259231,117.56673944027072,146.6654157567502
2015-04-02,148.6105528778939,132.872019990526,108.54140257282228,117.8340295674684,147.10784567082612
2015-04-06,150.5754116195079,132.60340435841877,110.74941236357662,118.77351144982318,147.28657235920522
2015-04-07,150.64918753058367,132.65071864296218,111.33455965896384,118.20355211562689,147.58828755953604
2015-04-08,150.80074840382375,133.19947594327596,110.0853042499777,118.41926451008138,148.02721646540263
2015-04-09,151.152602318243,134.0927001355537,112.03034578866729,118.58999165566505,149.18930721065863
2015-04-10,152.79527710894814,134.53199679983413,112.4788592811655,118.41206463699838,149.86846299295436
2015-04-13,152.205656328372,135.07379690925,111.55282090033639,117.95780190572138,148.55578570150607
2015-04-14,151.33096277561813,135.6637205615502,113.67436004115174,118.20060129347655,149.28100563858848
2015-04-15,154.54488748980356,136.87982986576793,115.90153159955989,118.10920838618995,149.2506389805347
2015-04-16,154.37488336783375,137.26742638073057,115.60841971494291,118.09880636345606,149.57319198353122
2015-04-17,152.1862721450057,135.19455857868633,114.79732991552878,116.81814135837152,148.00162924024986
2015-04-20,154.91142288916595,135.7081201374175,115.46355984866727,117.09282547346058,148.75423393185753
2015-04-21,154.5649045911941,134.6070485966321,114.48604061987393,117.44441087641573,149.193055082026
2015-04-22,155.50970096901423,136.00998775618592,115.02512205880674,118.08617410334325,149.6926275804344
2015-04-23,155.63307330506072,136.1548725686442,115.63007046178883,117.10118015708461,150.15918096778645
2015-04-24,158.70815197864582,135.5578716501612,114.48171422334556,117.12262797739162,150.3375214981109
2015-04-27,160.27484914434805,135.18786898541566,114.635655707074,116.60296984746681,148.21096314010086
2015-04-28,162.1647883260615,135.98894433568574,115.71406527237484,116.34901493999672,150.06561883526456
2015-04-29,161.36151583072416,137.47796726520122,116.67435887699469,115.56753453547617,148.36512934712377
2015-04-30,158.83567090223852,136.5450937346744,116.250499294111,115.32578445894221,146.59318587760603
2015-05-01,161.53587214459674,137.42905307212007,115.64974959197836,116.15744671510772,147.78959888382735
2015-05-04,161.4118934943261,139.1965498735648,115.53028077617502,116.53122746264177,148.99921162049893
2015-05-05,158.69835995841927,138.19931534966838,114.03331209855163,115.7278675093079,148.0947705059834
2015-05-06,156.82137901053224,137.0747469988838,114.11209488061714,115.78533539145594,147.14634970481285
2015-05-07,157.17394271150312,137.59802347312913,112.78816196162549,115.81454497280268,147.72087114829426
2015-05-08,159.8610078421469,139.79897040127278,114.10880909503925,116.79182330170705,149.77682422863776
2015-05-11,159.028283799723,139.72615347275885,112.0046599625611,116.2669348479113,148.84237483717453
2015-05-12,158.2980893044143,139.28058277855337,112.7605349636197,116.26923213945102,148.0822384776392
2015-05-13,159.1911305854468,139.8453376589187,112.23999140548197,116.12149445094695,148.0094261110279
2015-05-14,161.09142161358002,140.74947855087473,112.21723088609386,117.53287498520154,150.7627807594335
2015-05-15,161.17250197364643,139.98916433261678,112.27339845826583,117.89229214275763,151.40163902446912
2015-05-18,162.04291136067974,141.06370401193456,112.43239883007017,117.84319102061865,151.81371905875056
2015-05-19,161.50194620839778,142.53015371036633,110.90354142240481,116.99257389795366,152.73158133554696
2015-05-20,161.56703884272542,141.82086218022155,110.96769217195863,116.604942305678,152.93174577247325
2015-05-21,161.74854290646195,141.79722801573746,111.87849002456059,116.44083209766067,152.3824590943772
2015-05-22,161.1379564305911,142.21106622316927,111.11057282304353,115.88631575840249,151.216405676142
2015-05-26,159.10092917179205,140.7251565984283,109.45524220270389,114.66451772015245,150.09280866729472
2015-05-27,161.96493066378613,142.3511114453264,109.37457088161278,115.17292855905853,151.16218835305844
2015-05-28,161.91806369927787,141.94247850051983,109.36859447198269,115.15039800275193,151.61083513605894
2015-05-29,161.2579515849825,140.79018394648702,109.1953117165665,114.26715256680546,151.92870180761798
2015-06-01,161.1357291582656,141.4580672195916,109.0632764102972,114.46026600834824,151.7864618234978
2015-06-02,160.00198966341244,141.74607937702933,109.66568896615723,114.29786910254083,150.91750995201264
2015-06-03,159.68297056036735,143.48938892082793,109.21740251081383,114.11387738604388,151.06032722734815
2015-06-04,158.0803600359674,142.61279594373696,107.88059626631723,113.1122465453721,149.64594422573657
2015-06-05,157.29263530252692,144.70207487158342,108.54410469651357,111.88524605228804,148.90803255318949
2015-06-08,155.4261689419033,143.6445098216069,108.24462661417287,111.76347460601575,148.6520140279116
2015-06-09,155.16958716458075,144.5280811614127,108.16329364806903,112.37635820162181,148.59975270927117
2015-06-10,157.83229538300654,146.815209689999,109.70412256200066,113.2777264433791,150.0472813213585
2015-06-11,158.14043306092407,146.99522134489052,109.35204180101785,113.03567628850857,150.47675341021917
2015-06-12,156.6369307647046,146.61977738017842,108.23341502640112,112.4725291386761,148.7967580572314
2015-06-15,155.80412531037297,146.00291819218748,107.70077076817033,111.30872301097894,147.9725169811069
2015-06-16,157.36491089060442,146.8875345245485,108.43519666249786,112.43023776700821,149.43397112655668
2015-06-17,158.13197729014723,146.1022411408144,108.01102050807137,113.20025014485331,149.20773131339735
2015-06-18,157.99564722076008,147.0072782739739,107.95205238395944,114.2440699394258,151.52165154165849
2015-06-19,155.91254113675478,145.55386668535914,106.89596350682476,113.76862942836112,150.7479540895979
2015-06-22,156.26233761177784,147.70370651821858,107.18140281511278,114.09704084097602,151.40700171607045
2015-06-23,155.73276107136306,148.8562153310487,107.74225332556601,113.70643680455703,152.12009287906406
2015-06-24,154.9627191176361,147.14150194392278,107.12175042503101,113.20987199987023,150.22092856192643
2015-06-25,154.6781412263158,146.12753487176852,106.15029252993943,112.79774228674002,150.49118655906605
2015-06-26,153.1103926708189,146.58665784802986,106.27437533210444,112.88649323562518,151.48416328754655
2015-06-29,150.12286697245537,142.74366606331495,104.51454131345506,111.37476824393153,148.88343957643545
2015-06-30,150.03812754135018,143.63697918967574,105.14432438409625,111.02327362810283,148.81762363898642
2015-07-01,150.12301322737517,144.83526350732944,103.49047866053851,112.42883317212788,150.22187690158012
2015-07-02,150.49531778487665,143.93169082658508,103.7101915344694,112.50942174837681,149.51481285311087
2015-07-06,149.59872564281054,143.23596895579738,102.55081420183032,112.5832898323152,149.5577910362308
2015-07-07,149.4863497473689,142.21300515662446,103.51572888483696,114.85618377965234,150.36274660116888
2015-07-08,147.6091045745574,138.9200826003686,101.62444748754564,113.71940509025329,148.3782571965402
2015-07-09,146.84023205616455,140.30877657065872,102.03773503088331,113.23532865315174,149.052494602707
2015-07-10,148.46373381681173,142.14583793702212,102.40821086223862,114.07989389319928,151.28154722498243
2015-07-13,151.10483514053877,144.3788034091266,102.43052734135554,115.41281319904813,151.81684827685743
2015-07-14,151.31075832211747,145.70056473365213,103.50752263878633,115.63130030341145,152.9885309959653
2015-07-15,151.82976015849553,147.36579650238653,101.86668595639254,115.28648566443903,152.78138307899255
2015-07-16,153.3998388061459,149.0379937329647,101.64691247445641,115.957433355897,153.4703349529152
2015-07-17,152.62619881247034,149.28131351695308,100.51168833406645,115.60384363603586,152.94625058472437
2015-07-20,152.49874623835464,149.43353808806955,99.35071938999494,115.80066678655353,153.0784752540344
2015-07-21,151.5479252777834,149.24876022443658,99.53614436930523,115.038252723726,152.1809154811008
2015-07-22,148.57678359195486,151.44984007380813,99.16005410854333,114.8612195721742,152.31031793920286
2015-07-23,149.12558932100157,150.1075176098117,98.48243881074376,114.52926374344563,152.0057947217615
2015-07-24,148.71561170108197,147.995660925086,95.97072368151453,113.7179318274239,150.44397123476352
2015-07-27,147.65504132571863,146.42567786840092,94.20048821557295,113.59885215867138,149.80260026868453
2015-07-28,149.02113675445406,147.07574924908621,97.35897577821243,114.38234447569076,152.26091931725128
2015-07-29,150.19057301024924,148.57081989441664,98.49349131254554,114.83796129612843,153.44420732816587
2015-07-30,150.10700659157501,148.69378501686745,98.22297533341643,113.59912206682488,153.02508608622364
2015-07-31,150.1176437988941,147.40298825379682,95.20790330788796,113.56532688737116,153.81629966291527
2015-08-03,149.34789932379235,147.17728300227859,93.71819818030357,114.1868063942758,153.63716576119288
2015-08-04,148.55246762125472,147.2353005511585,93.59637518910972,114.32729138520452,153.346827761744
2015-08-05,149.00363706384957,147.59270865916864,92.9494047016192,115.36445840173424,154.2942667132781
2015-08-06,147.91624575811048,146.81684584321434,94.50073748335717,114.86685013610504,152.37334491591756
2015-08-07,148.0776851834062,146.2689928189199,92.07826202211797,114.15461266764824,151.90096827698426
2015-08-10,151.01757397073922,148.13037566010271,94.6388466842621,114.53238137330021,153.0652615839005
2015-08-11,147.0286760140787,145.89373762202018,94.62485134198134,114.25008692838816,152.05938291553701
2015-08-12,148.1452136237461,144.3255975083698,96.34256413668308,114.24370352539977,152.0022497681532
2015-08-13,148.39455679664505,144.8670009862098,95.33292978101267,113.80566379211221,151.97622798509462
2015-08-14,149.3457665187975,145.68461244596853,95.17580373526407,114.0710085992025,152.51071079880302
2015-08-17,149.94401010816654,146.05765400510995,94.52145301646469,114.05211328528111,154.0633486823119
2015-08-18,149.05290857046518,145.77131371851013,94.35655457299917,113.12246977941615,154.35540726992562
2015-08-19,146.98888896564995,144.57637229871463,91.33556156088326,111.74273744162586,153.19142104348228
2015-08-20,143.45309865328187,140.71295459112844,89.9411042080126,111.02857482039963,149.35567183976244
2015-08-21,137.65305401842923,135.4238358467523,87.06864465247808,108.5028380584016,145.14987721331894
2015-08-24,133.34695423040014,128.42766911001627,82.34666496799908,104.20284642073239,138.5973396187059
2015-08-25,131.27784388484895,127.20368405925109,81.06583045390664,102.46850081739277,135.223386345323
2015-08-26,137.90002722174253,133.07726938312868,83.22032642565817,105.4553790728313,140.72388576099456
2015-08-27,140.36392005737915,136.53644710307705,87.75741959103496,106.87323532517607,144.17822752173865
2015-08-28,141.48959441154568,135.71521965494284,89.68046445867272,106.59382142658849,143.68388392901397
2015-08-31,140.80247856459422,135.78764967171338,91.27947375797505,105.97448156382438,141.30555738067756
2015-09-01,136.08639477667964,129.987240010372,88.36762826738214,103.95383489573796,137.46695486082243
2015-09-02,140.15264029936586,132.17601908685936,89.1736283268661,104.89024928247335,139.42678525717764
2015-09-03,140.60965477008153,132.69555663845472,89.4933639523405,105.56507936660304,138.84960526152295
2015-09-04,138.31972942660323,129.84998336759347,88.01789939559089,103.78383340558663,136.36874587177462
2015-09-08,142.79194125208028,133.56365954511418,89.0825509266612,106.16219704520589,140.2640178799449
2015-09-09,140.61934760996922,131.9189570294923,87.61314954931044,104.27445083929415,138.0941797320644
2015-09-10,142.15097658896278,132.67319055625418,88.30483487825506,103.86985912739443,139.56975261839028
2015-09-11,142.85871119463428,132.5853752624764,87.69227618600954,104.03957455529411,140.24801160633598
2015-09-14,142.1445678550519,132.19978541917453,87.05257041909525,103.76309557695014,139.9113971945459
2015-09-15,143.96868370365937,134.67250382305426,88.01904302501529,104.72033286217221,142.22020483526293
2015-09-16,144.56108695859712,135.54529141012665,90.83216691879173,105.8349225346395,142.7599040499297
2015-09-17,142.48515501469876,132.57402843668794,90.93454688200833,106.06491478702264,143.87981750257552
2015-09-18,140.5562628461166,129.2728625489286,88.03230660706785,105.11986939719571,141.14613092992028
2015-09-21,141.88301713408654,130.54049603001056,88.56567948972541,105.85931165411327,140.39457064591622
2015-09-22,139.88774596824263,128.9725346683755,87.79717345713316,104.84403078923046,139.39640574399814
2015-09-23,140.1651015749329,128.9748808422865,86.498282272718,104.87816327215384,139.6877247540539
2015-09-24,140.3024848259708,127.53147471256649,86.97248355907486,105.52038242136052,138.69370878587273
2015-09-25,141.24740267882612,130.24606580846884,87.00636930612333,106.67458352816381,135.22432638699365
2015-09-28,139.34724769279694,126.59471391794123,84.28445010502544,105.7623561529634,131.7391241680173
2015-09-29,139.10450812745484,126.41536079368558,84.84620065598918,106.46215371972465,133.16898333359498
2015-09-30,141.9421139142883,128.09443482386106,86.87304142521602,107.38284814866734,134.90056582542374
2015-10-01,141.38138325705248,128.75689518160925,86.61479778560405,107.0112418109199,135.70875145608235
2015-10-02,143.21714636071644,128.2691795972664,90.34072703086987,107.96353854042742,138.3400676445843
2015-10-05,146.39991989843907,131.06536060435252,93.03997200131607,109.56707384161797,139.71820236021864
2015-10-06,147.63601949133835,130.78161996047618,95.69855241381032,109.63142140110472,136.11369537812683
2015-10-07,148.34329047061743,131.4060460258109,96.89406085230873,110.77083740121108,138.20617575057642
2015-10-08,149.18055599710053,131.5839941283574,98.93314783105251,111.68188225303335,138.38466596761612
2015-10-09,149.49737808198188,130.6040572725718,98.59148105973496,111.92570643732999,139.80803132857937
2015-10-12,149.36049206676984,130.53569288309703,97.47344386327687,111.84589405993243,140.387256325291
2015-10-13,148.89349085206646,130.37523364929118,97.03082233500012,111.15662026869208,139.24005238300364
2015-10-14,148.57259439604417,129.27509784613758,97.93705171463255,108.79874000721306,138.49436687167005
2015-10-15,149.76597559022375,133.5325561716076,98.99870738871633,109.13559647805819,141.14484472750922
2015-10-16,150.09304034623528,133.637003566926,99.01895037169831,109.70664645992075,142.34923940653644
2015-10-19,150.4471414002136,133.58557987430217,97.12849671888206,109.90037500768916,142.42328467241708
2015-10-20,151.2150524296453,134.03485168994285,97.41039998943887,109.76422633246924,140.99873696949393
2015-10-21,150.35785075571678,131.99927888903278,96.68108668909724,109.34378624465535,140.44416948886712
2015-10-22,154.01182323589185,134.30259555668312,99.5491788328714,111.569068115128,141.51277353252644
2015-10-23,159.10746983655633,136.3947743373664,99.4362008809354,111.71624949894942,143.40918812621717
2015-10-26,158.45702316077958,136.1144019592878,97.09201546085785,111.59062880050183,143.5698324524608
2015-10-27,157.90395019128326,135.37883003229186,96.15377700903129,111.49754685837708,145.52081962919
2015-10-28,160.37749763412629,140.10754877618888,98.53895828179743,111.31524133290014,147.5585444938442
2015-10-29,159.46270577312745,138.73617340091553,98.71247372496553,111.76088253111465,147.42989601494912
2015-10-30,158.26670167626713,136.74327700962814,98.89614996917365,110.00514184436403,145.65036162696225
2015-11-02,159.96004736532907,138.76483991418795,101.35287781472482,110.36151139291917,147.92163200184646
2015-11-03,161.24566996170373,139.4200756879728,104.15919940051843,110.70325089540127,147.58024237084817
2015-11-04,161.16101011821831,138.9666389869119,102.74096561686818,110.47028048676306,146.1272265181669
2015-11-05,160.57345115243024,140.06730392860882,101.58172051443431,110.59563451050458,146.40031550044338
2015-11-06,161.01589399821285,144.39318397013437,100.98952582977168,109.4509231050925,145.79426087776065
2015-11-09,159.25574215399055,142.87880866227138,99.34029171974831,108.87354787375811,144.53676772017315
2015-11-10,157.36689422127026,143.70187257565664,100.13765720228542,109.36264038658194,145.8011345562981
2015-11-11,156.06587110270675,142.81960467021793,98.24933618489568,109.30470846025617,144.71607510955036
2015-11-12,155.01550906567846,139.89527997721302,96.03500700283224,107.8309310248859,142.5925330237372
2015-11-13,150.6812423754252,138.63342266283755,95.43052232677147,107.01735044145897,141.8742667637572
2015-11-16,153.0210647919407,140.2905593921644,98.7846763086748,108.9218885450188,143.7272610868332
2015-11-17,152.9842439544685,139.6200989521451,97.4708001500386,109.23369820109208,143.63423855614664
2015-11-18,155.7600302431773,142.44208855582878,99.09301290733606,110.72911411013202,146.00717518444438
2015-11-19,157.8235595913334,142.39354984747266,97.61290648677483,111.42667631573977,143.39535314638772
2015-11-20,158.92884346176356,141.81182627972078,96.67045310504541,110.4496395103268,143.98195901978647
2015-11-23,158.02779225793213,140.55242742842947,97.13774870080324,111.26865902526521,142.69169799688862
2015-11-24,158.33014018392709,140.21955796256321,99.40422271339821,111.41907425914953,143.0602662926435
2015-11-25,157.6644614747424,140.19414388464153,98.26773570890931,111.21891595755882,144.25491376131353
2015-11-27,157.7841480104945,140.73784933507682,97.42350371178958,111.01998300582918,144.41830684605054
2015-11-30,158.19504781549162,140.17582320942213,98.22875537046983,109.68432245959121,142.8436256365359
2015-12-01,159.31856967496222,142.34786755468068,99.14291726449683,110.44886136329959,145.98469188287748
2015-12-02,158.20813425622623,140.52393091142125,95.99900657435172,109.70807492711445,145.06213911828772
2015-12-03,155.32501666936432,138.1274100725972,94.86019040580548,109.67460265512268,142.2535675696837
2015-12-04,159.87479172836748,142.08275877570787,94.85582720568969,111.62929760779166,145.21040329215054
2015-12-07,159.39591173649583,140.13857364653194,91.53255381914661,111.96596907785965,144.9277712878523
2015-12-08,158.68867923619513,137.71969618966781,90.4754264010336,111.195674038859,144.43265195225558
2015-12-09,156.9681668156565,136.59292171038672,91.47934400659489,110.55682264554656,143.2111636552034
2015-12-10,156.97664604595053,137.05520569261435,91.9229721222366,110.76049048397361,144.394174514886
2015-12-11,153.50875715744056,133.5060736713621,89.39851161665295,109.8703664791012,142.36535509286918
2015-12-14,154.8617351254951,133.61662790142663,91.4443898698497,110.74317863208192,142.88776449289685
2015-12-15,155.86702312112692,137.81519951104855,93.92489009231355,111.81653054353717,144.82755520892144
2015-12-16,157.75646158222497,140.76576539259028,93.0201766612793,113.73766899404363,146.6324081687064
2015-12-17,154.29523955047617,138.2414015796073,90.24147158909508,112.33055200375479,144.81359565214566
2015-12-18,150.6619963503777,133.82588636956754,88.47763588265128,110.06227309657885,141.651481895923
2015-12-21,152.2314661505969,135.39731605946506,87.90894288244118,110.99968478765754,142.70041939905227
2015-12-22,153.3611616986496,136.25652861397398,88.94898053386456,112.28368443163347,143.48964577125304
2015-12-23,155.12154921211467,138.2218481079399,92.66350001871669,113.15974801675175,144.93307660438305
2015-12-24,154.89933721885234,137.91538889522718,91.75755562961024,112.8794643648963,144.8943091597562
2015-12-28,154.40052133511853,137.22904936244734,89.99440869822803,112.85836691017121,144.52402588865704
2015-12-29,156.46756215582596,138.66386956087504,90.66512141795323,113.84543633150221,146.2609769950342
2015-12-30,155.15691532907178,137.30999643706772,89.4037947269686,113.60849056639984,145.4991914258727
2015-12-31,152.87447552116137,135.9021705895134,89.44972506307566,112.38061619797858,144.00474009441965
2016-01-04,150.62594464301523,132.7474706586009,88.7626129206326,110.94886172029345,141.33818601053187
2016-01-05,149.63707912224913,132.1860109532853,89.4594016979991,111.87748670862052,142.06753559799557
2016-01-06,147.6766965967637,129.70627967144588,86.64962999714798,111.47498390186495,140.50227469894813
2016-01-07,142.97125460883285,124.85919059253747,84.39983456281344,110.60986961280479,138.240771585497
2016-01-08,141.88658212611125,122.5463309674283,83.31526610290011,109.45458965526615,136.06983121925595
2016-01-11,143.6237607107863,123.59851739939167,81.4464727564209,110.07027414242927,135.95514618403996
2016-01-12,145.3042313059212,124.29274017238896,81.4994370224564,110.34499946560285,137.50354020944715
2016-01-13,141.32497115270425,120.25086061181578,81.0529870440459,109.00659442471992,134.4937207969472
2016-01-14,144.14073401898764,121.6610928896798,84.01736170582484,109.56880603213544,137.19726317902504
2016-01-15,137.90276835246652,117.0095713591868,81.54301453973804,108.14851219744648,135.31561717074726
2016-01-19,138.1899446321802,116.23874137523774,79.08291386459223,109.83692830581562,136.2019128326349
2016-01-20,136.56922903687075,113.30633940362121,76.57334278137266,107.60485724230276,135.4852621430704
2016-01-21,136.4737144477622,112.22040892519101,79.1093488819049,108.80471393591344,135.0366604753364
2016-01-22,140.2516136533223,114.99891901777004,81.97751849235165,110.26943545463168,136.18129656650254
2016-01-25,138.52030032952442,111.13468842076968,77.81462937608012,110.23243846615777,135.19038733549834
2016-01-26,140.57066875774237,113.60550326341982,81.1526019807297,111.16925084590612,137.44238929863306
2016-01-27,137.49027553091562,113.74715512784681,81.15343432443247,111.05625790805604,136.81618916826721
2016-01-28,138.2327586332673,114.69523116264875,84.45314358273936,112.28913474265225,133.14946470588708
2016-01-29,143.35472128998376,119.13378076014978,86.47972490161288,115.04156642068347,136.4966057858921
2016-02-01,142.338358950715,118.09897657365032,85.02079813912273,114.8034620041378,136.8406976777197
2016-02-02,138.3823998913578,113.28291217270771,81.85055234166725,113.55053025085455,135.49800584488725
2016-02-03,138.6578334292517,112.63339947626234,85.50982164103186,114.09981606797443,134.9044459717176
2016-02-04,140.16989936248427,114.51194940619729,83.87657512590754,113.61615806152501,133.78582206745943
2016-02-05,136.39084245095654,113.02828546851713,81.65217259834252,113.95982298294787,132.3798020573965
2016-02-08,136.04245232343854,108.51955815699266,83.80846698925232,114.44268039122625,131.67324474210287
2016-02-09,135.2184957385303,107.92425765843183,81.4019269150244,114.53668271905566,132.29088635868592
2016-02-10,134.63039649530313,106.93768654110794,80.7087300629805,113.67203024646528,133.3085814765733
2016-02-11,136.76755434997426,101.72281635609951,80.72599515336016,112.31477486741636,131.48447697789572
2016-02-12,138.73137163373278,108.10153899506223,82.8814606713361,114.09553207661725,132.6769730444472
2016-02-16,140.90501414563406,110.5978166072707,83.11550656412797,114.33025014352201,135.0247246270562
2016-02-17,144.15615138500465,112.057553781265,85.53549918519644,115.40135838367145,136.4197324686401
2016-02-18,143.40150991225678,109.97308092615063,84.83020533798087,114.71002511747423,136.3628681341769
2016-02-19,142.68814759882343,109.86258817600559,84.48306033512314,115.00693582719855,136.38818871987826
2016-02-22,144.37302842630115,111.97273522678715,86.6796720518648,115.65507452653398,138.6926057054168
2016-02-23,141.38431989907772,108.54045619505493,83.36278118233352,115.51622062132655,137.73357759985728
2016-02-24,142.56615458990282,108.2970291696768,83.91098898390749,115.51432160917288,138.39776077680384
2016-02-25,144.40991516011155,109.73729170739031,83.85499269578293,116.79611009360708,140.07258659723593
2016-02-26,143.72482589687854,111.56154661156828,83.93575296527678,114.4485247002972,139.33942984222978
2016-02-29,142.8313399866292,109.75660107827372,82.42326998070332,113.80940932271164,137.3741596093183
2016-03-01,147.32233397786848,115.02313549048056,84.09175670124877,115.2941657722047,140.09566754542067
2016-03-02,147.65757248487358,116.48840927156215,86.1766042014373,115.36188322687333,140.18921947303778
2016-03-03,147.65019068841966,117.32407620141545,87.84965628787637,115.89574643316934,139.66825931612746
2016-03-04,147.8803496980224,117.81722746710103,89.61629682517356,116.76591804773673,139.70448830689315
2016-03-07,148.026015522457,117.39296015780654,92.10707508425608,116.61476134447766,140.13395382230928
2016-03-08,147.5177381628387,114.21837392071038,88.04345023403006,116.9206887750046,139.4615359768915
2016-03-09,149.38423141442286,114.17034366491288,89.43644508320658,117.2394639854926,139.88742588184581
2016-03-10,148.74224944065688,114.35938209203229,89.70356205666658,117.44733363252111,140.23887171301058
2016-03-11,151.3563831473239,117.6139051571277,91.68145669201651,117.36854677916757,142.98970976036176
2016-03-14,150.8077140852353,116.93771007654516,90.95875752104139,117.11758738599609,142.6563962569184
2016-03-15,151.85076242235067,116.6299102110345,90.63270615646776,117.62247515342774,141.29033352136472
2016-03-16,154.1253035531994,115.44153193880081,92.17117135283019,117.45425188797189,140.67111602799721
2016-03-17,155.17540382315835,116.32204328520888,93.89233857317706,118.69621461862681,140.55785847873528
2016-03-18,156.0446170287496,119.15131088447795,93.60356092390883,118.62233991772548,142.09943655231473
2016-03-21,155.87643637819588,119.12588896189555,93.47412579186835,119.11043704898061,142.92232841104894
2016-03-22,156.14434667459943,118.32159318857471,92.77962386149525,118.34597158549538,143.84620797235448
2016-03-23,154.63237029782616,117.10700522607058,90.86535883035448,118.29612438015033,144.21594617391324
2016-03-24,154.8313079066208,116.22378305042335,91.14214785885726,118.57473564618618,143.76701644521054
2016-03-28,153.99635861456616,116.11203132567796,91.10935869215345,118.72446691438365,143.49449531601599
2016-03-29,156.1433520037617,115.38526407002453,91.54704123164072,119.39286730857843,144.8789493489548
2016-03-30,157.8081678791525,116.3497608328079,91.6632762384701,120.06195994579632,144.89370415922772
2016-03-31,157.36467016651235,116.08827797669426,91.14593371879687,119.6754874300413,144.05403940124793
2016-04-01,158.38001301777,117.27937832983166,90.03037858064087,120.94642810675423,145.61257125245987
2016-04-04,157.50986677206313,116.4234224587281,89.30486193788077,120.89449638336878,146.4847447608288
2016-04-05,155.5045044001191,114.40456905448086,88.99147041118631,120.35889536744703,146.35791071658718
2016-04-06,156.9673570984126,115.16364809996624,90.72002839120564,121.0632599838313,149.6311200377047
2016-04-07,154.33873301665542,111.71589389848337,90.08322003754276,120.0939450115203,148.7456233568157
2016-04-08,154.83030016537805,112.09008079389066,91.94057340031162,120.77963071813701,147.9844298421883
2016-04-11,154.8618695999522,113.05275430447679,91.88159694836351,119.96381806810317,147.45782820968964
2016-04-12,155.68276205388383,115.09344353635835,94.93541567645875,120.83808328189383,148.20113296937336
2016-04-13,158.14677000740696,119.69468666309398,95.54290832151622,120.21935011568998,149.72839479649363
2016-04-14,157.81337693431058,121.0487021429254,95.98858772051295,119.62489949937658,150.24575210223918
2016-04-15,156.44833047034484,119.87067514098402,94.77046514342278,120.23440363315969,149.81401806458666
2016-04-18,156.91070722319836,120.78696474084387,96.53044198196616,120.74245752334853,150.80253850227962
2016-04-19,156.6746726838726,123.01598731667194,98.83032489497722,121.29928157914063,152.29027145343437
2016-04-20,156.843446237566,125.72535231020923,99.63035674958475,118.54212274437876,153.5823161375911
2016-04-21,156.27704274062086,124.89965702181041,98.95483300117299,116.9071526472652,153.3143743241816
2016-04-22,153.3068113800253,126.09594559869663,100.1938842614852,117.76352386715733,153.75997531330452
2016-04-25,153.23327714296866,125.2435246429506,98.90371389323232,118.55646849173158,153.34516781053696
2016-04-26,152.77723525224474,126.12824549001304,100.75439936924234,117.65799497565025,152.95196612823557
2016-04-27,151.2631213059961,126.38002205742778,102.0424818036108,118.00489692597102,152.65213974049
2016-04-28,148.00756024879934,124.80988562392123,100.63133523666828,118.47483146576579,149.63820655316934
2016-04-29,146.0171971034909,123.78405266822826,101.04403806865072,117.88835758278596,147.65287005450386
2016-05-02,146.93253493329004,125.20063576311655,100.83960072982114,119.07677964038913,148.21458782927473
2016-05-03,145.69420577620525,122.68214876649756,98.38337083701838,118.69181697381612,148.7461379244159
2016-05-04,144.21228962706354,120.42419085724553,96.7777332356492,119.09495770163173,147.76756128159502
2016-05-05,143.71523739253487,119.85543634075238,97.25433035302264,118.96448635984326,148.07652119770006
2016-05-06,144.4313269440433,120.12347093344292,96.55019256571357,120.00060136598087,147.31220226636754
2016-05-09,143.98048658478166,119.21446159424076,95.16186089657779,120.2545894932478,148.20204703929537
2016-05-10,146.0986091546113,121.42769478377329,96.85462200496848,121.02099935556363,149.05338962583892
2016-05-11,145.12672425790674,120.50922480935205,96.9655902324923,119.66311446824169,147.48737928761716
2016-05-12,144.50957955370603,119.99188765151554,97.48052370824871,120.40100546001536,147.1525821565868
2016-05-13,144.1674336506634,117.96100981614283,95.79606848089527,118.35541558241607,146.37179114206228
2016-05-16,146.86404154690695,118.26596013058237,97.67372583129774,119.11081366887106,148.06283184356695
2016-05-17,144.97726824439852,118.27365107411197,97.68585275839786,117.2401522976223,146.75281066099694
2016-05-18,145.471984654294,122.83021721590622,96.58800236387985,115.59966425933924,147.25079282364945
2016-05-19,145.19253322380231,120.93832721499508,96.91333862625,118.02504689836992,146.68654187908487
2016-05-20,147.03716853166858,121.03685797900619,97.32229168973959,117.57913154933676,147.72637032763078
2016-05-23,146.9429671686829,121.17010416297316,97.31359213694417,117.6168753434091,147.1392463925795
2016-05-24,150.21179052354154,122.91957823108655,97.8798285240061,118.7293051581477,148.98848824526002
2016-05-25,152.0154549019618,125.49426839301758,99.69880788200922,118.89834706412559,150.63704135790567
2016-05-26,152.061849526796,124.2964961101019,99.2764664133174,119.24337793673025,150.55594950817112
2016-05-27,152.48535685222726,125.10806884366261,98.88740879959074,119.36728287948011,151.35251370035343
2016-05-31,152.98816287316336,124.83517437965061,97.95734361705935,118.92359449517245,151.39388989807915
2016-06-01,152.42807630147587,125.50995550027557,97.89190855424562,119.46149627417036,151.59485645160672
2016-06-02,151.0601430224596,125.65286138429244,97.59332423924977,119.84640256623919,152.7863312553127
2016-06-03,150.98737448254008,122.46410042801321,97.35274412443538,120.32794047010395,152.51299479676734
2016-06-06,151.69336457560513,123.43042015831938,99.52747959849255,120.77349980141517,153.5621235382503
2016-06-07,151.72073733173747,122.54563279954147,102.4097306978951,120.47530905756881,152.9238758707764
2016-06-08,151.85712171091538,122.54925679559281,102.52782141329195,121.07919947136283,154.39203466965924
2016-06-09,151.69973225020854,121.00335198595246,101.64471701357847,121.5056561914666,154.55861975884153
2016-06-10,151.1073909814691,118.54022346809099,99.33723094843026,121.50301171202808,153.6589515513215
2016-06-13,149.69631937828444,117.15387521249315,98.94751627787127,120.43532359133422,152.05221506905204
2016-06-14,149.80757496149351,114.55889476595618,99.29278340531349,120.94447862630595,152.22376690792382
2016-06-15,148.5092973958721,114.63025506291041,98.5470995924931,120.65939401176816,151.45795181201663
2016-06-16,149.51086474814042,114.8392438720165,97.94588770435627,121.34161266316734,152.6100612263205
2016-06-17,149.62980784859792,114.9353710875743,98.85588283453163,120.57092595448471,150.68333506527435
2016-06-20,149.79076443932286,115.87772913130752,99.97244839005326,120.75627442672854,151.8131821299704
2016-06-21,151.02058465483702,116.53741904137371,100.88744336247362,121.28653238261373,151.9104812369573
2016-06-22,150.72378250290586,116.13981411910537,99.88205244927218,121.35916905723137,152.91514221079757
2016-06-23,153.237306179894,119.51234679933806,101.73666818932914,122.08735399139417,154.59505168974448
2016-06-24,147.06767937187703,111.05605526729674,98.0332797733318,119.57424224327579,150.85101846854812
2016-06-27,144.01049884232677,107.20225380680668,95.5311442049517,118.87553002473726,149.8287717297208
2016-06-28,146.5296081593313,110.88543031880296,97.92714667588818,119.8456636346063,151.81877231570843
2016-06-29,149.68970570281266,114.18807395808234,100.23269393867511,121.2025976399807,154.61958272612767
2016-06-30,152.0026496642995,115.4859626623577,100.95915258895458,123.20987938890377,156.35325510830393
2016-07-01,152.09973877101953,114.54173908049215,101.24956963182355,122.90059938595368,156.95718821048936
2016-07-05,150.91624789536354,111.53101853326126,99.15368772547424,123.66726190324111,157.5317460212152
2016-07-06,151.99218573613896,112.5209022490306,99.78014112169149,123.57521097422055,159.59409972763027
2016-07-07,152.35588063742043,113.34713504654064,98.69343478812405,123.72852661870408,159.33525581613034
2016-07-08,154.6777061641245,115.47330550647277,100.01083825503008,124.73234614009507,160.5592557683818
2016-07-11,155.40259702223543,116.2964535303377,100.17931735330743,125.13339982222126,160.56179685736402
2016-07-12,157.09415574944882,118.71087112256753,102.26692649968592,124.66293061031209,160.94902685618305
2016-07-13,157.33575600045307,118.57239270681387,101.28263133506663,125.34226029361038,160.99154420784188
2016-07-14,158.43543595779812,120.93929239792212,101.62531715146876,125.42845470844067,161.72582909176452
2016-07-15,158.43154496992565,120.17250751889401,101.62372368551745,125.36111729589226,161.5111344710495
2016-07-18,158.9007220704214,121.5504414084589,101.15647846000937,125.21894638308378,160.96301640489054
2016-07-19,158.07496025128583,121.41041553084612,100.42718399907781,125.32139480530276,161.51731404417447
2016-07-20,161.14950127923495,121.91576617278376,100.50539376337457,124.76497425240096,162.3501033867002
2016-07-21,159.439619769641,121.00293027266424,99.67563002297875,124.46116842759365,162.64211237061218
2016-07-22,160.13892158315252,121.48015319667664,99.89602768953927,125.2029501679407,162.93905090662417
2016-07-25,159.97452480007283,121.17074941812503,97.99622126052112,124.98583071591855,162.53064989089944
2016-07-26,160.06265357673985,121.62235742058498,98.44390213920938,124.1739390244653,162.66688852812538
2016-07-27,161.45139574047366,121.93782209233636,97.5426156298366,122.58070653875328,162.7672034506069
2016-07-28,161.79641576854988,121.80923117833402,97.21973402573643,122.93500113297429,163.26246436363164
2016-07-29,162.00319179640522,120.95327952808135,98.1521518144368,123.63493313420231,164.10991957226523
2016-08-01,162.80791827803688,120.22987989405362,95.01974707172974,124.27247695798567,164.99527765476074
2016-08-02,161.59018450498525,119.2270384448818,95.85082635932241,124.07261005992048,163.62157299257998
2016-08-03,162.03381780966077,120.97367861254662,97.16928732634156,123.42785630819475,161.83974929764955
2016-08-04,162.84511716443333,121.00171018414633,97.65246727474756,123.81921301448577,161.6682444248168
2016-08-05,164.47755586966088,124.68789624040228,99.50649593538678,123.86843051599708,165.78764761559154
2016-08-08,164.85533133393517,125.10780679746843,100.77678033505664,123.53041602175716,164.25856330351522
2016-08-09,164.8332981908672,125.19127183294339,100.4468560956665,123.83264330931752,164.11994978820655
2016-08-10,164.01382938390643,123.51988065646955,98.92628700250424,124.28264806950533,164.11595061873686
2016-08-11,164.5513784703976,124.14208490302983,99.98054790893264,124.37192580452492,165.03985501077324
2016-08-12,164.08345933596186,123.79017965626117,100.51148141368293,124.7021598454159,164.63881574421396
2016-08-15,165.4822998883685,125.10447228670851,101.08063258699116,124.56635011475394,164.2924607721095
2016-08-16,165.21900587786277,125.57782738021761,101.31001430860647,123.76834459394597,163.0230806611856
2016-08-17,164.5486969209722,125.7100771704822,101.49633966693112,124.21479090133434,163.71733361834978
2016-08-18,164.1693871008601,125.69728228051433,102.87518583860158,124.80096587503189,163.65505102945218
2016-08-19,164.7053242710299,125.86658893746959,102.11826233918143,124.10261088909186,162.9827688543531
2016-08-22,164.62905053723787,125.84202293306215,101.3210892083614,123.78776584905708,162.69521705918493
2016-08-23,165.4949633466152,125.93354045098579,101.4224792368783,123.75316098540141,162.81151677508706
2016-08-24,164.78869254683102,126.11852652636044,101.26259941767586,123.8100888195804,160.89446319810068
2016-08-25,164.98534518717435,126.37166964551763,100.88280656700302,123.56675345354178,159.76274278538648
2016-08-26,165.0642670596531,127.14174609448258,100.37492413683304,123.09946708853911,160.15325829759706
2016-08-29,165.62076855096961,128.27336862664924,100.94767116203352,123.75301437468839,161.09196387098496
2016-08-30,165.34457478368597,130.32990552195486,100.38622893593501,123.05920887828057,160.19985465779243
2016-08-31,165.12924384329003,130.26887644156633,98.75643678529381,122.98681496423502,159.33448491445697
2016-09-01,165.61867830180765,129.3554611792491,98.40515332810679,123.80652675984021,159.350732753417
2016-09-02,166.36486662939538,129.74198569889947,98.80846998272386,124.17773704988846,159.58425298242932
2016-09-06,166.8146750088194,128.98136123111007,100.77444158987467,124.68439208367383,159.73459037625744
2016-09-07,166.86398245434896,128.7853933726552,100.87196588788726,123.41943130497548,159.14737231653098
2016-09-08,165.07316738000364,129.61994580152088,102.61080558743873,122.95361719060432,159.25593104007748
2016-09-09,161.5081927392556,127.77650243166174,99.98299842414222,119.86315988379381,156.91151590300407
2016-09-12,164.44002460155596,128.8124478668656,100.86983336662063,122.60633314687635,158.7784076096022
2016-09-13,163.69300719352304,126.39815206413421,98.04776567979297,120.9451813820457,156.14457059168876
2016-09-14,164.69813998817662,125.74841496794218,96.61684340499325,120.96687012202725,155.9568172350572
2016-09-15,168.06041076094013,126.17178527602152,97.61281673897885,121.88334951213116,157.55296049680086
2016-09-16,166.82669649604853,124.50633549412728,96.85296663912011,121.81867170569636,158.4562004033818
2016-09-19,166.2599262316735,125.25306469218549,96.27001560988788,121.79142612657982,157.2192699234216
2016-09-20,166.11914934371407,125.68307400436956,95.6998949218607,122.19069819015147,157.6356256186332
2016-09-21,167.59811037075656,125.79225262737286,97.73218233081153,122.52601867711263,159.53471019216687
2016-09-22,168.35895538724972,126.12027438728065,98.25026861401959,123.46881410893198,160.21017459311742
2016-09-23,166.6689597429794,125.53710745498296,96.67740622122015,122.82441322317621,159.96535710427332
2016-09-26,165.47048691302194,122.59467165746165,96.3478706322185,122.0872769469265,158.1308081813679
2016-09-27,167.28697866592935,123.72111443792603,95.92970485759726,123.00649169099731,159.6452348212356
2016-09-28,167.96200622085763,124.46988276260547,100.57830818011355,122.89663888816216,160.09793719469428
2016-09-29,166.57798705912356,121.94811317646679,101.0773023259828,122.10925126106567,157.07490932685386
2016-09-30,167.8228099493146,124.15367527175005,102.19530919652287,123.69057032958932,159.10349025721672
2016-10-03,166.99994529793838,123.7038245075162,101.97007205306849,122.89110567343116,159.0166686065401
2016-10-04,166.66945542473525,124.52432771873092,100.98590613358563,122.07045047322795,158.61446732829293
2016-10-05,167.81203497418954,127.22971966190038,102.732518159595,121.97242961823662,159.40627023382402
2016-10-06,167.83341322170358,127.91296118153429,103.29227574476351,121.42279038178496,158.89480717880656
2016-10-07,167.79601605509177,128.4660727719483,102.92328369944393,121.24586122864946,159.04097380303264
2016-10-10,168.37237821204184,129.44200147107446,104.18969323684829,120.64501403885053,160.53320587059295
2016-10-11,166.29547057980753,128.30704929928598,102.91121449455522,119.9009517679805,156.00454831784631
2016-10-12,165.7063848480221,127.92616546643617,102.64742623518077,120.26477050942843,155.84413148213517
2016-10-13,165.1485212874835,126.73375221483356,101.46854646684335,120.31224079719026,155.84829937296095
2016-10-14,166.39201800170892,127.44351768064396,101.02212440155765,120.64652926966706,155.17692990939693
2016-10-17,166.05143437116706,127.03887904526093,100.56754885853923,120.28896803100848,154.85724565340618
2016-10-18,167.0484036558633,128.57835854731115,100.44853708471398,120.60052990329535,157.10095411832665
2016-10-19,164.73142786065242,129.87199177217911,102.08703014366012,119.89396293608617,156.00932771793987
2016-10-20,164.05035680753238,129.8428365773857,101.76165156257919,119.24997986630439,156.7739369502236
2016-10-21,164.89460625226948,130.2138815817392,100.69573841983338,119.00359625326607,155.55225667191792
2016-10-24,166.6702245394341,130.83530284310888,100.87947803456201,119.89537909465496,155.10712668974284
2016-10-25,166.63056825609374,130.91518837017674,100.42468574505092,120.83798723080268,155.5962982743896
2016-10-26,165.70052266930048,131.97038649933003,100.42434374804847,120.92780015032696,154.81974477855425
2016-10-27,164.7259247095889,132.27898696944635,100.99754622431374,120.26836274511822,155.6105488965754
2016-10-28,164.49951357590268,131.48384720917397,101.42547010029661,120.76229246614348,152.81197798049072
2016-10-31,164.91030755493153,131.07775272826453,100.23887244543879,120.95255135223584,152.69548934803117
2016-11-01,163.73703526683073,130.99287591024432,100.97541662649058,120.32199216990062,151.65119982585983
2016-11-02,163.17685630231526,129.81854289155723,100.28666534707953,120.36801450434933,150.4904421062747
2016-11-03,162.07447264549066,129.52090620043975,100.94079802968021,120.15574866615721,149.10019295439292
2016-11-04,161.03848236439256,128.9198949368638,100.19236615993438,118.85201414624728,149.95539782640287
2016-11-07,164.95773674371736,132.60384891617943,102.43013161647224,120.50741110947776,152.87609536438464
2016-11-08,165.32455467688334,132.83917727739558,102.6799381140149,121.75520036071114,153.01603272774358
2016-11-09,165.85532337800842,139.46441425419172,103.66288160382983,120.69565451940969,157.85736367958086
2016-11-10,163.52624865844916,146.38628022352782,103.26028947676866,117.21256398319402,160.75221137408576
2016-11-11,164.27538663675463,146.88551536137368,101.73774100234621,117.44987970654745,158.79226666735303
2016-11-14,162.71234180757634,152.2326605475681,102.01918733716408,116.42057328518376,158.4050646160061
2016-11-15,164.2037901547791,152.65741201960296,104.42422710950801,117.16353551810117,158.72465925151621
2016-11-16,165.76577672008727,149.58989695062465,103.74746613461127,116.95198573738122,157.9203309982318
2016-11-17,165.33831816765377,151.73624991379023,102.34932367876806,115.83451544977504,157.981010586525
2016-11-18,164.969810708535,151.79525933525494,103.25960092038413,115.08384514357559,156.27895676633256
2016-11-21,165.66030045758023,152.1758274450669,105.47632137200658,116.13703840665475,156.6260170038924
2016-11-22,166.2858940902083,152.68768151827922,105.33253087314837,116.60918998434906,154.54803033534557
2016-11-23,165.27012317360683,153.6667847688834,105.9250961752584,116.25404355934926,155.67100949702984
2016-11-25,166.29594889341234,154.28874282859752,105.4707855872157,117.17335071905346,156.51407728497728
2016-11-28,166.1770175642814,151.788529268576,104.49179274930917,117.28180996380439,155.40620945932466
2016-11-29,166.32647030726199,152.4003490746568,103.0271325009599,116.93145497579553,156.90997273585242
2016-11-30,164.71281243214142,156.31592177864965,109.0916192784564,115.03400553332904,155.90301683316915
2016-12-01,161.30388187970235,159.88335442933882,109.90002312675664,114.54353621693664,155.1776665980909
2016-12-02,161.44835982804165,157.80095634213222,109.63976694491835,115.10755345969872,155.90310689544563
2016-12-05,162.66556479393387,161.24654322214383,110.14803687122698,115.10854795766303,155.2438973587175
2016-12-06,163.27941629411418,163.3573014777668,110.30659897867791,115.53076868348006,155.19401490071445
2016-12-07,166.50087342183616,166.36089749152345,110.77289931840176,116.98006507898502,154.90979168015681
2016-12-08,166.84482954861687,168.78846014640808,111.25493920188899,116.29744717819828,154.80721461666977
2016-12-09,168.23376332782277,169.0469313387338,112.39640537192929,117.56495814094777,157.06536264352437
2016-12-12,168.46283551116068,166.30866174888047,113.35675195305367,118.67848999456585,158.75427233187546
2016-12-13,170.91826162319433,166.68380612755612,115.129383477636,118.91221862189576,159.7609651291529
2016-12-14,170.47857141319884,166.0831663934738,112.77320507139055,117.6108645653199,158.87063223735817
2016-12-15,171.00814673476603,168.4573875925567,113.14093060912197,118.10671590468172,159.5857081114437
2016-12-16,168.93532266253365,166.5693669680835,113.57551329229543,118.30936444150639,159.68572759025335
2016-12-19,170.38999418711464,166.39820596253102,113.10642177170769,118.31453569462265,158.78329125655998
2016-12-20,170.61036140520943,168.89308247325448,112.95204130174183,118.35280859323771,158.25726331616085
2016-12-21,170.12648696472547,168.36809332336682,112.97576194089028,117.86299286792654,157.15862687359626
2016-12-22,170.02067941218175,167.98447615032103,113.50005059765103,117.6193737624183,157.30499410364064
2016-12-23,169.8799318124117,168.65896355333638,112.84756233241777,117.67373938197952,157.96148607706922
2016-12-27,170.41107526899097,168.83675848566983,113.01478651609693,117.55044584524776,158.1909327153951
2016-12-28,169.29327281298998,167.08661470200832,112.06939396911982,116.89079507302931,156.97471465924718
2016-12-29,169.31720144273328,165.3568111552379,111.76768746835364,117.25285499102434,157.09127042007376
2016-12-30,167.80692329984015,166.02816390311042,111.43963758228057,116.81090167903776,156.80187700816037
2017-01-03,168.88821260747494,168.51434984887447,112.59610488975842,116.92051847906006,158.95613332835921
2017-01-04,168.20376128401278,169.72285210273128,112.73643846859534,117.35773169517954,159.51575120712798
2017-01-05,168.31079610838836,167.64001545753356,112.32405607884199,117.79827570061943,160.4743863411831
2017-01-06,168.99965503940356,168.1729206556255,112.67043024858847,117.60692274350339,161.20050209464694
2017-01-09,169.7760725112941,167.0553249304065,110.97211791964652,116.77534432211702,161.50637993414793
2017-01-10,169.6376770122572,167.92569299561902,110.29958312775616,115.503583023667,161.18254900228933
2017-01-11,170.64754555647679,168.77039340321997,112.0052992959128,115.61821306186629,161.0155121394029
2017-01-12,169.92411875003265,167.3658865748063,111.4702745776754,115.59578070524603,160.87337596481882
2017-01-13,170.07314176593133,168.46256346480712,111.58166572855903,115.26212165497161,160.9109966659912
2017-01-17,170.0353566712888,163.01391383716407,112.07207388371583,116.79829642899153,159.83729774329947
2017-01-18,170.10287800530168,163.56732017989495,112.0383699888586,117.04567233326195,158.90845186567307
2017-01-19,169.71934790255335,162.54196012859842,111.26712206117493,116.35937370877481,157.9187546182149
2017-01-20,171.0720787488984,162.932341480883,111.84197456145218,117.5813095617303,159.1653519150405
2017-01-23,171.08759487963587,162.16378828769805,110.21297645884063,117.36358101945734,158.40911426421016
2017-01-24,172.8868106051139,164.14302642772375,110.70492766971036,118.54162243579242,157.43871639650226
2017-01-25,173.8459549630361,167.45491543437302,111.41092672848929,118.33422366007093,157.9653530598871
2017-01-26,173.99243603883104,168.30409940414089,111.262218142019,117.77932336935832,158.55375378634767
2017-01-27,175.5603885915895,167.39551590329407,109.76721231046345,115.85325679167215,159.4950404673833
2017-01-30,174.43357583034427,165.43552638187492,107.76028987628834,116.08362419582394,158.9793603312898
2017-01-31,173.30823689118847,163.49388892152336,108.11106932067436,116.56770433691015,160.3206627648555
2017-02-01,174.08428637945212,164.05614471110545,107.42001336586102,116.0214033914798,160.8618022307061
2017-02-02,174.8514059382853,163.50155654855737,107.40750902143571,116.95302113689148,162.03059731572583
2017-02-03,175.68146908576279,168.75036498224605,108.73932966638671,117.21480784583376,162.72027978093166
2017-02-06,175.43901114212255,167.7149969615979,107.93916191501422,116.89715082349403,162.58287999367224
2017-02-07,175.87646135397125,166.93973310545277,106.49933508862395,118.03862180123663,162.4405313016278
2017-02-08,175.7467587315004,165.1197727309147,106.50261592557919,118.54529224054393,162.1234304317874
2017-02-09,175.80156321724292,167.98651055904512,107.20281502525353,118.71250809371014,162.728634836037
2017-02-10,176.0705812764228,168.30814914910462,108.2748517894446,118.20352077729248,163.12400560616186
2017-02-13,178.0100086519762,170.61339870103288,108.05321449711636,118.32139650648313,164.50077574068368
2017-02-14,178.90615253035742,173.61104548247985,108.2925131165945,118.55850172244142,165.7892404444991
2017-02-15,179.96801788817265,175.64132346750608,107.76494013634057,119.65841724884763,167.04722655182243
2017-02-16,181.28993027016554,175.13616277026105,106.44726608076904,120.5319228507517,167.48073824242152
2017-02-17,182.0771133731796,174.92668126623943,105.50646897801677,121.8519502482302,166.90583603420862
2017-02-21,182.90947258014464,176.11022023571292,106.18284030035927,123.55274506153799,168.0402383289547
2017-02-22,182.65951701640896,176.24682054025732,104.55255550100422,123.78008193893353,167.87340942650982
2017-02-23,183.09710567525315,175.97821910931123,105.19280816537785,123.94320437910282,169.9589412373805
2017-02-24,183.9664474269616,173.60543380299765,104.36902309888131,124.07092796319246,170.9120547792228
2017-02-27,183.33203861061548,174.82733517744893,105.524397864788,123.37584961392392,171.0016506682546
2017-02-28,182.71398584409275,174.64849909669627,105.32211826678575,123.68058146153713,170.51344066492484
2017-03-01,184.29777475077498,179.73925595284317,107.84145422826074,123.80837166149301,172.36345188461917
2017-03-02,183.4512655014305,177.41775359996734,106.75968051656801,124.07692330118203,172.2681865253484
2017-03-03,183.51734483875856,178.55124150102444,106.36316750964187,123.76577784735146,172.4349384142714
2017-03-06,182.8656385911785,177.230355417536,106.93884326645751,123.36144713743383,172.19689656895926
2017-03-07,183.25981823328098,176.76329625060617,106.01676280653656,123.13176816485307,171.42426241285443
2017-03-08,183.09041569385488,176.96493971525894,102.92057590547705,122.87460910106893,171.52998908430658
2017-03-09,182.97294851883927,177.77501582949705,103.76645284568488,122.98125545855387,172.45459156495394
2017-03-10,183.71036994477046,177.4066960038237,103.29706475030298,123.84361923878058,172.90721692201402
2017-03-13,182.57666465794966,177.32499110545356,103.09914689517723,123.54285738225038,172.17470114943666
2017-03-14,182.57456656293726,177.33274964008967,102.07688223765,123.59629060416883,171.62840062920048
2017-03-15,183.42076861976534,176.71079871996884,104.04954197111644,124.24184707056642,173.77372186860688
2017-03-16,185.7333147131487,177.48578031549647,103.45305378387373,124.27339245554572,172.80107270539617
2017-03-17,185.76122873145104,175.1534053701586,103.43674095176434,123.9063947458796,172.2708144810288
2017-03-20,186.0586467191618,172.97841598746197,103.30098432854766,123.97965505001562,171.94170835351403
2017-03-21,184.0551786272878,166.67959528997815,102.60164623716209,124.2359832105417,171.28519544517005
2017-03-22,185.48585655108053,165.8755627758233,102.35505720327127,124.28457852428294,170.88973596072793
2017-03-23,185.13875422109186,166.24249368127155,102.05311420215197,123.99102424988571,170.1088482529301
2017-03-24,184.896201898582,166.13662045245673,101.56855275322066,123.80979947665047,169.56376905620192
2017-03-27,185.3291994141067,165.44891256156046,101.03831394148047,123.77857576952573,169.73020164549467
2017-03-28,186.33430309007582,168.13517563393182,102.603379666631,124.40321146509507,169.9078167939589
2017-03-29,186.04008537157674,167.50346990391589,103.54117905698521,124.42683763371821,169.62242677686157
2017-03-30,186.44944015758688,169.91894521805258,105.55279410374479,124.55460815624448,169.70089210836923
2017-03-31,186.80628584532747,168.1076149444975,105.14442412506315,124.45022178212734,169.27250113724764
2017-04-03,186.49087290769222,167.69252446037945,104.83203467619546,124.36042002776853,169.67482533959338
2017-04-04,186.78925011726,167.26745837400617,105.61122183284601,124.7785482513498,169.52978794799776
2017-04-05,185.89508237962986,166.03572917647375,105.26529186220263,124.52071280976189,169.1516445650341
2017-04-06,185.53459670287043,166.82212578788602,106.00122788861796,124.15300056002334,168.8580908126914
2017-04-07,185.38149636088107,165.87641257366948,105.51165857617772,124.69720082536755,169.01696672507632
2017-04-10,184.8296481253255,165.44220548099264,106.34096958157033,125.0581174750944,168.19492853352756
2017-04-11,184.38390405489653,164.70434791395263,106.28248970720475,125.17892238520807,168.13332468685792
2017-04-12,183.8461655015594,162.97894215432748,105.90886206994135,126.01200891641227,168.56348148251337
2017-04-13,182.7264591643814,160.45231697777572,103.89293401909754,125.42421396238628,167.4280146162866
2017-04-17,183.9202618748742,163.48646101001708,104.06534954434179,126.08736066538539,168.79669426870197
2017-04-18,184.26048727511576,161.05119819455842,103.44323545249125,126.89482442800623,167.68392082833932
2017-04-19,183.78120517295557,160.04020814451187,102.00232709483652,125.99432239550245,167.78621182061423
2017-04-20,185.2628160025698,162.71693919399328,102.2502829936873,126.0063723444729,168.76031265568122
2017-04-21,185.7765956512562,160.9496270102309,101.69689454564997,125.75094459410849,167.85355838591002
2017-04-24,188.07021950984063,165.68668268412722,101.91052345246435,126.50157607915966,169.09271831637577
2017-04-25,188.70089838161059,167.9628807711341,102.92454658323791,126.77762081680737,169.40047640912687
2017-04-26,188.44244737324246,167.76408413921652,102.324337913415,125.91544006396884,169.82744061491235
2017-04-27,189.6884542783739,166.6001297394512,101.33328589485959,125.54862461418477,169.76809393631532
2017-04-28,188.9804478849594,165.1160786292063,101.50955885143196,125.15177607820549,169.65936169851415
2017-05-01,190.40786115259846,166.24600376041727,101.0966166241885,124.8358918902458,169.33013075121522
2017-05-02,191.65163109009538,166.14803617269476,100.38222801520962,124.42150980442663,169.4384501930243
2017-05-03,191.23073848607663,167.33852999516463,100.96222625560787,124.52278626773672,169.48048059822924
2017-05-04,191.22495489862766,167.71573291401148,98.98256746309377,125.48015498574881,170.46271249236779
2017-05-05,192.26115976443694,167.53812623487318,100.42312477533414,125.57344415190295,170.74745160100872
2017-05-08,192.85208474582055,167.71745890050082,101.20851045425528,125.58866842770153,170.75967757627038
2017-05-09,192.46921189953548,167.05226312454647,100.39970725355387,125.29585241650804,170.05039543774808
2017-05-10,191.91688536266832,167.82034178585252,101.89878611148538,125.48180050265158,169.83268125235307
2017-05-11,190.84081717089686,167.1699541290081,101.63048454635006,125.24160859479608,169.7089102533432
2017-05-12,190.88624171416876,166.44793172472487,101.25032778148724,124.90513721934502,169.12794207674057
2017-05-15,192.01726274932466,167.41478225429364,101.97021701243116,125.58545103707253,170.13166237365766
2017-05-16,192.76841967570354,168.0378975365911,101.47951564720161,125.18209193563507,169.00958493444844
2017-05-17,188.12054793519283,161.0040944347667,100.25080340889716,126.66345469323947,167.5931600068624
2017-05-18,186.25000753855764,161.48512376735079,100.13891713169905,126.76558565166684,168.57196976114957
2017-05-19,186.4726286660753,163.242963979277,101.4502257899552,127.56449958302278,169.13838910899779
2017-05-22,188.2311816272922,163.24134704781315,101.11633960829273,127.68960998388835,169.8515274823024
2017-05-23,188.5494934889726,165.27458866123143,101.07322434165265,127.67963480988433,170.27488752582215
2017-05-24,188.66744751418557,165.95772550987385,100.77970413761015,128.5487857830162,170.3322976299033
2017-05-25,189.66202597233257,165.09596657876332,98.82184491113252,129.51638769909187,171.31823368923546
2017-05-26,189.90592172591434,165.075447108805,99.07458402988803,129.67298965649945,171.5564777505754
2017-05-30,190.43256786789055,162.90101071378703,97.86646909205555,129.9890539761879,171.6226713901511
2017-05-31,189.61952201857807,159.22386751668316,97.96159504236334,130.2079971627607,172.8370712534289
2017-06-01,190.5584890984623,161.32389085687026,98.3073921303454,130.99674695838522,174.32442015973496
2017-06-02,192.32023885319606,160.4975766411862,97.14568155296479,131.3701581752329,174.87299159293957
2017-06-05,192.19845922749803,160.61875383565575,97.19027345788348,131.77087312940407,174.6167341721788
2017-06-06,191.73225199697032,160.43778513050137,98.39407918792705,131.2275147815179,174.31323930523325
2017-06-07,191.91409698823352,162.15724458002035,96.89253599217813,130.9331193333529,174.49818282693514
2017-06-08,191.83671178235053,164.5277348595175,96.53765976794546,129.64581591411428,173.5340065504666
2017-06-09,188.04917090829892,168.28445689929455,98.94825033560085,130.01179026129702,175.94252843172222
2017-06-12,186.58849579378287,168.48194967065652,99.69440470414742,129.97173187280023,175.42709399616191
2017-06-13,188.1562168205,169.34596348362922,100.19022176388302,129.90682264367007,175.30932300993126
2017-06-14,186.95869672997816,169.67629059504924,98.55710242692433,130.59862781337733,176.06897433618315
2017-06-15,186.17403887708568,167.95089676980524,97.87512851652247,130.649958666059,176.14228597178894
2017-06-16,186.0012179070906,167.31265870659473,99.72760454194062,129.459475760281,176.84832767110376
2017-06-19,188.79614250101199,169.91011611631427,99.07550644149798,129.94216304176135,178.2111785682324
2017-06-20,187.1758939772456,168.1571096871813,98.11394188073331,129.98149676417853,179.05280181854815
2017-06-21,187.67839976130293,166.75396179610482,96.62787391088087,129.5884573163952,180.27000650437813
2017-06-22,190.60070335652904,165.60140337442687,96.57178078978362,128.81876448392632,181.90232305210523
2017-06-23,191.877527806232,164.85824020731704,96.9958421926507,129.1152369562791,181.81444750431675
2017-06-26,191.36729640214543,166.0722839413332,96.38920767892901,129.4534816778454,181.3687387522735
2017-06-27,188.97800385016623,167.30555278726592,96.2115770655809,128.7562523134192,180.23818060226537
2017-06-28,190.9403639897971,170.53329514646165,96.53632039562272,129.01229661294147,179.76417575056684
2017-06-29,187.62313938664562,173.70072953716516,96.61386263864401,127.53542181406866,178.96902216824589
2017-06-30,188.00050227653009,173.03943546451862,96.85500883553885,127.58182612004893,178.6337536710106
2017-07-03,186.5892570083814,175.93401529542115,99.02696983134992,127.51902818437335,179.4539572195166
2017-07-05,188.03586287484436,176.84460737185458,96.95418721697283,127.42631490891445,179.92269344048978
2017-07-06,185.6904446415435,175.66070401044317,95.71905170032771,127.00635673360921,177.5484860258175
2017-07-07,187.42357181086268,176.0488965478216,95.48933382841864,127.08071879451958,178.29067766646108
2017-07-10,187.98064190927414,175.74433428726556,95.83264328842425,125.84112780138814,177.55598056516243
2017-07-11,188.73997885563335,174.59277816481605,96.34653898402433,125.45185948321075,176.6887056146097
2017-07-12,190.30367164747187,174.31997577730277,96.45333020964043,125.9548111446267,177.6067938752303
2017-07-13,191.2132826468103,175.71424156765246,97.03652891056784,126.03034321387916,177.14685900116947
2017-07-14,192.91452142066302,173.99072755173663,97.37611358956156,127.01362308279025,178.48400118461848
2017-07-17,193.12434243359428,173.37387806399494,97.1165855522224,127.21831883853245,177.70139456836174
2017-07-18,193.31945834849756,172.26749118687894,96.67765066490041,127.4375006765172,178.4074725742432
2017-07-19,194.79065339143148,172.4695933085658,98.05890982441873,127.39761502420342,179.9566432474481
2017-07-20,195.06975557685578,171.9958321786365,97.64279387923442,127.41136267062905,181.89033212826956
2017-07-21,194.52681322930832,170.71804037180706,96.64534343683287,128.24139443974875,181.35649170676146
2017-07-24,194.63399285431814,170.8269743389655,96.60879999249401,127.65092212776182,180.33500124242642
2017-07-25,195.93631050786635,174.23770401761317,97.8946224290211,128.839241261622,179.59812155115412
2017-07-26,195.57629796995408,173.51148322607668,98.04774775043435,129.79848995916987,178.55653407378455
2017-07-27,193.95305961080587,172.78409273837588,99.2612579676018,130.72031245271882,179.18917319153047
2017-07-28,193.81670957588156,171.92234041239135,99.68526701213592,130.22269591214146,179.93132488918923
2017-07-31,193.24104030240926,173.44448380910902,100.0235000437387,130.23924560465667,179.86286681382236
2017-08-01,197.05443100965115,176.04726029643402,99.05912083395286,129.8604362444302,179.6086704305005
2017-08-02,196.43575935223325,175.05182699902687,100.07844100574329,129.90387829301778,179.46205714483324
2017-08-03,196.2355635469225,173.3622245876971,98.5523331768056,130.15559919995016,180.66468481566994
2017-08-04,196.61387154757713,175.61746761673942,99.03871427898953,129.85077150790653,180.7005935236088
2017-08-07,197.00928704470957,176.0479637029845,98.33629137846735,130.6355124937808,180.12112012667245
2017-08-08,196.8759984359929,175.73681113890063,98.6009739646859,130.68185044913204,179.34589433984488
2017-08-09,197.04436609742936,175.12088688060712,98.59469604843957,130.71425591432165,179.79369747915325
2017-08-10,193.0349153816709,171.7293636238836,97.26077190746018,130.3814120047881,178.60466942417946
2017-08-11,194.57038029263586,170.64543942845617,96.53929533000631,130.02158434692106,178.98078082559624
2017-08-14,197.20055238868542,173.4829414797273,96.2630749419268,130.69283770618836,179.84017630449424
2017-08-15,197.3585560673088,173.72656760147328,95.80845148142853,131.4736382565808,179.74739536413676
2017-08-16,197.87028770077526,172.54881096618877,94.64672589497614,131.6924841893885,180.6478984234077
2017-08-17,193.5783279069641,169.43499132183942,93.33067514902037,130.58921281427212,178.82732497577067
2017-08-18,192.58217466058738,169.46300926395537,93.8149552693407,130.1898239046561,177.4627359182227
2017-08-21,192.84655618630947,168.6411662800596,93.17838624072901,130.79910734104197,178.38401667668055
2017-08-22,194.7444342881847,170.78327652641542,93.89696073367782,130.77106077642455,179.8548851114483
2017-08-23,193.98400340905388,170.6655315350825,94.27320987366568,130.32531945753965,179.80525494299812
2017-08-24,194.34817980658903,171.0817446993109,93.98173385139202,129.2760827876817,180.04889945395763
2017-08-25,194.80524504421842,170.86485994055533,94.61201720105502,129.5829887536727,179.9324880108748
2017-08-28,195.30443080715568,170.24692312528603,93.86214770818137,129.12830076679515,181.05111771529727
2017-08-29,195.9532352479124,169.49563841610922,93.7459671513592,129.56114240912171,181.32353287404263
2017-08-30,197.66696967846352,170.5965087484677,93.96733696330026,129.0434237779757,180.77109690387175
2017-08-31,199.1268137475809,170.48802750693338,94.44524763155928,129.47331488557222,183.21779935482854
2017-09-01,199.06032894843366,171.6123899180969,95.05475704147311,129.67825703124504,183.20208870115627
2017-09-05,197.73080292397316,167.15406605747646,95.96352546882336,130.22167250780484,182.4048306107697
2017-09-06,198.78693123807554,167.61560177576763,97.68854896349124,130.58280999914348,182.988205598025
2017-09-07,199.31583153416733,165.17782437742488,97.98536915220484,131.01734177371327,183.7726504718657
2017-09-08,197.6130551813747,165.21991976155473,96.77342363314018,130.2449235372438,183.82701997695767
2017-09-11,200.98489754081942,168.4849416936868,97.91125548847448,130.97713359593442,185.8262609510169
2017-09-12,201.63134033837844,171.63701238431267,98.28457492947118,130.94984337778925,186.45516430975678
2017-09-13,201.61911540432033,172.59872464509516,99.65162240444502,130.89291990750368,186.05600069035702
2017-09-14,201.20856323204953,172.25839029922872,103.2744310295766,130.52898675125354,181.6767610253205
2017-09-15,199.70483158050916,172.60500186519064,101.06633659065353,130.92137539763831,187.92218890226783
2017-09-18,199.08551357929113,175.38366596385063,101.57472615606473,130.7959763255022,188.52179913424416
2017-09-19,199.22076520288564,176.91448636337762,102.03241459167019,131.06304699774606,187.18980131456544
2017-09-20,198.19458414838684,177.99652921938647,102.60528330754377,130.85845575271344,187.67663721319724
2017-09-21,197.3883862710785,178.88755034732804,102.68707706590665,129.38855821962952,186.6969053633841
2017-09-22,198.05273758347403,178.51921281831127,103.36240257885059,128.88966920642255,186.68409289928934
2017-09-25,197.32898437136998,177.33705480353387,104.77487869696174,129.8349628123602,186.00653015820222
2017-09-26,198.3428532697646,177.10020349874813,104.41465196299472,129.79220256713364,185.8356000836199
2017-09-27,198.88844875051387,180.19771785245905,104.9487651530718,128.4565389649134,185.3996768647309
2017-09-28,198.74096246452865,180.65025499321243,104.99956574379618,128.65689945467992,186.68213928990198
2017-09-29,200.11200658780126,181.45140226110115,105.11031864345873,128.3217486764895,186.54925220281478
2017-10-02,201.62025065987322,183.62654135580144,105.08027098378831,128.02986842871098,188.11282501059424
2017-10-03,201.98650773609464,184.5490608640905,104.51068328761986,128.42509563427274,188.60905163172148
2017-10-04,201.60281952521845,183.31291172413776,104.39602740712431,128.84822677472653,189.54694121730483
2017-10-05,203.1794323868374,186.17542977775503,104.86030624649612,129.23336776588755,189.59145730678136
2017-10-06,203.0445795997474,186.30656424116802,103.91285950655949,128.98244592448748,189.7092046204814
2017-10-09,203.55489010345389,184.69287736968533,104.20021094806017,129.15917525350645,189.16841102933785
2017-10-10,202.97656845726618,185.26459054013526,104.63139669730855,130.8090057792538,189.84460055345502
2017-10-11,202.96399837788871,184.89554910986027,104.83741345756957,132.22118136889165,189.73118326727496
2017-10-12,202.63875632536084,182.06317429530415,104.64979237241974,132.9156298074421,189.44025939862183
2017-10-13,204.16197962707355,181.23139890005834,104.43212575454832,133.70702687716079,188.93779415487876
2017-10-16,205.38600072938516,183.04836022771025,104.85131239978544,133.86000270396073,188.56742698027202
2017-10-17,205.88775859033518,181.75491292191882,104.8626033690418,133.175271315699,192.40403230341656
2017-10-18,206.45742124747838,183.81441102928093,104.09062037307362,132.93055573778938,192.906285747135
2017-10-19,205.5305149546988,183.8017615096331,103.45520402914022,132.46345357032774,193.65343325111928
2017-10-20,206.95082009458017,186.99637851144954,103.64980972537401,131.150565567699,195.05222665387325
2017-10-23,207.52090339526967,186.51458383911336,103.35781161106479,131.1688936515188,194.8154117894478
2017-10-24,208.74768050394565,188.94624753075166,103.83982623326553,130.44719573252405,193.6891009110098
2017-10-25,207.70146055258317,188.02318656172403,103.4960105686334,130.17263435053778,193.34837873033877
2017-10-26,208.95192271321156,188.75871963782666,104.30893301379966,130.5876901923806,192.73669007069043
2017-10-27,217.0147320877914,189.06055934561857,103.79738147565507,129.89962905136144,190.80509389117287
2017-10-30,217.3415193351594,188.46689185575724,104.3900048449018,128.52589733430813,186.21011418838722
2017-10-31,219.0049130537223,188.18420932753713,104.55428882313565,129.32074049028262,186.32294604979555
2017-11-01,220.00160240386535,189.0871599916305,105.67311103015682,129.58779517106012,186.576633086952
2017-11-02,220.3169513391278,190.7552673612857,105.43535366084707,129.89392942890265,187.330472520558
2017-11-03,221.05104824365262,189.79596133912185,105.90520336544739,129.974185301214,189.00475940146038
2017-11-06,222.13327886959738,189.0806226039942,108.37652284243933,129.0589007411662,188.10581257136684
2017-11-07,222.31339483882698,185.65143562225668,107.90649407227417,130.20209971063468,188.16132034513853
2017-11-08,222.9273696989606,184.2024693357004,107.635950822684,132.13239777396768,188.94748841331577
2017-11-09,220.47820750609293,183.5852076135285,107.91237696051414,131.98053322593674,188.56971761313648
2017-11-10,219.36769800653465,183.24977090041486,107.00662469357616,132.86235980846166,187.31677064579415
2017-11-13,219.40642891266026,183.0543723317194,106.580789059875,133.7206505312142,187.86568081851843
2017-11-14,218.84996856247602,182.13421646227107,104.66714981403713,134.43368240829668,187.4383498122481
2017-11-15,217.08559850555343,183.20545020073945,103.38155485142227,133.00470764539483,186.73257451058632
2017-11-16,220.4917750237259,184.08910037482124,102.70534720302085,136.14864498700138,187.84382811511077
2017-11-17,218.62911547293012,183.08734302240123,102.87234412190142,134.41202846543896,187.22282190250672
2017-11-20,219.44688602855038,183.8959346985582,102.81292471425209,134.34034379512264,186.31694861888005
2017-11-21,221.04159540752116,184.3237465789406,103.04443146816897,134.72431787877878,187.72098100254357
2017-11-22,220.61221265700303,183.5007246750876,103.39440387142041,134.20990661643864,186.93121664155979
2017-11-24,221.23215095005747,183.1092671185754,103.6303468164284,134.6167910794544,187.62627767925264
2017-11-27,221.42012084268208,182.4184850372628,102.28391425710674,134.7684130210923,187.78278322903196
2017-11-28,223.0835461425716,188.08032194600065,103.29514617037074,135.40102461128555,189.52187025530455
2017-11-29,219.82883480383086,191.57254096597853,103.91382893338272,135.15814380642792,191.02664944223494
2017-11-30,222.04999890897744,192.80513896504007,105.16440857059686,135.50273759015892,192.33596030123263
2017-12-01,222.58733579790024,192.8336514579336,106.40518886547665,136.04719716312601,192.52800904236975
2017-12-04,219.44888335357393,196.83827519198718,106.05760678287493,137.1320179317612,190.41155150996644
2017-12-05,217.79890645340024,196.35480681682404,105.37211587941493,137.43476082562913,189.6603624078221
2017-12-06,218.7895440088091,194.7403474082543,103.84638282531546,137.52893761566312,188.88167159543286
2017-12-07,218.42256254460878,195.51683183732885,104.16464544474984,135.75319975188606,188.88546487114695
2017-12-08,220.8112938109037,197.00268598667915,105.30083829894399,135.4985895798022,190.45981318010854
2017-12-11,223.73462787882934,196.4841240127224,106.04202083228711,135.71041655660417,191.65278357258245
2017-12-12,223.19892668851585,199.77389791247887,105.63379381948918,135.2578232959153,193.41966616112109
2017-12-13,223.21885388103365,197.14416245801897,105.29466978133088,136.64191403066403,193.33224539321947
2017-12-14,222.61058903321222,195.90412743842538,105.05279957728311,136.5893403987129,191.42922703732327
2017-12-15,224.20055712320664,198.02071800666002,104.74050496837886,137.5257314240214,193.2197136769745
2017-12-18,226.09282581036854,200.53693702362727,105.57934456634877,137.29945488584633,193.72896098098332
2017-12-19,225.9782174592107,198.89853586169397,106.19745250608554,138.06112908319133,193.69728910880775
2017-12-20,226.86022156821863,198.43295134667636,107.86272890594533,137.9457596079817,193.15119393841158
2017-12-21,225.4249396215167,202.01594781970388,110.93320064129534,137.3834583037612,193.04724884225277
2017-12-22,225.4720504806758,201.42387676423664,110.83618023160602,137.8166691215079,192.22537901075262
2017-12-26,223.65608088932402,200.2796144997061,111.83963635409819,138.5094503701517,192.25534104889604
2017-12-27,223.90128471639503,199.95309258967612,111.37528979184101,138.55128621376102,192.97514682936705
2017-12-28,224.30648839956237,200.67688358459455,111.11582293522768,138.38170023538353,193.59776873760518
2017-12-29,223.1052347821977,198.94036864378467,110.69578834240492,138.48681999433478,192.31663425581937
2018-01-02,224.82400351033235,200.21915376264792,112.6447391694288,137.32250763121883,193.66254341032925
2018-01-03,224.89954539092884,200.185207069657,114.58936146401726,137.29033072284753,194.75636499870598
2018-01-04,224.91590382508696,202.6264486179818,115.38697489011977,138.20733949321834,195.5728145150166
2018-01-05,227.1933795036448,202.56691634826382,115.69760225918597,138.4958156395312,196.78784116997195
2018-01-08,228.0203670389914,200.82683826373798,116.64023170831939,138.89054343559778,195.37561244350897
2018-01-09,226.63154223673732,202.13300181380887,116.43097299851118,138.55463994473376,196.31005627504138
2018-01-10,225.26284456892003,203.75482483811643,116.5627754316832,137.64225106618977,196.32207965896427
2018-01-11,226.9697528791908,204.12831747858274,119.2187282309265,137.3836875665507,197.1366808830429
2018-01-12,229.43507408868987,206.20567367774544,120.31700466939554,137.6615974410789,198.59977224253225
2018-01-16,228.15921891330154,206.4667661204835,118.6671905902221,138.43434951384077,201.74376980327798
2018-01-17,232.52822505833782,206.9883392440987,119.46422204351761,140.23298015613074,203.72792477513912
2018-01-18,232.71929659060265,207.05078973376462,119.020033254139,140.34330993693627,203.7754613468707
2018-01-19,233.1287444194456,208.78660550031722,118.93002910498438,141.44874803369808,204.13986290097031
2018-01-22,235.08649632339646,210.93063897019618,121.38321915427926,142.33970820986306,204.5391439466365
2018-01-23,236.44127245779688,210.4513843112906,121.07041385891573,141.39761625994976,203.01902655253588
2018-01-24,235.46609621002622,213.2466303812318,121.02446325129803,141.28563902256093,204.5141875524414
2018-01-25,234.50547826789722,213.90082240804554,119.9686826291804,141.64916444850348,206.64671168761782
2018-01-26,242.22690843006856,214.66230081452852,120.75620081406606,141.16520547622522,210.07313714568042
2018-01-29,240.64152077810542,215.28359671683316,119.07195115750933,140.30817078644895,209.07712394839945
2018-01-30,237.02525978561488,212.71197800617566,116.7960050123247,140.08668567127887,204.34781111500922
2018-01-31,237.47406806278892,213.1630723437557,116.76288938807771,139.6370938514449,201.20522522888842
2018-02-01,236.9347610147816,215.17830498980396,118.41296985651582,138.7711788991183,201.6720939943255
2018-02-02,229.88841590421828,209.4386649327889,113.9162928620022,136.8425447878319,198.990563003935
2018-02-05,220.9359917972605,197.55046332449837,109.38836778118879,131.61774222363545,189.3612469379781
2018-02-06,227.62931984430156,201.7388458375923,109.54557738214842,132.14968401434598,190.78666448247083
2018-02-07,225.79557087052135,202.10230162006314,107.77480162218846,132.31808531026755,190.61776983666584
