Date,STOCKS,STOCKS_TR,BONDS,GOLD
1968-01-02,96.110000,100.000000,1.000000,35.180000
1968-01-03,95.670000,99.554425,1.000223,35.160000
1968-01-04,95.360000,99.244018,1.010049,35.140000
1968-01-05,95.940000,99.859782,1.012694,35.140000
1968-01-08,96.620000,100.579781,1.011294,35.140000
1968-01-09,96.500000,100.467168,1.009897,35.140000
1968-01-10,96.520000,100.500281,1.014965,35.150000
1968-01-11,96.620000,100.616700,1.015185,35.170000
1968-01-12,96.720000,100.733146,1.017842,35.180000
1968-01-15,96.420000,100.433022,1.013175,35.180000
1968-01-16,95.820000,99.820336,1.010964,35.190000
1968-01-17,95.640000,99.645033,1.014421,35.200000
1968-01-18,95.560000,99.573874,1.008961,35.200000
1968-01-19,95.240000,99.252614,1.005954,35.190000
1968-01-22,94.030000,98.003777,1.004568,35.190000
1968-01-23,93.660000,97.630130,1.008810,35.190000
1968-01-24,93.170000,97.131304,1.009032,35.200000
1968-01-25,93.300000,97.278714,1.012484,35.200000
1968-01-26,93.450000,97.447011,1.011896,35.200000
1968-01-29,93.350000,97.354655,1.012118,35.190000
1968-01-30,92.890000,96.886832,1.012340,35.190000
1968-01-31,92.240000,96.220717,1.011752,35.200000
1968-02-01,92.560000,96.566897,1.008737,35.200000
1968-02-02,92.270000,96.276757,1.008960,35.200000
1968-02-05,91.870000,95.871765,1.007569,35.190000
1968-02-06,91.900000,95.915397,1.006987,35.190000
1968-02-07,92.060000,96.094718,1.008823,35.200000
1968-02-08,90.900000,94.896233,1.008239,35.190000
1968-02-09,89.860000,93.822711,1.009270,35.200000
1968-02-13,89.070000,93.009934,1.012724,35.190000
1968-02-14,90.140000,94.139222,1.013757,35.200000
1968-02-15,90.300000,94.318423,1.016413,35.200000
1968-02-16,89.960000,93.975418,1.017448,35.200000
1968-02-19,90.310000,94.353122,1.015228,35.200000
1968-02-20,91.240000,95.336888,1.014639,35.200000
1968-02-21,91.240000,95.349144,1.014862,35.200000
1968-02-23,90.890000,94.995639,1.013461,35.200000
1968-02-26,90.180000,94.265780,1.012063,35.200000
1968-02-27,90.530000,94.643756,1.012287,35.200000
1968-02-28,90.080000,94.185475,1.013321,35.200000
1968-02-29,89.360000,93.444768,1.014356,35.200000
1968-03-01,89.110000,93.195619,1.014580,35.200000
1968-03-04,87.920000,91.963304,1.013992,35.200000
1968-03-05,87.720000,91.766191,1.012594,35.200000
1968-03-06,89.260000,93.389283,1.011198,35.200000
1968-03-07,89.100000,93.234152,1.006570,35.200000
1968-03-08,89.030000,93.173155,1.000354,35.200000
1968-03-11,90.130000,94.336589,1.000582,35.200000
1968-03-12,90.230000,94.453652,0.997609,35.200000
1968-03-13,90.030000,94.256701,0.992251,35.200000
1968-03-14,88.320000,92.478805,0.985338,35.200000
1968-04-01,92.480000,96.846058,1.012737,38.000000
1968-04-02,92.640000,97.025516,1.014584,37.600000
1968-04-03,93.470000,97.906733,1.025361,37.700000
1968-04-04,93.840000,98.306330,1.023124,36.700000
1968-04-05,93.290000,97.742236,1.023348,37.200000
1968-04-08,94.950000,99.493473,1.021935,37.000000
1968-04-10,95.670000,100.260155,1.022977,37.600000
1968-04-11,96.530000,101.173741,1.022383,38.050000
1968-04-16,96.620000,101.280506,1.016298,38.100000
1968-04-17,96.810000,101.492119,1.016525,38.000000
1968-04-18,97.080000,101.787653,1.015125,37.600000
1968-04-19,95.850000,100.510518,1.005607,37.650000
1968-04-22,95.320000,99.967102,1.004228,38.300000
1968-04-23,96.620000,101.342768,1.008475,38.050000
1968-04-24,96.920000,101.669888,1.009512,38.350000
1968-04-25,96.620000,101.367683,1.009741,38.250000
1968-04-26,97.210000,101.999133,1.010778,38.500000
1968-04-29,97.970000,102.809113,1.009389,38.550000
1968-04-30,97.460000,102.286559,1.008811,39.100000
1968-05-01,97.970000,102.834161,1.009848,39.100000
1968-05-02,98.590000,103.497355,1.007654,39.250000
1968-05-03,98.660000,103.583330,1.004660,39.600000
1968-05-06,98.350000,103.270362,1.006499,39.700000
1968-05-07,98.900000,103.860342,1.005924,39.300000
1968-05-08,98.910000,103.883379,1.005351,39.500000
1968-05-09,98.390000,103.349771,1.006386,39.700000
1968-05-10,98.500000,103.477789,1.006618,39.800000
1968-05-13,98.190000,103.164612,1.006849,39.400000
1968-05-14,98.120000,103.103517,1.004664,39.600000
1968-05-15,98.070000,103.063421,1.002485,40.100000
1968-05-16,97.600000,102.581929,0.998708,40.850000
1968-05-17,96.900000,101.858579,0.997343,41.600000
1968-05-20,96.450000,101.397845,0.994386,42.000000
1968-05-21,96.930000,101.914707,0.989848,42.600000
1968-05-22,97.180000,102.189864,0.990085,42.200000
1968-05-23,96.970000,101.981371,0.993490,41.500000
1968-05-24,97.150000,102.182982,0.995315,41.750000
1968-05-27,96.990000,102.027026,0.998735,41.500000
1968-05-28,97.620000,102.702058,0.997372,41.600000
1968-05-29,97.920000,103.030071,0.996809,41.500000
1968-05-31,98.680000,103.842167,1.004222,42.000000
1968-06-04,100.380000,105.643358,1.011119,41.200000
1968-06-05,99.890000,105.140137,1.008924,41.400000
1968-06-06,100.650000,105.952495,1.007542,41.250000
1968-06-07,101.270000,106.617667,1.008582,41.200000
1968-06-10,101.410000,106.777647,1.010428,41.350000
1968-06-11,101.660000,107.053486,1.011469,41.300000
1968-06-13,101.250000,106.634373,1.014363,41.400000
1968-06-14,101.130000,106.520580,1.017840,40.200000
1968-06-17,100.130000,105.479853,1.018886,40.900000
1968-06-18,99.990000,105.344826,1.019117,40.700000
1968-06-20,101.510000,106.958664,1.026929,41.050000
1968-06-21,100.660000,106.075667,1.028801,41.050000
1968-06-24,100.390000,105.803664,1.028207,41.050000
1968-06-25,100.080000,105.489438,1.025968,40.850000
1968-06-27,99.980000,105.396487,1.025606,40.800000
1968-06-28,99.580000,104.987260,1.026657,40.950000
1968-07-01,99.400000,104.809961,1.028529,40.900000
1968-07-02,99.740000,105.180920,1.032050,40.850000
1968-07-03,100.910000,106.427242,1.033104,40.900000
1968-07-08,101.940000,107.526203,1.036869,40.950000
1968-07-09,102.230000,107.844872,1.038756,40.600000
1968-07-11,102.390000,108.026474,1.038379,39.400000
1968-07-12,102.340000,107.986558,1.037776,39.100000
1968-07-15,102.260000,107.914975,1.035513,39.150000
1968-07-16,101.700000,107.336830,1.034913,38.900000
1968-07-18,101.440000,107.075173,1.036197,38.000000
1968-07-19,100.460000,106.053456,1.038912,39.100000
1968-07-22,99.330000,104.873141,1.045789,38.650000
1968-07-23,99.210000,104.758905,1.051872,38.650000
1968-07-25,97.940000,103.430321,1.053162,39.100000
1968-07-26,98.340000,103.865034,1.051701,38.750000
1968-07-29,97.650000,103.148609,1.050243,38.900000
1968-07-30,97.740000,103.255934,1.050469,39.100000
1968-08-01,97.280000,102.782572,1.053442,38.800000
1968-08-02,96.630000,102.108347,1.057038,38.800000
1968-08-05,96.850000,102.353278,1.054725,38.850000
1968-08-06,97.250000,102.788496,1.054106,38.850000
1968-08-08,97.040000,102.579078,1.055397,38.550000
1968-08-09,97.010000,102.559882,1.053934,38.450000
1968-08-12,98.010000,103.629605,1.051630,38.600000
1968-08-13,98.530000,104.192065,1.051014,38.750000
1968-08-15,98.070000,103.718343,1.049785,39.000000
1968-08-16,98.680000,104.376132,1.052532,39.100000
1968-08-19,99.000000,104.727339,1.051916,39.150000
1968-08-20,98.960000,104.697803,1.052143,39.350000
1968-08-22,98.700000,104.435502,1.046712,39.650000
1968-08-23,98.690000,104.437664,1.049453,39.650000
1968-08-26,98.940000,104.714967,1.050520,39.400000
1968-08-27,98.810000,104.590156,1.050748,39.550000
1968-08-29,98.740000,104.528823,1.053727,39.800000
1968-08-30,98.860000,104.668612,1.054797,39.850000
1968-09-03,99.320000,105.168063,1.055867,39.980000
1968-09-04,100.020000,105.921763,1.054405,39.900000
1968-09-05,100.740000,106.696820,1.052101,39.950000
1968-09-06,101.200000,107.196684,1.050646,40.000000
1968-09-09,101.230000,107.241185,1.050034,40.000000
1968-09-10,100.730000,106.724224,1.048583,40.000000
1968-09-12,100.520000,106.514395,1.050719,40.050000
1968-09-13,100.860000,106.887313,1.051789,40.170000
1968-09-16,101.240000,107.302708,1.053701,40.200000
1968-09-17,101.500000,107.591015,1.053929,40.550000
1968-09-19,101.590000,107.699186,1.056911,40.520000
1968-09-20,101.660000,107.786179,1.055448,40.500000
1968-09-23,102.240000,108.413924,1.055676,40.420000
1968-09-24,102.590000,108.797928,1.056749,40.480000
1968-09-26,102.360000,108.566924,1.056360,40.450000
1968-09-27,102.310000,108.526778,1.055743,40.300000
1968-09-30,102.670000,108.921535,1.053438,39.700000
1968-10-01,102.860000,109.135777,1.053668,39.600000
1968-10-03,103.220000,109.530439,1.053284,39.000000
1968-10-04,103.710000,110.063139,1.051828,38.900000
1968-10-07,103.700000,110.065331,1.049534,39.800000
1968-10-08,103.740000,110.120592,1.048086,39.750000
1968-10-10,103.290000,109.655727,1.045198,38.830000
1968-10-11,103.180000,109.551706,1.045431,39.200000
1968-10-14,103.320000,109.713097,1.044827,39.300000
1968-10-15,103.530000,109.948856,1.042553,39.200000
1968-10-17,104.010000,110.471408,1.048867,39.200000
1968-10-18,104.820000,111.344580,1.049938,39.400000
1968-10-21,104.990000,111.538117,1.049330,39.100000
1968-10-22,104.570000,111.104899,1.049562,38.950000
1968-10-24,103.840000,110.342205,1.047508,39.200000
1968-10-25,104.200000,110.737586,1.048579,39.300000
1968-10-28,103.900000,110.431647,1.047973,39.380000
1968-10-29,103.300000,109.806777,1.047368,39.600000
1968-10-31,103.410000,109.936481,1.048672,39.200000
1968-11-01,103.060000,109.577043,1.048906,38.900000
1968-11-04,103.100000,109.632183,1.047461,39.250000
1968-11-06,103.270000,109.825571,1.048533,39.500000
1968-11-07,103.500000,110.082810,1.047928,39.520000
1968-11-08,103.950000,110.574099,1.046485,39.400000
1968-11-12,104.620000,111.299519,1.044209,39.730000
1968-11-13,105.130000,111.854889,1.046115,39.750000
1968-11-14,105.200000,111.942239,1.046350,39.750000
1968-11-15,105.780000,112.572294,1.044910,40.000000
1968-11-18,105.920000,112.734239,1.042638,40.000000
1968-11-19,106.140000,112.981366,1.040372,40.050000
1968-11-21,105.970000,112.813410,1.041679,40.250000
1968-11-22,106.300000,113.177704,1.041082,40.200000
1968-11-25,106.480000,113.382375,1.040486,40.300000
1968-11-26,107.260000,114.225985,1.039891,40.080000
1968-11-27,107.760000,114.771603,1.040129,39.750000
1968-11-29,108.370000,115.434502,1.038703,39.850000
1968-12-02,108.120000,115.181409,1.029800,39.900000
1968-12-03,108.020000,115.088054,1.024274,40.150000
1968-12-05,107.670000,114.728317,1.027218,40.450000
1968-12-06,107.930000,115.018486,1.029104,40.350000
1968-12-09,107.660000,114.743910,1.028522,40.620000
1968-12-10,107.390000,114.469270,1.027941,40.670000
1968-12-12,107.320000,114.407749,1.027602,41.300000
1968-12-13,107.580000,114.698008,1.028666,40.900000
1968-12-16,107.100000,114.199369,1.026439,40.980000
1968-12-17,106.660000,113.743266,1.025861,41.200000
1968-12-19,106.970000,114.086864,1.018153,41.670000
1968-12-20,106.340000,113.427999,1.012697,41.650000
1968-12-23,105.210000,112.235655,1.005652,41.700000
1968-12-24,105.040000,112.067142,1.002683,41.700000
1968-12-27,104.740000,111.759891,1.008775,41.700000
1968-12-30,103.800000,110.769675,1.008216,42.000000
1968-12-31,103.860000,110.846374,1.012497,41.950000
1969-01-02,103.930000,110.934365,1.022465,41.800000
1969-01-03,103.990000,111.011702,1.025164,41.900000
1969-01-06,102.470000,109.402369,1.022948,42.020000
1969-01-07,101.220000,108.080913,1.015010,42.100000
1969-01-08,100.800000,107.645395,1.019317,42.450000
1969-01-09,101.220000,108.106816,1.023641,42.480000
1969-01-10,100.930000,107.810039,1.024705,42.300000
1969-01-13,100.440000,107.299556,1.024130,42.000000
1969-01-14,101.130000,108.049537,1.024376,42.400000
1969-01-15,101.620000,108.586011,1.026260,42.750000
1969-01-16,102.180000,109.197410,1.029789,42.700000
1969-01-17,102.030000,109.050193,1.030858,41.900000
1969-01-20,101.690000,108.699866,1.032751,42.200000
1969-01-21,101.630000,108.648755,1.031343,42.400000
1969-01-22,101.980000,109.035946,1.026637,42.600000
1969-01-23,102.430000,109.530146,1.027703,42.200000
1969-01-24,102.380000,109.489805,1.028771,42.000000
1969-01-27,102.400000,109.524314,1.027370,42.200000
1969-01-28,102.410000,109.548133,1.025973,42.450000
1969-01-29,102.510000,109.668230,1.022936,42.450000
1969-01-30,102.550000,109.724164,1.019091,42.550000
1969-01-31,103.010000,110.229493,1.015263,42.550000
1969-02-03,102.890000,110.114399,1.013076,42.500000
1969-02-04,102.920000,110.159808,1.014947,42.480000
1969-02-05,103.200000,110.472812,1.016009,42.700000
1969-02-06,103.540000,110.850119,1.015445,42.620000
1969-02-07,103.530000,110.852804,1.020569,42.550000
1969-02-11,103.650000,110.994684,1.024333,42.520000
1969-02-13,103.710000,111.072345,1.025401,42.550000
1969-02-14,103.610000,110.978664,1.024008,42.500000
1969-02-17,102.440000,109.738861,1.021799,42.650000
1969-02-18,101.400000,108.638018,1.020413,42.620000
1969-02-19,100.650000,107.847607,1.017397,42.650000
1969-02-20,99.790000,106.939136,1.015205,42.600000
1969-02-24,98.600000,105.676801,1.016519,42.700000
1969-02-25,97.980000,105.025069,1.015143,42.670000
1969-02-26,98.450000,105.541551,1.015395,42.700000
1969-02-27,98.140000,105.221971,1.013209,42.750000
1969-02-28,98.130000,105.223961,1.014272,42.770000
1969-03-03,98.380000,105.505069,1.015335,42.750000
1969-03-04,99.320000,106.526218,1.016399,42.750000
1969-03-05,99.710000,106.957712,1.016651,42.900000
1969-03-06,98.700000,105.887547,1.015276,43.250000
1969-03-07,98.650000,105.847024,1.014716,43.600000
1969-03-10,98.990000,106.224941,1.014968,43.750000
1969-03-11,99.320000,106.592219,1.012785,43.300000
1969-03-12,99.050000,106.315655,1.012228,43.020000
1969-03-13,98.390000,105.620412,1.011672,43.150000
1969-03-14,98.000000,105.214837,1.012735,43.000000
1969-03-17,98.250000,105.496277,1.009748,43.020000
1969-03-18,98.490000,105.767047,1.010002,42.850000
1969-03-19,99.210000,106.553347,1.012681,43.080000
1969-03-20,99.840000,107.243179,1.013745,43.120000
1969-03-21,99.630000,107.030893,1.015620,43.170000
1969-03-24,99.500000,106.904495,1.016686,43.250000
1969-03-25,99.660000,107.089646,1.015313,43.400000
1969-03-26,100.390000,107.887334,1.013942,43.350000
1969-03-27,101.100000,108.663724,1.013386,43.480000
1969-03-28,101.510000,109.117859,1.016072,43.300000
1969-04-01,101.420000,109.034407,1.020391,43.100000
1969-04-02,100.780000,108.359641,1.020644,43.300000
1969-04-03,100.680000,108.265321,1.020080,43.350000
1969-04-08,100.140000,107.697827,1.021400,43.350000
1969-04-09,101.020000,108.657364,1.026556,43.380000
1969-04-10,101.550000,109.240671,1.027630,43.400000
1969-04-11,101.650000,109.361553,1.030348,43.350000
1969-04-14,101.570000,109.288807,1.038018,43.270000
1969-04-15,101.530000,109.259082,1.034116,42.900000
1969-04-16,100.630000,108.303879,1.035194,43.080000
1969-04-17,100.780000,108.478513,1.032960,43.230000
1969-04-18,101.240000,108.986867,1.030732,43.200000
1969-04-21,100.560000,108.268112,1.032633,43.200000
1969-04-22,100.780000,108.518165,1.034537,43.170000
1969-04-23,100.800000,108.552922,1.034788,43.400000
1969-04-24,101.270000,109.072296,1.033384,43.270000
1969-04-25,101.720000,109.570254,1.032809,43.250000
1969-04-28,102.030000,109.917527,1.029756,43.550000
1969-04-29,102.790000,110.749671,1.028361,43.550000
1969-04-30,103.690000,111.732856,1.029437,43.600000
1969-05-01,103.510000,111.552119,1.025573,43.600000
1969-05-02,104.000000,112.093393,1.027468,43.600000
1969-05-05,104.370000,112.505455,1.031010,43.480000
1969-05-06,104.860000,113.046966,1.028789,43.400000
1969-05-07,104.670000,112.855513,1.029043,43.480000
1969-05-08,105.100000,113.332498,1.030943,43.650000
1969-05-09,105.050000,113.291996,1.028723,43.600000
1969-05-12,104.890000,113.132853,1.025685,43.450000
1969-05-13,105.340000,113.631607,1.027581,43.500000
1969-05-14,106.160000,114.529602,1.028658,43.500000
1969-05-15,105.850000,114.208718,1.027267,43.500000
1969-05-16,105.940000,114.319343,1.023413,43.500000
1969-05-19,104.970000,113.286152,1.019576,43.480000
1969-05-20,104.040000,112.295883,1.019833,43.450000
1969-05-21,104.470000,112.773297,1.020091,43.420000
1969-05-22,104.600000,112.926977,1.020348,43.450000
1969-05-23,104.590000,112.929548,1.018973,43.500000
1969-05-27,103.570000,111.841584,1.006484,43.500000
1969-05-28,103.260000,111.520065,1.005135,43.400000
1969-05-29,103.460000,111.749263,1.005397,43.080000
1969-06-02,102.940000,111.201601,1.005659,42.950000
1969-06-03,102.630000,110.880653,1.006725,42.150000
1969-06-04,102.590000,110.851329,1.006181,42.080000
1969-06-05,102.760000,111.048907,1.008053,41.100000
1969-06-06,102.120000,110.371195,1.009928,40.750000
1969-06-09,101.200000,109.390688,1.004533,40.700000
1969-06-10,100.420000,108.561263,1.007207,41.980000
1969-06-11,99.050000,107.093795,1.007469,41.800000
1969-06-12,98.260000,106.253057,1.009343,41.550000
1969-06-13,98.650000,106.688093,1.012028,41.550000
1969-06-16,98.320000,106.344571,1.013908,41.250000
1969-06-17,97.950000,105.957696,1.011736,41.500000
1969-06-18,97.810000,105.819525,1.011188,41.400000
1969-06-19,97.240000,105.216106,1.008215,41.450000
1969-06-20,96.670000,104.612534,1.006864,41.450000
1969-06-23,96.230000,104.149489,1.006322,41.230000
1969-06-24,97.320000,105.342242,1.004171,41.200000
1969-06-25,97.010000,105.019886,1.004435,40.900000
1969-06-26,97.250000,105.292859,1.005503,40.980000
1969-06-27,97.330000,105.392667,1.002549,41.100000
1969-06-30,97.710000,105.817349,0.997200,41.230000
1969-07-01,98.080000,106.231956,0.995871,41.100000
1969-07-02,98.940000,107.177397,0.994544,41.250000
1969-07-03,99.610000,107.917265,0.996402,41.510000
1969-07-07,99.030000,107.303077,0.995872,41.760000
1969-07-08,97.630000,105.800221,0.993749,42.100000
1969-07-09,96.880000,105.001362,0.991632,41.900000
1969-07-10,95.380000,103.389418,0.995074,41.900000
1969-07-11,95.770000,103.825755,1.006486,41.900000
1969-07-14,94.550000,102.516779,1.002725,41.950000
1969-07-15,94.240000,102.194132,1.000585,42.000000
1969-07-16,95.180000,103.226901,1.004854,41.900000
1969-07-17,95.760000,103.869503,1.003512,41.980000
1969-07-18,94.950000,103.004559,1.002976,41.900000
1969-07-22,93.520000,101.466790,1.006452,41.950000
1969-07-23,93.120000,101.046135,1.005108,41.880000
1969-07-24,92.800000,100.712177,1.003766,41.900000
1969-07-25,92.060000,99.922320,1.003230,41.850000
1969-07-28,90.210000,97.927455,1.001892,41.720000
1969-07-29,89.480000,97.147873,1.002961,41.490000
1969-07-30,89.930000,97.649203,1.003228,41.490000
1969-07-31,91.830000,99.725124,1.008311,41.450000
1969-08-01,93.470000,101.519332,1.008578,41.390000
1969-08-04,92.990000,101.011441,1.011265,41.400000
1969-08-05,93.410000,101.481049,1.013958,41.150000
1969-08-06,93.920000,102.048556,1.012601,41.100000
1969-08-07,93.990000,102.138130,1.012057,41.020000
1969-08-08,93.940000,102.097323,1.011514,41.150000
1969-08-11,93.360000,101.480481,1.007734,41.450000
1969-08-12,92.630000,100.700425,1.007196,41.200000
1969-08-13,92.700000,100.789861,1.007464,41.100000
1969-08-14,93.340000,101.499063,1.009343,41.380000
1969-08-15,94.000000,102.230198,1.009611,41.100000
1969-08-18,94.570000,102.863644,1.011494,41.200000
1969-08-19,95.070000,103.421117,1.012570,41.120000
1969-08-20,95.070000,103.434814,1.012028,41.100000
1969-08-21,95.350000,103.753149,1.010676,41.080000
1969-08-22,95.920000,104.387125,1.008518,41.050000
1969-08-25,94.930000,103.323560,1.007980,41.000000
1969-08-26,94.300000,102.651541,1.005023,40.900000
1969-08-27,94.490000,102.871964,1.002881,40.900000
1969-08-28,94.890000,103.321071,0.999942,40.950000
1969-08-29,95.510000,104.009843,1.000213,40.950000
1969-09-02,95.540000,104.056269,0.997283,40.790000
1969-09-03,94.980000,103.460115,0.991970,40.770000
1969-09-04,94.200000,102.624157,0.990656,40.890000
1969-09-05,93.640000,102.027651,0.988552,40.900000
1969-09-08,92.700000,101.016946,0.985663,40.900000
1969-09-09,93.380000,101.771316,0.985149,40.900000
1969-09-10,94.950000,103.495859,0.987001,40.980000
1969-09-11,94.220000,102.713845,0.984907,40.920000
1969-09-12,94.130000,102.629317,0.982819,40.950000
1969-09-15,94.870000,103.449708,0.982309,41.000000
1969-09-16,94.950000,103.550625,0.978656,41.000000
1969-09-17,94.760000,103.357110,0.978933,41.000000
1969-09-18,94.900000,103.523482,0.969030,40.880000
1969-09-19,95.190000,103.853526,0.968534,40.850000
1969-09-22,95.630000,104.347308,0.970363,40.880000
1969-09-23,95.630000,104.361109,0.970643,40.800000
1969-09-24,95.500000,104.233043,0.970146,40.850000
1969-09-25,94.770000,103.450073,0.968098,40.850000
1969-09-26,94.160000,102.797885,0.960633,40.750000
1969-09-29,93.410000,101.992679,0.957073,40.650000
1969-09-30,93.120000,101.689523,0.952762,40.650000
1969-10-01,92.520000,101.047629,0.952284,40.750000
1969-10-02,93.240000,101.847229,0.957900,40.770000
1969-10-03,93.190000,101.805955,0.963548,40.990000
1969-10-06,93.380000,102.026859,0.966143,40.900000
1969-10-07,93.090000,101.723371,0.969516,40.770000
1969-10-08,92.670000,101.277745,0.971349,40.760000
1969-10-09,93.030000,101.684451,0.970852,40.770000
1969-10-10,93.560000,102.277077,0.977347,40.750000
1969-10-14,95.700000,104.629861,0.987010,40.670000
1969-10-15,95.720000,104.665434,0.985709,40.730000
1969-10-16,96.370000,105.389891,0.992296,40.650000
1969-10-17,96.260000,105.283401,0.996542,40.580000
1969-10-20,96.460000,105.515942,1.009574,40.480000
1969-10-21,97.200000,106.339238,1.014694,40.350000
1969-10-22,97.830000,107.042404,1.012531,40.250000
1969-10-23,97.460000,106.651585,1.004704,39.950000
1969-10-24,98.120000,107.387802,1.004979,40.050000
1969-10-27,97.970000,107.237701,1.002842,40.150000
1969-10-28,97.660000,106.912424,0.997502,40.120000
1969-10-29,96.810000,105.995900,0.997779,40.050000
1969-10-30,96.930000,106.141172,1.001249,39.980000
1969-10-31,97.120000,106.363132,1.003128,39.850000
1969-11-03,97.150000,106.409836,1.006614,39.580000
1969-11-05,97.640000,106.960394,1.001253,39.500000
1969-11-06,97.670000,107.007184,0.998326,39.050000
1969-11-07,98.260000,107.667520,1.000201,38.850000
1969-11-10,98.330000,107.758240,1.000478,37.900000
1969-11-12,97.890000,107.290081,0.995153,38.080000
1969-11-13,97.420000,106.788918,0.990655,37.800000
1969-11-14,97.070000,106.419162,0.994105,37.800000
1969-11-17,96.410000,105.709451,0.990408,37.900000
1969-11-18,96.390000,105.701285,0.983557,37.770000
1969-11-19,95.900000,105.177713,0.981478,37.050000
1969-11-20,94.910000,104.105631,0.977050,36.000000
1969-11-21,94.320000,103.472022,0.979678,36.100000
1969-11-24,93.240000,102.300699,0.980745,35.830000
1969-11-25,92.940000,101.984866,0.980243,35.350000
1969-11-26,93.270000,102.360260,0.978958,35.580000
1969-11-28,93.810000,102.966216,0.980025,35.550000
1969-12-01,93.220000,102.332802,0.980308,35.520000
1969-12-02,92.650000,101.721165,0.975886,35.450000
1969-12-03,91.650000,100.637257,0.973048,35.350000
1969-12-04,91.950000,100.980526,0.976447,35.330000
1969-12-05,91.730000,100.752818,0.976732,35.230000
1969-12-08,90.840000,99.789142,0.973110,35.200000
1969-12-09,90.550000,99.484307,0.965611,35.000000
1969-12-10,90.480000,99.421092,0.958946,35.000000
1969-12-11,90.520000,99.478729,0.956933,35.170000
1969-12-12,90.810000,99.811121,0.958754,35.330000
1969-12-15,90.540000,99.528096,0.956742,35.200000
1969-12-16,89.720000,98.640391,0.950143,35.020000
1969-12-17,89.200000,98.082267,0.947394,35.100000
1969-12-18,90.610000,99.646169,0.943896,35.080000
1969-12-19,91.380000,100.506673,0.945698,35.000000
1969-12-22,90.580000,99.640605,0.948260,35.040000
1969-12-23,90.230000,99.269309,0.944001,35.120000
1969-12-24,91.180000,100.328143,0.939007,35.170000
1969-12-29,91.250000,100.418975,0.927550,35.230000
1969-12-30,91.600000,100.817964,0.933783,35.230000
1969-12-31,92.060000,101.338131,0.940801,35.210000
1970-01-02,93.000000,102.386953,0.942601,35.120000
1970-01-05,93.460000,102.907615,0.941387,35.100000
1970-01-06,92.820000,102.217223,0.935656,35.120000
1970-01-07,92.630000,102.022195,0.933706,35.000000
1970-01-08,92.680000,102.091446,0.936243,34.980000
1970-01-09,92.400000,101.797203,0.944029,34.850000
1970-01-12,91.700000,101.040162,0.947344,34.980000
1970-01-13,91.920000,101.296614,0.948396,34.920000
1970-01-14,91.650000,101.013152,0.944896,34.890000
1970-01-15,91.680000,101.060257,0.945947,34.860000
1970-01-16,90.920000,100.236545,0.953809,34.770000
1970-01-19,89.650000,98.850341,0.958681,34.770000
1970-01-20,89.830000,99.062554,0.956672,34.800000
1970-01-21,89.950000,99.208657,0.959261,34.830000
1970-01-22,90.040000,99.321710,0.961089,34.920000
1970-01-23,89.370000,98.596449,0.959844,34.990000
1970-01-26,88.170000,97.286267,0.958601,34.980000
1970-01-27,87.620000,96.692923,0.959661,35.000000
1970-01-28,86.790000,95.790418,0.959954,35.000000
1970-01-29,85.690000,94.589659,0.954872,35.000000
1970-01-30,85.020000,93.863221,0.956694,34.980000
1970-02-02,85.750000,94.682684,0.964642,34.950000
1970-02-03,86.770000,95.822589,0.970337,35.000000
1970-02-04,86.240000,95.251110,0.976839,35.000000
1970-02-05,85.900000,94.889316,0.981037,34.990000
1970-02-06,86.330000,95.377996,0.988390,35.000000
1970-02-09,87.010000,96.143016,0.995005,35.010000
1970-02-10,86.100000,95.151359,0.992108,35.010000
1970-02-11,86.940000,96.093383,0.991603,35.020000
1970-02-13,86.540000,95.665123,1.006170,34.980000
1970-02-16,86.470000,95.601535,1.004846,35.000000
1970-02-17,86.370000,95.504758,1.006739,35.000000
1970-02-18,87.440000,96.701693,1.009441,34.980000
1970-02-19,87.760000,97.069530,1.012149,34.980000
1970-02-20,88.030000,97.382166,1.010005,34.990000
1970-02-24,87.990000,97.351956,1.008674,34.980000
1970-02-25,89.350000,98.870693,1.017029,35.000000
1970-02-26,88.900000,98.386998,1.025450,35.000000
1970-02-27,89.500000,99.065212,1.029013,35.000000
1970-03-02,89.710000,99.311713,1.025179,35.000000
1970-03-03,90.230000,99.901461,1.022181,35.010000
1970-03-04,90.040000,99.705271,1.024100,35.000000
1970-03-05,90.000000,99.675126,1.023564,35.000000
1970-03-06,89.440000,99.069069,1.025486,34.950000
1970-03-09,88.510000,98.053003,1.023308,34.970000
1970-03-10,88.750000,98.332793,1.019498,34.980000
1970-03-11,88.690000,98.280268,1.014074,34.990000
1970-03-12,88.330000,97.895286,1.010304,35.000000
1970-03-13,87.860000,97.388281,1.004933,35.000000
1970-03-16,86.910000,96.349074,1.004417,35.050000
1970-03-17,87.290000,96.784017,0.995064,35.070000
1970-03-18,87.540000,97.074942,1.001723,35.080000
1970-03-19,87.420000,96.955646,1.018841,35.300000
1970-03-20,87.060000,96.570136,1.019942,35.170000
1970-03-23,86.990000,96.506192,1.021043,35.150000
1970-03-24,87.980000,97.618187,1.023780,35.170000
1970-03-25,89.770000,99.618133,1.028979,35.270000
1970-03-26,89.920000,99.798724,1.027617,35.300000
1970-03-31,89.630000,99.491025,1.019980,35.300000
1970-04-01,90.070000,99.994010,1.023530,35.330000
1970-04-02,89.790000,99.697810,1.020541,35.400000
1970-04-03,89.390000,99.268279,1.015929,35.350000
1970-04-06,88.760000,98.583203,1.013778,35.330000
1970-04-07,88.520000,98.331085,1.013256,35.280000
1970-04-08,88.490000,98.312167,1.014355,35.360000
1970-04-09,88.530000,98.371010,1.013832,35.420000
1970-04-10,88.240000,98.063186,1.014932,35.380000
1970-04-13,87.640000,97.410760,1.012785,35.430000
1970-04-14,86.890000,96.591416,1.011454,35.520000
1970-04-15,86.730000,96.427703,1.007698,35.840000
1970-04-16,85.880000,95.496788,1.002346,35.750000
1970-04-17,85.670000,95.277264,0.997826,35.750000
1970-04-20,85.830000,95.469166,0.994926,35.760000
1970-04-21,85.380000,94.982616,0.990444,35.840000
1970-04-22,84.270000,93.761691,0.982023,35.920000
1970-04-23,83.040000,92.406888,0.979963,35.980000
1970-04-24,82.770000,92.119970,0.973988,35.810000
1970-04-27,81.460000,90.675485,0.972728,35.740000
1970-04-28,80.270000,89.364146,0.969136,35.800000
1970-04-29,81.810000,91.091713,0.970211,35.880000
1970-04-30,81.520000,90.782157,0.967406,35.850000
1970-05-01,81.440000,90.708113,0.965384,35.850000
1970-05-04,79.370000,88.417575,0.958734,35.900000
1970-05-05,78.600000,87.574454,0.960570,36.190000
1970-05-06,79.470000,88.558304,0.965483,36.240000
1970-05-07,79.830000,88.974151,0.968874,36.230000
1970-05-08,79.440000,88.554225,0.972275,36.230000
1970-05-11,78.600000,87.632528,0.969464,36.150000
1970-05-12,77.850000,86.810863,0.968213,36.000000
1970-05-13,76.530000,85.353313,0.967740,35.940000
1970-05-14,75.440000,84.151791,0.967267,35.950000
1970-05-15,76.900000,85.794338,0.969890,35.950000
1970-05-18,76.960000,85.875497,0.972519,35.980000
1970-05-19,75.460000,84.215961,0.972821,35.960000
1970-05-20,73.520000,82.064811,0.969230,35.960000
1970-05-21,72.160000,80.560347,0.965655,35.950000
1970-05-22,72.250000,80.674176,0.959005,35.880000
1970-05-26,69.290000,77.382418,0.942037,35.850000
1970-05-27,72.770000,81.281674,0.957417,35.800000
1970-05-28,74.610000,83.350364,0.960785,35.670000
1970-05-29,76.550000,85.531444,0.963395,35.500000
1970-06-01,77.840000,86.987076,0.972177,35.450000
1970-06-02,77.840000,87.001597,0.977146,35.300000
1970-06-03,78.520000,87.776156,0.979011,35.200000
1970-06-04,77.360000,86.494065,0.976180,35.170000
1970-06-05,76.170000,85.177999,0.970235,35.190000
1970-06-08,76.290000,85.326410,0.969762,35.250000
1970-06-09,76.250000,85.295917,0.970841,35.700000
1970-06-10,75.480000,84.448807,0.971921,35.520000
1970-06-11,74.450000,83.310517,0.968337,35.590000
1970-06-12,73.880000,82.686587,0.963994,35.640000
1970-06-15,74.580000,83.483832,0.964299,35.640000
1970-06-16,76.150000,85.255205,0.973090,35.480000
1970-06-17,76.000000,85.101502,0.971059,35.340000
1970-06-18,76.510000,85.686785,0.971363,35.460000
1970-06-19,77.050000,86.305859,0.971667,35.370000
1970-06-22,76.640000,85.861014,0.975081,35.400000
1970-06-23,74.760000,83.769154,0.980846,35.400000
1970-06-24,73.970000,82.897937,0.985073,35.450000
1970-06-25,74.020000,82.967811,0.983799,35.620000
1970-06-26,73.470000,82.365176,0.982528,35.450000
1970-06-29,72.890000,81.728704,0.984403,35.480000
1970-06-30,72.720000,81.551733,0.991007,35.510000
1970-07-01,72.940000,81.812057,0.994480,35.500000
1970-07-02,72.920000,81.803273,1.001942,35.480000
1970-07-06,71.780000,80.538043,1.007051,35.350000
1970-07-07,71.230000,79.934372,1.009767,35.330000
1970-07-08,73.000000,81.934003,1.007643,35.300000
1970-07-09,74.060000,83.137399,1.007942,35.310000
1970-07-10,74.450000,83.589070,1.004210,35.310000
1970-07-13,74.550000,83.715291,1.003707,35.330000
1970-07-14,74.420000,83.583274,1.005614,35.330000
1970-07-15,75.230000,84.506953,1.009132,35.310000
1970-07-16,76.340000,85.767930,1.011854,35.300000
1970-07-17,77.690000,87.298963,1.012963,35.310000
1970-07-20,77.790000,87.425895,1.012452,35.330000
1970-07-21,76.980000,86.530145,1.013562,35.310000
1970-07-22,77.030000,86.600784,1.015483,35.320000
1970-07-23,78.000000,87.705751,1.024719,35.300000
1970-07-24,77.820000,87.517985,1.023377,35.270000
1970-07-27,77.650000,87.341400,1.022038,35.300000
1970-07-28,77.770000,87.490948,1.018248,35.310000
1970-07-29,78.040000,87.809293,1.020177,35.310000
1970-07-30,78.070000,87.857698,1.021292,35.300000
1970-07-31,78.050000,87.849848,1.021591,35.290000
1970-08-03,77.020000,86.704779,1.021073,35.300000
1970-08-04,77.190000,86.910227,1.020556,35.310000
1970-08-05,77.180000,86.913072,1.019222,35.330000
1970-08-06,77.080000,86.814566,1.018707,35.300000
1970-08-07,77.280000,87.053914,1.017378,35.300000
1970-08-10,76.200000,85.851450,1.013609,35.300000
1970-08-11,75.820000,85.437252,1.010667,35.250000
1970-08-12,75.420000,85.000380,1.009352,35.250000
1970-08-13,74.760000,84.270337,1.008040,35.270000
1970-08-14,75.180000,84.757442,1.001085,35.250000
1970-08-17,75.330000,84.940306,0.998187,35.250000
1970-08-18,76.200000,85.935082,1.000888,35.250000
1970-08-19,76.960000,86.806123,1.003595,35.250000
1970-08-20,77.840000,87.812797,1.004702,35.270000
1970-08-21,79.240000,89.406414,1.008222,35.330000
1970-08-24,80.990000,91.395447,1.018205,35.500000
1970-08-25,81.120000,91.556982,1.020136,35.590000
1970-08-26,81.210000,91.673420,1.021255,35.600000
1970-08-27,81.080000,91.541548,1.019105,35.870000
1970-08-28,81.860000,92.437045,1.018593,35.770000
1970-09-01,80.950000,91.423635,1.020828,35.850000
1970-09-02,80.960000,91.448943,1.020314,36.070000
1970-09-03,82.090000,92.739361,1.020617,36.350000
1970-09-04,82.830000,93.589576,1.021737,36.300000
1970-09-08,83.040000,93.841201,1.019587,35.950000
1970-09-09,82.790000,93.573068,1.016628,36.230000
1970-09-10,82.300000,93.033591,1.018559,36.230000
1970-09-11,82.520000,93.296545,1.020493,36.300000
1970-09-14,82.070000,92.802079,1.022429,36.350000
1970-09-15,81.360000,92.013460,1.024368,36.270000
1970-09-16,81.790000,92.513870,1.029589,36.080000
1970-09-17,82.290000,93.093609,1.036480,36.230000
1970-09-18,82.620000,93.481204,1.037611,36.200000
1970-09-21,81.910000,92.692197,1.039572,36.230000
1970-09-22,81.860000,92.649825,1.040704,36.300000
1970-09-23,81.910000,92.720617,1.044335,36.250000
1970-09-24,81.660000,92.451835,1.042964,36.150000
1970-09-25,82.830000,93.790629,1.041596,36.150000
1970-09-28,83.910000,95.027919,1.039397,36.170000
1970-09-29,83.860000,94.985861,1.040530,36.200000
1970-09-30,84.300000,95.498797,1.041664,36.240000
1970-10-01,84.320000,95.535708,1.041965,36.420000
1970-10-02,85.160000,96.501698,1.044767,36.270000
1970-10-05,86.470000,98.000569,1.045068,36.520000
1970-10-06,86.850000,98.445868,1.047042,36.920000
1970-10-07,86.890000,98.505902,1.048180,36.830000
1970-10-08,85.950000,97.454940,1.046804,36.730000
1970-10-09,85.080000,96.483031,1.047105,36.790000
1970-10-13,84.060000,95.340724,1.047406,37.360000
1970-10-14,84.190000,95.502400,1.043518,37.450000
1970-10-15,84.650000,96.038463,1.043820,37.630000
1970-10-16,84.280000,95.633019,1.043287,37.560000
1970-10-19,83.150000,94.365075,1.040251,37.660000
1970-10-20,83.640000,94.935249,1.038890,37.870000
1970-10-21,83.660000,94.972120,1.035039,38.000000
1970-10-22,83.380000,94.668434,1.032031,37.850000
1970-10-23,83.770000,95.125364,1.033988,38.200000
1970-10-26,83.310000,94.617207,1.034293,39.150000
1970-10-27,83.120000,94.415542,1.036254,39.190000
1970-10-28,83.430000,94.781761,1.039875,38.700000
1970-10-29,83.360000,94.716383,1.046003,38.400000
1970-10-30,83.250000,94.605534,1.044632,37.400000
1970-11-02,83.510000,94.915060,1.052458,37.700000
1970-11-04,84.390000,95.929350,1.053602,36.800000
1970-11-05,84.100000,95.613954,1.056433,37.100000
1970-11-06,84.220000,95.764593,1.060961,37.000000
1970-11-09,84.670000,96.290511,1.068900,37.230000
1970-11-10,84.790000,96.441292,1.069200,37.550000
1970-11-12,84.150000,95.727682,1.072066,37.330000
1970-11-13,83.370000,94.854594,1.074938,37.600000
1970-11-16,83.240000,94.720784,1.078676,37.900000
1970-11-17,83.470000,94.996585,1.081563,37.350000
1970-11-18,82.790000,94.236801,1.087917,37.600000
1970-11-19,82.910000,94.387399,1.100398,37.600000
1970-11-20,83.720000,95.323558,1.121819,37.600000
1970-11-23,84.240000,95.929798,1.136467,37.550000
1970-11-24,84.780000,96.558990,1.124932,37.420000
1970-11-25,85.090000,96.926412,1.122520,37.650000
1970-11-27,85.930000,97.897666,1.122809,37.620000
1970-11-30,87.200000,99.359092,1.122200,37.600000
1970-12-01,87.470000,99.680489,1.123386,37.350000
1970-12-02,88.480000,100.845274,1.129966,37.580000
1970-12-03,88.900000,101.337924,1.139293,37.580000
1970-12-04,89.460000,101.990296,1.148693,37.550000
1970-12-07,89.940000,102.551640,1.143462,37.500000
1970-12-08,89.470000,102.029925,1.141917,37.400000
1970-12-09,89.540000,102.123870,1.137635,37.230000
1970-12-10,89.920000,102.571406,1.137921,36.980000
1970-12-11,90.260000,102.973435,1.140938,37.190000
1970-12-14,89.800000,102.462891,1.145788,37.200000
1970-12-15,89.660000,102.317327,1.143322,37.360000
1970-12-16,89.720000,102.399955,1.143608,37.710000
1970-12-17,90.040000,102.779350,1.142978,37.640000
1970-12-18,90.220000,102.999039,1.140521,37.650000
1970-12-21,89.940000,102.693631,1.129858,37.620000
1970-12-22,90.040000,102.822021,1.123820,37.650000
1970-12-23,90.100000,102.904766,1.119616,37.550000
1970-12-24,90.610000,103.501485,1.123490,37.400000
1970-12-28,91.090000,104.064098,1.122883,37.340000
1970-12-29,92.080000,105.209505,1.121378,37.330000
1970-12-30,92.270000,105.441154,1.126155,37.380000
1970-12-31,92.150000,105.318615,1.127347,37.380000
1971-01-04,91.150000,104.189703,1.131245,37.330000
1971-01-05,91.800000,104.946533,1.130630,37.500000
1971-01-06,92.350000,105.589240,1.130920,37.500000
1971-01-07,92.380000,105.637569,1.133020,37.390000
1971-01-08,92.190000,105.434336,1.134217,37.510000
1971-01-11,91.980000,105.208174,1.139043,37.500000
1971-01-12,92.720000,106.068575,1.142977,37.850000
1971-01-13,92.560000,105.899633,1.148751,38.270000
1971-01-14,92.800000,106.188290,1.155471,38.100000
1971-01-15,93.030000,106.465580,1.155756,38.150000
1971-01-18,93.410000,106.914605,1.161589,38.100000
1971-01-19,93.760000,107.329410,1.160944,37.920000
1971-01-20,93.780000,107.366564,1.163086,38.020000
1971-01-21,94.190000,107.850228,1.168952,38.170000
1971-01-22,94.880000,108.654626,1.172040,37.950000
1971-01-25,95.280000,109.127133,1.173260,37.900000
1971-01-26,95.590000,109.496683,1.171664,38.100000
1971-01-27,94.890000,108.709393,1.170072,38.020000
1971-01-28,95.210000,109.090439,1.171291,38.050000
1971-01-29,95.880000,109.872610,1.170636,38.000000
1971-02-01,96.420000,110.505425,1.170919,38.100000
1971-02-02,96.430000,110.530975,1.169329,38.350000
1971-02-03,96.630000,110.774313,1.169612,38.700000
1971-02-04,96.620000,110.776972,1.170831,38.480000
1971-02-05,96.930000,111.146517,1.171115,38.450000
1971-02-08,97.450000,111.756955,1.172335,38.500000
1971-02-09,97.510000,111.840012,1.174494,38.730000
1971-02-10,97.390000,111.716636,1.173838,38.850000
1971-02-11,97.910000,112.327374,1.174121,38.880000
1971-02-16,98.660000,113.202134,1.171586,38.950000
1971-02-17,98.200000,112.688764,1.171870,38.900000
1971-02-18,97.560000,111.968703,1.172154,38.850000
1971-02-19,96.740000,111.041872,1.171501,38.780000
1971-02-22,95.720000,109.885235,1.168974,38.750000
1971-02-23,96.090000,110.323999,1.166454,38.800000
1971-02-24,96.730000,111.072869,1.168606,38.770000
1971-02-25,96.960000,111.351134,1.173566,38.750000
1971-02-26,96.750000,111.124162,1.171034,38.790000
1971-03-01,97.000000,111.425074,1.173193,38.750000
1971-03-02,96.980000,111.415906,1.176294,38.700000
1971-03-03,96.950000,111.395246,1.180342,38.770000
1971-03-04,97.920000,112.523575,1.180625,38.770000
1971-03-05,98.960000,113.732621,1.182798,38.760000
1971-03-08,99.380000,114.229411,1.186866,38.750000
1971-03-09,99.460000,114.335518,1.195693,38.810000
1971-03-10,99.300000,114.165755,1.205539,38.840000
1971-03-11,99.390000,114.283375,1.216425,38.960000
1971-03-12,99.570000,114.504508,1.213780,39.020000
1971-03-15,100.710000,115.829685,1.215998,39.080000
1971-03-16,101.210000,116.419103,1.218218,38.980000
1971-03-17,101.120000,116.330003,1.225315,38.920000
1971-03-18,101.190000,116.424947,1.231469,38.950000
1971-03-19,101.010000,116.232272,1.235681,39.020000
1971-03-22,100.620000,115.797901,1.244848,38.950000
1971-03-23,100.280000,115.420963,1.249100,38.920000
1971-03-24,99.620000,114.675613,1.246368,38.920000
1971-03-25,99.610000,114.678311,1.244642,38.910000
1971-03-26,99.950000,115.083953,1.239931,38.900000
1971-03-29,100.030000,115.190327,1.234249,38.830000
1971-03-30,100.260000,115.469458,1.238470,38.750000
1971-03-31,100.310000,115.541351,1.235768,38.800000
1971-04-01,100.390000,115.647327,1.231096,38.950000
1971-04-02,100.560000,115.857006,1.229399,38.830000
1971-04-05,100.790000,116.135860,1.226722,38.900000
1971-04-06,101.510000,116.979384,1.229940,38.900000
1971-04-07,101.980000,117.535010,1.232181,38.920000
1971-04-08,102.100000,117.687381,1.228511,38.950000
1971-04-13,102.980000,118.715815,1.219226,38.900000
1971-04-14,103.370000,119.179618,1.214625,38.900000
1971-04-15,103.520000,119.366824,1.211988,38.890000
1971-04-16,103.490000,119.346518,1.210328,38.930000
1971-04-19,104.010000,119.960476,1.204798,38.950000
1971-04-20,103.610000,119.513492,1.196405,38.950000
1971-04-21,103.360000,119.239423,1.189988,38.910000
1971-04-22,103.560000,119.484421,1.192177,38.980000
1971-04-23,104.050000,120.064070,1.193416,39.090000
1971-04-26,103.940000,119.951510,1.194655,39.000000
1971-04-27,104.590000,120.715997,1.194940,38.910000
1971-04-28,104.770000,120.938199,1.196180,39.150000
1971-04-29,104.630000,120.791069,1.188809,39.420000
1971-04-30,103.950000,120.020494,1.188144,39.600000
1971-05-03,103.290000,119.273007,1.181777,39.420000
1971-05-04,103.790000,119.864833,1.172612,39.860000
1971-05-05,103.780000,119.867813,1.171964,39.660000
1971-05-06,103.230000,119.247082,1.170380,40.200000
1971-05-07,102.870000,118.845678,1.173481,39.880000
1971-05-10,102.360000,118.270881,1.176588,39.650000
1971-05-11,102.620000,118.585630,1.173114,40.000000
1971-05-12,102.900000,118.923567,1.164959,40.700000
1971-05-13,102.690000,118.695280,1.154069,40.850000
1971-05-14,102.210000,118.154854,1.152518,40.800000
1971-05-17,100.690000,116.412054,1.145439,41.100000
1971-05-18,100.830000,116.588024,1.138407,41.200000
1971-05-19,101.070000,116.879664,1.143261,40.500000
1971-05-20,101.310000,117.171372,1.153621,40.800000
1971-05-21,100.990000,116.815474,1.150227,41.050000
1971-05-24,100.130000,115.834868,1.154205,40.750000
1971-05-25,99.470000,115.085391,1.159119,40.980000
1971-05-26,99.590000,115.238178,1.165907,40.960000
1971-05-27,99.400000,115.032292,1.168067,40.700000
1971-05-28,99.630000,115.312407,1.165558,40.800000
1971-06-01,100.200000,115.986353,1.167718,40.850000
1971-06-02,100.960000,116.880398,1.179223,40.650000
1971-06-03,101.010000,116.952701,1.184232,40.520000
1971-06-04,101.300000,117.302900,1.177891,40.600000
1971-06-07,101.090000,117.074196,1.170645,40.500000
1971-06-08,100.320000,116.196887,1.167193,40.300000
1971-06-09,100.290000,116.176474,1.161886,39.950000
1971-06-10,100.640000,116.596247,1.158465,39.600000
1971-06-11,101.070000,117.108806,1.156909,39.650000
1971-06-14,100.220000,116.138366,1.145176,39.600000
1971-06-15,100.320000,116.268577,1.136316,39.490000
1971-06-16,100.520000,116.514715,1.141165,39.770000
1971-06-17,100.500000,116.505906,1.141467,39.950000
1971-06-18,98.970000,114.746607,1.150901,39.900000
1971-06-21,97.870000,113.485413,1.155806,39.950000
1971-06-22,97.590000,113.174738,1.147783,40.100000
1971-06-23,98.410000,114.139650,1.149003,40.250000
1971-06-24,98.130000,113.828976,1.149304,40.400000
1971-06-25,97.990000,113.680621,1.148686,40.110000
1971-06-28,97.740000,113.404613,1.147150,40.080000
1971-06-29,98.820000,114.671693,1.144699,39.880000
1971-06-30,98.700000,114.546590,1.142255,40.200000
1971-07-01,99.780000,115.814205,1.143473,40.100000
1971-07-02,99.780000,115.828580,1.143776,40.410000
1971-07-06,99.760000,115.819741,1.144995,40.300000
1971-07-07,100.040000,116.159192,1.147130,40.200000
1971-07-08,100.340000,116.521949,1.146516,40.270000
1971-07-09,100.690000,116.942857,1.145902,40.240000
1971-07-12,100.820000,117.108357,1.153540,40.350000
1971-07-13,99.500000,115.589635,1.152919,40.350000
1971-07-14,99.220000,115.278705,1.154144,40.400000
1971-07-15,99.280000,115.362725,1.155369,40.440000
1971-07-16,99.110000,115.179506,1.149201,40.600000
1971-07-19,98.930000,114.984618,1.144908,41.010000
1971-07-20,99.320000,115.452180,1.146129,40.980000
1971-07-21,99.280000,115.420014,1.146434,41.200000
1971-07-22,99.110000,115.236703,1.138484,41.590000
1971-07-23,98.940000,115.053345,1.134237,41.580000
1971-07-26,98.140000,114.137338,1.132730,41.450000
1971-07-27,97.780000,113.732824,1.128508,41.980000
1971-07-28,97.070000,112.921104,1.125206,42.090000
1971-07-29,96.020000,111.713660,1.131817,42.210000
1971-07-30,95.580000,111.215612,1.134843,42.480000
1971-08-02,95.960000,111.671815,1.134243,42.480000
1971-08-03,94.510000,109.998499,1.130015,42.150000
1971-08-04,93.890000,109.290778,1.132133,42.190000
1971-08-05,94.090000,109.537380,1.135160,42.800000
1971-08-06,94.250000,109.737476,1.135469,42.650000
1971-08-09,93.530000,108.913016,1.133961,42.900000
1971-08-10,93.540000,108.938409,1.133363,43.300000
1971-08-11,94.660000,110.256534,1.136393,42.750000
1971-08-12,96.000000,111.831235,1.142157,43.230000
1971-08-13,95.690000,111.484231,1.153430,43.270000
1971-08-18,98.600000,114.888617,1.184862,43.000000
1971-08-19,98.160000,114.390433,1.186108,43.400000
1971-08-20,98.330000,114.602982,1.183560,43.300000
1971-08-23,99.250000,115.689703,1.173444,43.250000
1971-08-24,100.400000,117.044792,1.183133,43.100000
1971-08-25,100.410000,117.071225,1.181540,43.100000
1971-08-26,100.240000,116.887795,1.184676,42.750000
1971-08-27,100.480000,117.182410,1.188766,41.100000
1971-08-31,99.030000,115.506174,1.194122,41.000000
1971-09-01,99.070000,115.567078,1.200152,40.700000
1971-09-02,99.290000,115.837969,1.205248,41.600000
1971-09-03,100.690000,117.485587,1.210365,41.730000
1971-09-07,101.150000,118.036810,1.215500,41.700000
1971-09-08,101.340000,118.273091,1.214820,41.330000
1971-09-09,100.800000,117.657451,1.210254,41.700000
1971-09-10,100.420000,117.228415,1.211517,41.580000
1971-09-13,100.070000,116.834293,1.204057,41.590000
1971-09-14,99.340000,115.996412,1.206280,41.850000
1971-09-15,99.770000,116.512820,1.207541,41.890000
1971-09-16,99.660000,116.398733,1.210735,42.230000
1971-09-17,99.960000,116.763480,1.211998,42.100000
1971-09-20,99.680000,116.450815,1.210354,42.050000
1971-09-21,99.340000,116.067976,1.208713,42.300000
1971-09-22,98.470000,115.065794,1.207075,42.200000
1971-09-23,98.380000,114.974820,1.206405,42.250000
1971-09-24,98.150000,114.720207,1.210563,42.650000
1971-09-27,97.620000,114.114881,1.213764,42.350000
1971-09-28,97.880000,114.432891,1.215030,42.730000
1971-09-29,97.900000,114.470389,1.219213,42.700000
1971-09-30,98.340000,114.998984,1.227311,42.480000
1971-10-01,98.930000,115.703393,1.227603,42.170000
1971-10-04,99.210000,116.045418,1.229859,42.500000
1971-10-05,99.110000,115.943043,1.227199,42.350000
1971-10-06,99.820000,116.788212,1.230437,42.440000
1971-10-07,100.020000,117.036897,1.231714,42.450000
1971-10-08,99.360000,116.279327,1.234962,42.500000
1971-10-12,99.570000,116.539710,1.241181,42.520000
1971-10-13,99.030000,115.922334,1.243456,42.600000
1971-10-14,98.130000,114.883393,1.241756,42.540000
1971-10-15,97.790000,114.499794,1.240059,42.580000
1971-10-18,97.350000,113.999009,1.235389,42.510000
1971-10-19,97.000000,113.603488,1.234692,42.550000
1971-10-20,95.650000,112.036695,1.238935,42.500000
1971-10-21,95.600000,111.992219,1.243191,42.520000
1971-10-22,95.570000,111.971160,1.241492,42.480000
1971-10-26,94.740000,111.012802,1.242776,42.500000
1971-10-27,93.790000,109.913589,1.240083,42.510000
1971-10-28,93.960000,110.126637,1.242359,42.450000
1971-10-29,94.230000,110.456942,1.245631,42.400000
1971-11-01,92.800000,108.795223,1.252897,42.120000
1971-11-03,94.910000,111.283224,1.261204,42.200000
1971-11-04,94.790000,111.157166,1.261490,42.150000
1971-11-05,94.460000,110.784813,1.261777,42.250000
1971-11-08,94.390000,110.717294,1.257016,42.350000
1971-11-09,94.460000,110.813972,1.257304,42.480000
1971-11-10,93.410000,109.596766,1.252562,42.620000
1971-11-11,92.120000,108.097648,1.255858,42.550000
1971-11-12,92.120000,108.111872,1.258156,42.600000
1971-11-15,91.810000,107.762283,1.258444,42.850000
1971-11-16,92.710000,108.832842,1.259739,43.000000
1971-11-17,92.850000,109.011510,1.261034,42.810000
1971-11-18,92.130000,108.180532,1.259305,43.000000
1971-11-19,91.610000,107.584175,1.257578,43.150000
1971-11-22,90.790000,106.635347,1.254849,43.250000
1971-11-23,90.160000,105.909427,1.248111,43.200000
1971-11-24,90.330000,106.123060,1.242412,43.380000
1971-11-26,91.940000,108.028513,1.243699,43.330000
1971-11-29,93.410000,109.769963,1.242998,43.650000
1971-11-30,93.990000,110.465990,1.245280,43.550000
1971-12-01,95.440000,112.183738,1.246569,43.500000
1971-12-02,95.840000,112.667694,1.248857,43.600000
1971-12-03,97.060000,114.115743,1.251147,43.730000
1971-12-06,96.510000,113.483114,1.251439,43.900000
1971-12-07,96.870000,113.920368,1.247726,43.880000
1971-12-08,96.920000,113.993163,1.248020,43.600000
1971-12-09,96.960000,114.054213,1.246316,43.500000
1971-12-10,97.690000,114.926924,1.247607,43.670000
1971-12-13,97.970000,115.270447,1.250895,43.650000
1971-12-14,97.670000,114.931630,1.247185,43.650000
1971-12-15,98.540000,115.969508,1.245483,43.610000
1971-12-16,99.740000,117.396007,1.246774,43.400000
1971-12-17,100.260000,118.022479,1.249063,43.050000
1971-12-20,101.550000,119.555519,1.245360,42.400000
1971-12-21,101.800000,119.864533,1.242666,42.950000
1971-12-22,101.180000,119.149238,1.241968,43.150000
1971-12-23,100.740000,118.645732,1.246239,43.520000
1971-12-28,101.950000,120.085375,1.257820,43.300000
1971-12-29,102.210000,120.406377,1.254087,43.520000
1971-12-30,101.780000,119.914616,1.254381,43.500000
1971-12-31,102.090000,120.294581,1.255678,43.620000
1972-01-03,101.670000,119.813874,1.250949,43.730000
1972-01-04,102.090000,120.322956,1.252244,44.350000
1972-01-05,103.060000,121.480385,1.254542,44.420000
1972-01-06,103.510000,122.025143,1.255840,44.880000
1972-01-07,103.470000,121.992379,1.258144,45.750000
1972-01-10,103.320000,121.829914,1.260450,45.700000
1972-01-11,103.650000,122.233402,1.258727,45.340000
1972-01-12,103.590000,122.177060,1.259020,45.250000
1972-01-13,102.990000,121.483811,1.261329,45.450000
1972-01-14,103.390000,121.969966,1.262631,45.730000
1972-01-17,103.700000,122.350059,1.258884,45.980000
1972-01-18,104.050000,122.777435,1.256157,46.090000
1972-01-19,103.880000,122.591317,1.252432,45.900000
1972-01-20,103.880000,122.605774,1.250724,45.750000
1972-01-21,103.650000,122.348773,1.250021,45.890000
1972-01-24,102.570000,121.088367,1.247318,45.920000
1972-01-25,102.700000,121.256118,1.247616,46.100000
1972-01-26,102.500000,121.034282,1.248912,46.080000
1972-01-27,103.500000,122.229378,1.245213,46.200000
1972-01-28,104.160000,123.023226,1.242523,47.000000
1972-01-31,103.940000,122.777893,1.241829,46.950000
1972-02-01,104.010000,122.874798,1.242129,47.490000
1972-02-02,104.680000,123.680549,1.243423,48.600000
1972-02-03,104.640000,123.647611,1.243723,48.400000
1972-02-04,104.860000,123.921892,1.244023,47.550000
1972-02-07,104.540000,123.558072,1.243328,47.450000
1972-02-08,104.740000,123.808765,1.241639,48.200000
1972-02-09,105.550000,124.780569,1.240947,47.920000
1972-02-10,105.590000,124.842307,1.242241,48.400000
1972-02-11,105.080000,124.253775,1.241549,48.250000
1972-02-14,104.590000,123.688755,1.243837,48.200000
1972-02-15,105.030000,124.223425,1.244138,47.900000
1972-02-16,105.620000,124.935629,1.246430,48.050000
1972-02-17,105.590000,124.914610,1.248725,48.500000
1972-02-18,105.280000,124.562341,1.249025,48.240000
1972-02-22,105.290000,124.588597,1.249325,48.600000
1972-02-23,105.380000,124.709521,1.248626,48.620000
1972-02-24,105.450000,124.806803,1.248927,48.700000
1972-02-25,106.180000,125.685258,1.250227,48.600000
1972-02-28,106.190000,125.711649,1.252528,48.490000
1972-02-29,106.570000,126.176065,1.252828,48.400000
1972-03-01,107.350000,127.113837,1.253128,47.800000
1972-03-02,107.320000,127.092693,1.254431,48.200000
1972-03-03,107.940000,127.841298,1.255735,48.050000
1972-03-06,108.770000,128.838789,1.257040,48.000000
1972-03-07,108.870000,128.971813,1.256334,48.270000
1972-03-08,108.960000,129.093020,1.256634,48.250000
1972-03-09,108.940000,129.083927,1.256934,48.300000
1972-03-10,108.380000,128.434979,1.256229,48.230000
1972-03-13,107.330000,127.205212,1.252509,48.350000
1972-03-14,107.610000,127.551451,1.253813,48.400000
1972-03-15,107.750000,127.731822,1.249099,48.300000
1972-03-16,107.500000,127.449909,1.252400,48.470000
1972-03-17,107.920000,127.962270,1.252702,48.400000
1972-03-20,107.590000,127.585459,1.252002,48.350000
1972-03-21,106.690000,126.532627,1.253306,48.400000
1972-03-22,106.840000,126.724837,1.253609,48.400000
1972-03-23,107.750000,127.818539,1.251906,48.400000
1972-03-24,107.520000,127.560159,1.250206,48.400000
1972-03-27,107.300000,127.313584,1.252509,48.350000
1972-03-28,107.170000,127.173737,1.251811,48.230000
1972-03-29,106.490000,126.381198,1.251113,48.420000
1972-03-30,107.200000,127.238114,1.251417,48.380000
1972-04-04,108.120000,128.344330,1.246024,48.400000
1972-04-05,109.000000,129.403309,1.246329,48.400000
1972-04-06,109.530000,130.047007,1.246635,48.300000
1972-04-07,109.620000,130.168427,1.246941,48.350000
1972-04-10,109.450000,129.981136,1.248244,48.400000
1972-04-11,109.760000,130.363841,1.247551,48.450000
1972-04-12,110.180000,130.877279,1.244863,48.810000
1972-04-13,109.910000,130.571215,1.241186,49.420000
1972-04-14,109.840000,130.502676,1.241494,49.350000
1972-04-17,109.510000,130.125210,1.242795,49.350000
1972-04-18,109.770000,130.448726,1.243103,49.480000
1972-04-19,109.200000,129.785954,1.245399,49.250000
1972-04-20,109.040000,129.610324,1.246703,49.420000
1972-04-21,108.890000,129.446539,1.248008,49.380000
1972-04-24,108.190000,128.628886,1.247316,49.350000
1972-04-25,107.120000,127.371148,1.247624,49.210000
1972-04-26,106.890000,127.111928,1.249927,49.300000
1972-04-27,107.050000,127.316431,1.258234,49.380000
1972-04-28,107.670000,128.068063,1.255519,49.500000
1972-05-01,106.690000,126.916889,1.255825,50.200000
1972-05-02,106.080000,126.205598,1.254122,50.700000
1972-05-03,105.990000,126.112799,1.253425,50.300000
1972-05-04,106.250000,126.436427,1.253732,50.350000
1972-05-05,106.630000,126.902925,1.254039,50.520000
1972-05-08,106.140000,126.334119,1.254346,51.600000
1972-05-09,104.740000,124.682046,1.251643,54.000000
1972-05-10,105.420000,125.505619,1.252952,53.300000
1972-05-11,105.770000,125.936501,1.253260,53.000000
1972-05-12,106.380000,126.677051,1.256575,52.800000
1972-05-15,106.860000,127.262963,1.256883,52.800000
1972-05-16,106.660000,127.039172,1.257190,54.500000
1972-05-17,106.890000,127.327487,1.258503,57.500000
1972-05-18,107.940000,128.592651,1.260824,57.150000
1972-05-19,108.980000,129.846185,1.264156,56.500000
1972-05-22,109.690000,130.706815,1.267496,57.200000
1972-05-23,109.780000,130.828844,1.269830,57.500000
1972-05-24,110.310000,131.475263,1.269119,56.650000
1972-05-25,110.460000,131.668916,1.271454,56.920000
1972-05-26,110.660000,131.922211,1.271759,57.500000
1972-05-30,110.350000,131.567570,1.271046,58.700000
1972-05-31,109.530000,130.604786,1.271352,59.300000
1972-06-01,109.690000,130.810305,1.269623,58.800000
1972-06-02,109.730000,130.872762,1.267897,59.200000
1972-06-05,108.820000,129.802186,1.267189,59.400000
1972-06-06,108.210000,129.089210,1.264455,59.750000
1972-06-07,107.650000,128.435719,1.265774,64.750000
1972-06-08,107.280000,128.008765,1.266081,66.750000
1972-06-09,106.860000,127.522052,1.267402,65.600000
1972-06-12,107.010000,127.715440,1.268723,59.000000
1972-06-13,107.550000,128.374331,1.269030,63.300000
1972-06-14,108.390000,129.391457,1.269337,60.700000
1972-06-15,108.440000,129.465740,1.269644,61.600000
1972-06-16,108.360000,129.384833,1.269952,61.800000
1972-06-19,108.110000,129.100921,1.272291,60.600000
1972-06-20,108.560000,129.652857,1.272598,61.600000
1972-06-21,108.790000,129.942170,1.271887,61.120000
1972-06-22,108.680000,129.825440,1.270159,61.480000
1972-06-23,108.270000,129.350312,1.271483,64.000000
1972-06-26,107.480000,128.421089,1.269757,63.500000
1972-06-27,107.370000,128.304143,1.270065,62.300000
1972-06-28,107.020000,127.900376,1.270374,63.300000
1972-06-29,106.820000,127.675782,1.268650,65.100000
1972-06-30,107.140000,128.072661,1.267944,64.100000
1972-07-03,107.490000,128.505613,1.269268,64.250000
1972-07-05,108.100000,129.249496,1.270592,65.300000
1972-07-06,109.040000,130.388108,1.270901,65.900000
1972-07-07,108.690000,129.984418,1.271210,65.800000
1972-07-10,108.110000,129.305573,1.271520,65.050000
1972-07-11,107.320000,128.375400,1.271829,65.700000
1972-07-12,106.890000,127.875642,1.273156,64.850000
1972-07-13,106.280000,127.160429,1.274483,65.100000
1972-07-14,106.800000,127.797058,1.275812,65.200000
1972-07-17,105.880000,126.710724,1.275100,65.200000
1972-07-18,105.830000,126.665302,1.275409,65.600000
1972-07-19,106.140000,127.050744,1.277759,65.100000
1972-07-20,105.810000,126.670184,1.278068,64.750000
1972-07-21,106.660000,127.702170,1.277355,65.300000
1972-07-24,107.920000,129.225275,1.277664,65.100000
1972-07-25,107.600000,128.856803,1.278995,65.450000
1972-07-26,107.530000,128.787633,1.280327,65.580000
1972-07-27,107.280000,128.502863,1.275515,65.650000
1972-07-28,107.380000,128.637265,1.276846,67.450000
1972-07-31,107.390000,128.663879,1.277156,68.900000
1972-08-01,108.400000,129.888111,1.275423,68.800000
1972-08-02,109.290000,130.968822,1.275733,70.000000
1972-08-03,110.140000,132.001834,1.275024,68.700000
1972-08-04,110.430000,132.363915,1.274315,67.750000
1972-08-07,110.610000,132.594226,1.274626,68.400000
1972-08-08,110.690000,132.704711,1.275957,66.250000
1972-08-09,110.860000,132.923118,1.277290,65.700000
1972-08-10,111.050000,133.165552,1.277601,66.150000
1972-08-11,111.950000,134.259433,1.277912,66.100000
1972-08-14,112.550000,134.993769,1.276179,64.750000
1972-08-15,112.060000,134.420905,1.275470,65.750000
1972-08-16,111.660000,133.955873,1.274762,65.800000
1972-08-17,111.340000,133.586710,1.273035,66.250000
1972-08-18,111.760000,134.105323,1.272330,66.250000
1972-08-21,111.720000,134.072076,1.272643,66.600000
1972-08-22,112.410000,134.914872,1.273975,66.970000
1972-08-23,112.260000,134.749681,1.272250,67.400000
1972-08-24,111.020000,133.276086,1.271546,67.300000
1972-08-25,110.670000,132.870581,1.268809,67.050000
1972-08-29,110.410000,132.573040,1.261332,66.600000
1972-08-30,110.570000,132.779739,1.253577,66.800000
1972-08-31,111.090000,133.418794,1.253896,66.800000
1972-09-01,111.510000,133.938118,1.253212,66.800000
1972-09-05,111.230000,133.616765,1.250524,66.850000
1972-09-06,110.550000,132.814832,1.247844,67.000000
1972-09-07,110.290000,132.517306,1.245170,66.970000
1972-09-08,110.150000,132.363896,1.241508,67.100000
1972-09-11,109.510000,131.609616,1.243817,67.200000
1972-09-12,108.470000,130.374442,1.244140,67.000000
1972-09-13,108.900000,130.905842,1.244463,66.950000
1972-09-14,108.930000,130.956529,1.241799,66.850000
1972-09-15,108.810000,130.826895,1.243117,66.100000
1972-09-18,108.610000,130.601042,1.244435,64.500000
1972-09-19,108.550000,130.543484,1.244758,64.350000
1972-09-20,108.600000,130.618199,1.244086,64.550000
1972-09-21,108.430000,130.428325,1.241424,64.500000
1972-09-22,108.520000,130.551156,1.238769,64.650000
1972-09-25,108.050000,130.000324,1.239095,63.800000
1972-09-26,108.120000,130.099069,1.241403,63.400000
1972-09-27,109.660000,131.966661,1.242721,63.700000
1972-09-28,110.350000,132.811761,1.246028,64.150000
1972-09-29,110.550000,133.067309,1.248346,64.100000
1972-10-02,110.160000,132.612824,1.248670,64.100000
1972-10-03,110.300000,132.796259,1.248994,64.100000
1972-10-04,110.090000,132.558350,1.250318,64.800000
1972-10-05,108.890000,131.128335,1.250642,65.620000
1972-10-06,109.620000,132.022155,1.251966,65.300000
1972-10-10,109.990000,132.482603,1.256297,65.500000
1972-10-11,109.500000,131.907286,1.257625,65.190000
1972-10-12,108.600000,130.837938,1.254929,64.420000
1972-10-13,107.920000,130.033396,1.255253,64.500000
1972-10-16,106.770000,128.662365,1.256581,64.850000
1972-10-17,107.500000,129.556503,1.256905,65.050000
1972-10-18,108.190000,130.402632,1.257228,64.800000
1972-10-19,108.050000,130.248541,1.258558,64.910000
1972-10-20,109.240000,131.697657,1.259888,64.900000
1972-10-24,110.810000,133.605217,1.262228,64.620000
1972-10-25,110.720000,133.511715,1.263560,64.800000
1972-10-26,110.990000,133.852296,1.265905,64.550000
1972-10-27,110.620000,133.421121,1.266228,64.550000
1972-10-30,110.590000,133.399929,1.266550,64.500000
1972-10-31,111.580000,134.609112,1.267886,64.420000
1972-11-01,112.670000,135.938589,1.270237,63.800000
1972-11-02,113.230000,136.628894,1.275640,64.050000
1972-11-03,114.220000,137.838204,1.280043,64.120000
1972-11-06,113.980000,137.563436,1.283435,64.050000
1972-11-08,113.350000,136.817913,1.280674,63.850000
1972-11-09,113.500000,137.013717,1.280995,62.750000
1972-11-10,113.730000,137.306136,1.281315,62.600000
1972-11-13,113.900000,137.526178,1.284710,62.540000
1972-11-14,114.950000,138.808803,1.286058,62.450000
1972-11-15,114.500000,138.280365,1.289464,61.900000
1972-11-16,115.130000,139.056115,1.288751,61.600000
1972-11-17,115.490000,139.505920,1.289070,60.100000
1972-11-20,115.530000,139.569276,1.290420,60.380000
1972-11-21,116.210000,140.405814,1.287642,61.500000
1972-11-22,116.900000,141.254613,1.286932,62.100000
1972-11-24,117.270000,141.716925,1.287252,62.550000
1972-11-27,116.720000,141.067544,1.284483,63.050000
1972-11-28,116.470000,140.780601,1.285832,63.620000
1972-11-29,116.520000,140.856214,1.288210,63.600000
1972-11-30,116.670000,141.052726,1.287500,63.600000
1972-12-01,117.380000,141.926114,1.286791,63.900000
1972-12-04,117.770000,142.412768,1.286083,63.400000
1972-12-05,117.580000,142.198162,1.285376,63.000000
1972-12-06,118.010000,142.733320,1.285697,63.100000
1972-12-07,118.600000,143.462110,1.286019,62.850000
1972-12-08,118.860000,143.791876,1.285312,63.000000
1972-12-11,119.120000,144.121710,1.283578,63.000000
1972-12-12,118.660000,143.580495,1.282874,62.750000
1972-12-13,118.560000,143.474767,1.283198,62.850000
1972-12-14,118.240000,143.102784,1.283521,63.270000
1972-12-15,118.260000,143.142214,1.283844,63.400000
1972-12-18,116.900000,141.511294,1.281087,64.400000
1972-12-19,116.340000,140.848450,1.279361,65.400000
1972-12-20,115.950000,140.391275,1.279686,64.700000
1972-12-21,115.110000,139.389146,1.280011,64.200000
1972-12-22,115.830000,140.275838,1.280336,64.150000
1972-12-27,116.930000,141.622915,1.280985,64.900000
1972-12-29,118.050000,142.994499,1.280612,64.700000
1973-01-02,119.100000,144.281498,1.278888,64.990000
1973-01-03,119.570000,144.866135,1.280238,65.250000
1973-01-04,119.400000,144.675497,1.282612,65.200000
1973-01-05,119.870000,145.260296,1.280886,65.220000
1973-01-08,119.850000,145.251428,1.280188,65.150000
1973-01-09,119.730000,145.121362,1.281538,65.150000
1973-01-10,119.430000,144.773094,1.280840,65.050000
1973-01-11,120.240000,145.770293,1.281166,65.100000
1973-01-12,119.300000,144.646127,1.280468,65.100000
1973-01-15,118.440000,143.618717,1.280796,65.100000
1973-01-16,118.140000,143.270136,1.281123,65.050000
1973-01-17,118.680000,143.940160,1.280425,64.800000
1973-01-18,118.850000,144.161571,1.279729,64.620000
1973-01-19,118.780000,144.091916,1.276986,64.100000
1973-01-22,118.210000,143.415694,1.276293,64.600000
1973-01-23,118.220000,143.442999,1.278664,65.200000
1973-01-24,116.730000,141.650274,1.277970,64.750000
1973-01-26,116.450000,141.325484,1.274542,65.600000
1973-01-29,116.010000,140.806445,1.272833,65.300000
1973-01-30,115.830000,140.602868,1.276219,66.200000
1973-01-31,116.030000,140.860518,1.274507,66.000000
1973-02-01,114.760000,139.334221,1.268720,66.400000
1973-02-02,114.350000,138.851741,1.264992,67.100000
1973-02-05,114.230000,138.721291,1.265326,66.900000
1973-02-06,114.450000,139.003708,1.265659,68.900000
1973-02-07,113.660000,138.059503,1.265993,68.700000
1973-02-08,113.160000,137.467343,1.264301,68.900000
1973-02-09,114.680000,139.328958,1.267669,69.200000
1973-02-13,116.780000,141.895640,1.270031,69.100000
1973-02-14,115.100000,139.869923,1.269348,70.100000
1973-02-15,114.450000,139.095415,1.269681,72.800000
1973-02-16,114.980000,139.754834,1.268999,73.000000
1973-02-20,115.400000,140.280693,1.266287,76.100000
1973-02-21,114.690000,139.433034,1.266622,78.500000
1973-02-22,114.440000,139.144426,1.267970,83.000000
1973-02-23,113.160000,137.603405,1.272362,89.000000
1973-02-26,112.190000,136.439003,1.268624,83.000000
1973-02-27,110.900000,134.885177,1.269974,81.200000
1973-02-28,111.680000,135.848700,1.270309,85.300000
1973-03-01,111.050000,135.097565,1.269627,86.000000
1973-03-02,112.280000,136.609037,1.267931,87.000000
1973-03-05,112.680000,137.110999,1.267252,83.000000
1973-03-06,114.100000,138.854225,1.267588,83.000000
1973-03-07,114.450000,139.295698,1.269952,81.500000
1973-03-08,114.230000,139.043528,1.269272,83.000000
1973-03-09,113.790000,138.523511,1.268592,83.000000
1973-03-12,113.860000,138.624229,1.268929,81.750000
1973-03-13,114.480000,139.394591,1.267235,81.500000
1973-03-14,114.980000,140.019008,1.266558,80.250000
1973-03-15,114.120000,138.987398,1.264869,82.000000
1973-03-16,113.540000,138.296567,1.261159,82.600000
1973-03-19,112.170000,136.643327,1.263516,82.250000
1973-03-20,111.950000,136.390619,1.262843,82.500000
1973-03-21,110.490000,134.627140,1.263182,81.800000
1973-03-22,108.840000,132.631756,1.263521,81.400000
1973-03-23,108.880000,132.695343,1.263860,82.500000
1973-03-26,109.840000,133.880175,1.267232,86.000000
1973-03-27,111.560000,135.991607,1.268584,91.500000
1973-03-28,111.620000,136.079966,1.273997,88.250000
1973-03-29,112.710000,137.424054,1.273315,89.250000
1973-03-30,111.520000,135.988502,1.268559,90.250000
1973-04-02,110.180000,134.370084,1.267883,89.250000
1973-04-03,109.240000,133.239112,1.269237,89.500000
1973-04-04,108.770000,132.681132,1.272622,89.900000
1973-04-05,108.520000,132.391385,1.274996,90.850000
1973-04-06,109.280000,133.333742,1.279414,91.100000
1973-04-09,110.860000,135.276804,1.281798,90.750000
1973-04-10,112.210000,136.939649,1.280084,91.000000
1973-04-11,112.680000,137.528931,1.279397,91.250000
1973-04-12,112.580000,137.422646,1.278712,91.100000
1973-04-13,112.080000,136.828067,1.282118,90.400000
1973-04-16,111.440000,136.062438,1.283481,89.600000
1973-04-17,110.940000,135.467563,1.281765,89.400000
1973-04-18,111.540000,136.215747,1.282103,90.750000
1973-04-19,112.170000,137.000737,1.280389,90.780000
1973-04-24,109.990000,134.353864,1.281029,90.900000
1973-04-25,108.340000,132.353776,1.281368,90.600000
1973-04-26,108.890000,133.040858,1.279656,90.100000
1973-04-27,107.230000,131.027937,1.278972,90.450000
1973-04-30,106.970000,130.725256,1.278288,90.700000
1973-05-01,107.100000,130.899627,1.276583,90.700000
1973-05-02,108.430000,132.540700,1.272838,90.400000
1973-05-03,110.220000,134.744444,1.272161,90.400000
1973-05-04,111.000000,135.713976,1.270468,90.300000
1973-05-07,110.530000,135.155424,1.268777,90.300000
1973-05-08,111.250000,136.051862,1.270135,90.800000
1973-05-09,110.440000,135.077415,1.270478,92.150000
1973-05-10,109.540000,133.992656,1.269804,94.600000
1973-05-11,108.170000,132.332719,1.269132,96.300000
1973-05-14,105.900000,129.571345,1.268460,99.750000
1973-05-15,106.570000,130.406471,1.265759,107.000000
1973-05-16,106.430000,130.250621,1.268129,111.000000
1973-05-17,105.560000,129.201347,1.267459,103.500000
1973-05-18,103.860000,127.135933,1.266789,105.750000
1973-05-21,102.730000,125.767766,1.264094,112.500000
1973-05-22,103.580000,126.823297,1.263428,110.500000
1973-05-23,104.070000,127.438291,1.261753,111.000000
1973-05-24,107.140000,131.212752,1.263109,109.750000
1973-05-25,107.940000,132.208059,1.263455,104.750000
1973-05-29,107.510000,131.697060,1.261780,108.250000
1973-05-30,105.910000,129.752716,1.262127,111.500000
1973-05-31,104.950000,128.591985,1.262474,114.500000
1973-06-01,103.930000,127.357889,1.259791,117.000000
1973-06-04,102.970000,126.197014,1.258123,120.750000
1973-06-05,104.620000,128.234592,1.261491,127.000000
1973-06-06,104.310000,127.870255,1.267895,121.000000
1973-06-07,105.840000,129.761423,1.268241,119.750000
1973-06-08,107.030000,131.236202,1.270617,118.500000
1973-06-11,106.700000,130.847569,1.270964,115.500000
1973-06-12,108.290000,132.813360,1.272327,116.200000
1973-06-13,107.600000,131.983296,1.273691,117.500000
1973-06-14,106.400000,130.527455,1.274037,116.000000
1973-06-15,105.100000,128.948580,1.273364,120.000000
1973-06-18,103.600000,127.123932,1.272692,122.000000
1973-06-19,103.990000,127.617987,1.273039,122.500000
1973-06-20,104.440000,128.185793,1.271349,118.500000
1973-06-21,103.210000,126.691766,1.271697,120.250000
1973-06-22,103.700000,127.308695,1.270010,120.250000
1973-06-25,102.250000,125.544105,1.268326,118.000000
1973-06-26,103.300000,126.848618,1.268675,119.000000
1973-06-27,103.620000,127.257032,1.270039,122.500000
1973-06-28,104.690000,128.586629,1.270388,120.100000
1973-06-29,104.260000,128.074154,1.268704,123.500000
1973-07-02,102.900000,126.419063,1.261948,123.000000
1973-07-03,101.870000,125.168991,1.262300,121.000000
1973-07-05,101.780000,125.073602,1.262651,122.750000
1973-07-06,101.280000,124.474355,1.260982,127.000000
1973-07-09,102.140000,125.546416,1.259316,126.000000
1973-07-10,103.520000,127.257898,1.259668,124.750000
1973-07-11,105.800000,130.076168,1.260021,119.000000
1973-07-12,105.500000,129.723123,1.261381,120.500000
1973-07-13,104.090000,128.005131,1.260724,120.500000
1973-07-16,105.670000,129.963682,1.260068,119.750000
1973-07-17,105.720000,130.040955,1.260422,120.750000
1973-07-18,106.350000,130.831673,1.259766,119.750000
1973-07-19,106.550000,131.093596,1.256088,119.000000
1973-07-20,107.140000,131.835416,1.250414,116.000000
1973-07-23,107.520000,132.319009,1.250769,118.500000
1973-07-24,108.140000,133.098073,1.249124,119.750000
1973-07-25,109.640000,134.960422,1.249480,119.000000
1973-07-26,109.850000,135.235303,1.240841,119.500000
1973-07-27,109.590000,134.931637,1.234250,118.800000
1973-07-30,109.250000,134.529396,1.232636,114.000000
1973-07-31,108.220000,133.277395,1.227079,115.200000
1973-08-01,106.830000,131.582129,1.215661,117.000000
1973-08-02,106.670000,131.401423,1.218943,115.750000
1973-08-03,106.490000,131.196033,1.218332,115.700000
1973-08-06,106.730000,131.508031,1.217721,115.500000
1973-08-07,106.550000,131.302599,1.214189,114.750000
1973-08-08,105.550000,130.086620,1.220382,114.750000
1973-08-09,105.610000,130.176748,1.218794,109.000000
1973-08-10,104.770000,129.157540,1.221108,107.500000
1973-08-13,103.710000,127.866865,1.226357,103.750000
1973-08-14,102.710000,126.649841,1.227702,98.250000
1973-08-15,103.010000,127.035518,1.229047,92.500000
1973-08-16,102.290000,126.163389,1.237277,96.000000
1973-08-17,102.310000,126.203748,1.246547,102.500000
1973-08-20,101.610000,125.355964,1.236935,107.250000
1973-08-21,100.890000,124.483294,1.239276,103.000000
1973-08-22,100.530000,124.054589,1.236664,103.500000
1973-08-23,101.910000,125.772946,1.244941,102.500000
1973-08-24,101.620000,125.430684,1.253270,100.500000
1973-08-28,103.020000,127.174320,1.247980,102.000000
1973-08-29,104.030000,128.436944,1.251336,105.500000
1973-08-30,103.880000,128.267726,1.252698,105.750000
1973-08-31,104.250000,128.740543,1.253058,104.000000
1973-09-04,104.510000,129.077443,1.257429,104.500000
1973-09-05,104.640000,129.253863,1.267848,106.000000
1973-09-06,105.150000,129.899710,1.269220,106.970000
1973-09-07,104.760000,129.433876,1.268562,105.500000
1973-09-10,103.850000,128.325451,1.263846,105.250000
1973-09-11,103.220000,127.562741,1.261172,102.500000
1973-09-12,103.060000,127.380682,1.260523,102.500000
1973-09-13,103.360000,127.767131,1.259874,101.600000
1973-09-14,104.440000,129.117859,1.260235,100.000000
1973-09-17,104.150000,128.775201,1.265636,102.500000
1973-09-18,103.770000,128.321178,1.274096,103.750000
1973-09-19,105.880000,130.946156,1.272415,100.500000
1973-09-20,106.760000,132.050579,1.273792,102.400000
1973-09-21,107.200000,132.611038,1.281283,103.250000
1973-09-24,107.360000,132.825260,1.283690,102.500000
1973-09-25,108.050000,133.695247,1.288155,101.850000
1973-09-26,108.830000,134.676805,1.287480,102.100000
1973-09-27,109.080000,135.002728,1.290926,101.250000
1973-09-28,108.430000,134.214846,1.295413,100.250000
1973-10-01,108.210000,133.958569,1.294731,98.500000
1973-10-02,108.790000,134.692589,1.297157,97.900000
1973-10-03,108.780000,134.696304,1.296474,97.750000
1973-10-04,108.410000,134.254251,1.298904,98.580000
1973-10-05,109.850000,136.053582,1.301337,97.600000
1973-10-09,110.130000,136.416632,1.310019,98.750000
1973-10-10,109.220000,135.305729,1.311420,101.750000
1973-10-11,111.090000,137.638523,1.310723,103.750000
1973-10-12,111.440000,138.088615,1.314221,102.000000
1973-10-15,110.050000,136.382727,1.312471,101.750000
1973-10-16,110.190000,136.572525,1.308623,101.500000
1973-10-17,109.970000,136.316172,1.307930,102.750000
1973-10-18,110.010000,136.382046,1.309330,102.000000
1973-10-19,110.220000,136.658686,1.310732,101.000000
1973-10-23,109.750000,136.092278,1.311085,99.750000
1973-10-24,110.270000,136.753352,1.316684,99.400000
1973-10-25,110.500000,137.054934,1.319143,100.000000
1973-10-26,111.380000,138.162791,1.320551,98.500000
1973-10-29,111.150000,137.893996,1.320903,98.500000
1973-10-30,109.330000,135.652561,1.321255,97.000000
1973-10-31,108.290000,134.378380,1.322664,97.250000
1973-11-01,107.690000,133.651311,1.323017,97.250000
1973-11-02,107.070000,132.899229,1.322310,98.000000
1973-11-05,105.520000,130.992598,1.320547,98.000000
1973-11-07,105.800000,131.357228,1.318788,97.350000
1973-11-08,107.020000,132.889019,1.318086,97.600000
1973-11-09,105.300000,130.770544,1.319495,98.500000
1973-11-12,104.440000,129.719531,1.319849,97.250000
1973-11-13,104.360000,129.637040,1.320203,96.750000
1973-11-14,102.450000,127.281281,1.317389,90.850000
1973-11-15,102.430000,127.272989,1.320905,91.250000
1973-11-16,103.880000,129.091221,1.325487,91.250000
1973-11-19,100.710000,125.168667,1.326900,90.500000
1973-11-20,98.660000,122.637080,1.326192,90.000000
1973-11-21,99.760000,124.020361,1.327607,90.400000
1973-11-23,99.440000,123.638673,1.329022,89.750000
1973-11-26,96.580000,120.098775,1.330439,90.000000
1973-11-27,95.700000,119.020102,1.329728,90.800000
1973-11-28,97.650000,121.460758,1.330081,97.250000
1973-11-29,97.310000,121.053651,1.330435,101.500000
1973-11-30,95.960000,119.389997,1.331853,100.250000
1973-12-03,93.900000,116.843914,1.332207,100.000000
1973-12-04,93.590000,116.474702,1.332560,100.250000
1973-12-05,92.160000,114.711520,1.329716,104.250000
1973-12-06,94.420000,117.540775,1.326879,104.500000
1973-12-07,96.510000,120.159190,1.328296,106.750000
1973-12-10,97.950000,121.969057,1.331839,105.500000
1973-12-11,96.040000,119.607952,1.334325,104.750000
1973-12-12,93.570000,116.548747,1.334679,104.500000
1973-12-13,92.380000,115.083003,1.336101,104.400000
1973-12-14,93.290000,116.232927,1.336455,104.350000
1973-12-17,92.750000,115.576573,1.337879,106.750000
1973-12-18,94.740000,118.072685,1.337163,108.500000
1973-12-19,94.820000,118.189096,1.334308,107.750000
1973-12-20,94.550000,117.869278,1.332528,109.050000
1973-12-21,93.540000,116.626857,1.327554,107.200000
1973-12-27,97.740000,121.879975,1.317669,108.750000
1973-12-28,97.540000,121.647826,1.314866,112.750000
1973-12-31,97.550000,121.677513,1.316279,112.250000
1974-01-02,97.680000,121.856748,1.312427,114.750000
1974-01-03,99.800000,124.518575,1.310689,121.250000
1974-01-04,98.900000,123.413142,1.313148,118.750000
1974-01-07,98.070000,122.394745,1.311408,119.800000
1974-01-08,96.120000,119.978259,1.311771,127.000000
1974-01-09,93.420000,116.624926,1.312133,123.750000
1974-01-10,92.390000,115.355453,1.308296,120.500000
1974-01-11,93.660000,116.957331,1.307613,121.750000
1974-01-14,93.420000,116.674052,1.307977,123.750000
1974-01-15,94.230000,117.702055,1.310434,125.750000
1974-01-16,95.670000,119.517273,1.310797,125.250000
1974-01-17,97.300000,121.570354,1.313258,128.500000
1974-01-18,95.560000,119.413398,1.312571,127.950000
1974-01-21,95.400000,119.230222,1.311884,141.750000
1974-01-22,96.550000,120.684222,1.311198,139.750000
1974-01-23,97.070000,121.351146,1.310514,137.000000
1974-01-24,96.820000,121.055646,1.309830,135.250000
1974-01-25,96.630000,120.835080,1.310195,138.400000
1974-01-28,96.090000,120.176777,1.311608,139.750000
1974-01-29,96.010000,120.093594,1.310923,139.000000
1974-01-30,97.060000,121.423840,1.312337,135.700000
1974-01-31,96.570000,120.827887,1.313752,133.250000
1974-02-01,95.320000,119.281440,1.314117,132.000000
1974-02-04,93.290000,116.758464,1.316585,132.250000
1974-02-05,93.000000,116.412467,1.320109,138.500000
1974-02-06,93.260000,116.754827,1.322586,138.250000
1974-02-07,93.300000,116.821860,1.322949,136.000000
1974-02-08,92.330000,115.624279,1.323313,141.500000
1974-02-11,90.660000,113.549740,1.323677,144.500000
1974-02-13,90.980000,113.967024,1.324041,145.750000
1974-02-14,90.950000,113.945995,1.324405,146.000000
1974-02-15,92.270000,115.616295,1.324769,149.000000
1974-02-19,92.120000,115.445132,1.325134,148.000000
1974-02-20,93.440000,117.116127,1.322318,149.250000
1974-02-21,94.710000,118.724932,1.320567,151.500000
1974-02-22,95.390000,119.594597,1.321989,158.500000
1974-02-25,95.030000,119.160617,1.323413,166.500000
1974-02-26,96.000000,120.394231,1.321661,177.250000
1974-02-27,96.400000,120.913358,1.319912,178.000000
1974-02-28,96.220000,120.705146,1.319223,169.500000
1974-03-01,95.530000,119.856472,1.312202,172.400000
1974-03-04,95.530000,119.873263,1.311521,168.250000
1974-03-05,97.320000,122.136190,1.310841,160.000000
1974-03-06,97.980000,122.981598,1.312259,158.250000
1974-03-07,96.940000,121.693450,1.315777,162.000000
1974-03-08,97.780000,122.764991,1.316146,170.000000
1974-03-11,98.880000,124.163264,1.314409,163.500000
1974-03-12,99.150000,124.519697,1.313727,163.000000
1974-03-13,99.740000,125.278106,1.309892,163.000000
1974-03-14,99.650000,125.182612,1.310263,163.000000
1974-03-15,99.280000,124.735347,1.305393,163.500000
1974-03-18,98.050000,123.207450,1.300543,162.500000
1974-03-19,97.230000,122.194317,1.299876,167.500000
1974-03-20,97.570000,122.638733,1.297130,173.750000
1974-03-21,97.340000,122.366820,1.294391,177.000000
1974-03-22,97.270000,122.295965,1.289588,174.500000
1974-03-25,97.640000,122.778293,1.285838,176.750000
1974-03-26,97.950000,123.185306,1.287243,174.250000
1974-03-27,96.590000,121.492180,1.290710,175.600000
1974-03-28,94.820000,119.282871,1.287988,172.500000
1974-03-29,93.980000,118.242868,1.285274,173.000000
1974-04-01,93.250000,117.341963,1.284624,173.000000
1974-04-02,93.350000,117.485224,1.283975,175.000000
1974-04-03,94.330000,118.736045,1.284353,179.500000
1974-04-04,94.330000,118.753677,1.276512,177.600000
1974-04-05,93.010000,117.109540,1.273829,175.250000
1974-04-08,92.030000,115.893006,1.278286,168.500000
1974-04-09,92.610000,116.640608,1.279689,166.750000
1974-04-10,92.400000,116.393438,1.283141,177.000000
1974-04-11,92.120000,116.058014,1.284547,170.500000
1974-04-16,93.660000,118.015428,1.287359,174.000000
1974-04-17,94.360000,118.914982,1.285679,170.500000
1974-04-18,94.780000,119.461936,1.280916,169.000000
1974-04-19,93.750000,118.181451,1.280272,173.000000
1974-04-22,93.380000,117.732578,1.279630,173.600000
1974-04-23,91.810000,115.770620,1.277964,174.400000
1974-04-24,90.300000,113.883731,1.274257,171.000000
1974-04-25,89.570000,112.979988,1.269543,172.000000
1974-04-26,90.180000,113.766195,1.268912,168.500000
1974-04-29,90.000000,113.556011,1.268282,166.750000
1974-04-30,90.310000,113.964011,1.267652,168.500000
1974-05-01,92.220000,116.391829,1.272094,169.900000
1974-05-02,92.090000,116.245680,1.276549,170.500000
1974-05-03,91.290000,115.253738,1.269785,169.750000
1974-05-06,91.120000,115.056862,1.270170,167.400000
1974-05-07,91.460000,115.503898,1.270556,163.000000
1974-05-08,91.640000,115.749006,1.270941,161.500000
1974-05-09,92.960000,117.434103,1.266243,162.500000
1974-05-10,91.470000,115.569908,1.273721,168.000000
1974-05-13,90.660000,114.564292,1.283278,167.500000
1974-05-14,90.690000,114.619846,1.280582,166.500000
1974-05-15,90.450000,114.334170,1.283015,164.500000
1974-05-16,89.720000,113.429015,1.284426,164.250000
1974-05-17,88.210000,111.537457,1.281728,165.900000
1974-05-20,87.860000,111.112076,1.281088,164.250000
1974-05-21,87.910000,111.192420,1.282498,160.250000
1974-05-22,87.090000,110.172372,1.283909,162.200000
1974-05-23,87.290000,110.442347,1.288403,161.250000
1974-05-24,88.580000,112.091509,1.291879,160.600000
1974-05-28,88.370000,111.843031,1.291230,157.000000
1974-05-29,86.890000,109.987135,1.289548,154.250000
1974-05-30,87.430000,110.687616,1.290965,161.000000
1974-05-31,87.280000,110.514761,1.290317,156.500000
1974-06-03,89.100000,112.836356,1.289669,156.500000
1974-06-04,90.140000,114.170867,1.291086,153.000000
1974-06-05,90.310000,114.403849,1.291472,156.500000
1974-06-06,91.960000,116.511749,1.293923,160.750000
1974-06-07,92.550000,117.277291,1.298449,157.500000
1974-06-10,93.100000,117.992380,1.297795,156.500000
1974-06-11,92.280000,116.971386,1.297141,157.000000
1974-06-12,92.060000,116.710614,1.295451,153.500000
1974-06-13,92.340000,117.083641,1.295836,156.750000
1974-06-14,91.300000,115.783071,1.296222,158.000000
1974-06-17,90.040000,114.203098,1.297645,157.500000
1974-06-18,89.450000,113.472431,1.294916,155.600000
1974-06-19,88.840000,112.716164,1.295303,157.000000
1974-06-20,88.210000,111.934283,1.292580,153.500000
1974-06-21,87.460000,110.999883,1.292968,153.000000
1974-06-24,87.690000,111.308958,1.290252,152.000000
1974-06-25,88.980000,112.963631,1.286511,147.000000
1974-06-26,87.610000,111.241836,1.286900,148.250000
1974-06-27,86.310000,109.608382,1.285230,143.650000
1974-06-28,86.000000,109.231656,1.285620,146.750000
1974-07-01,86.020000,109.276351,1.284981,144.500000
1974-07-02,84.300000,107.110633,1.285371,138.000000
1974-07-03,84.250000,107.066022,1.280620,138.500000
1974-07-05,83.660000,106.335152,1.279987,131.500000
1974-07-08,81.090000,103.087362,1.274234,137.000000
1974-07-09,81.480000,103.601365,1.270550,142.000000
1974-07-10,79.990000,101.725137,1.269927,141.500000
1974-07-11,79.890000,101.615932,1.268289,133.500000
1974-07-12,83.150000,105.780430,1.267669,139.750000
1974-07-15,83.780000,106.600576,1.267050,139.500000
1974-07-16,82.810000,105.385189,1.265418,139.000000
1974-07-17,83.700000,106.536429,1.262777,138.500000
1974-07-18,83.780000,106.657073,1.264183,142.000000
1974-07-19,83.540000,106.370376,1.267614,146.000000
1974-07-22,83.810000,106.732951,1.278150,144.000000
1974-07-23,84.650000,107.821552,1.276499,141.500000
1974-07-24,84.990000,108.273665,1.279958,142.750000
1974-07-25,83.980000,107.006091,1.281376,144.500000
1974-07-26,82.400000,105.011778,1.277669,149.000000
1974-07-29,80.940000,103.169680,1.271932,152.500000
1974-07-30,80.500000,102.627059,1.268258,160.500000
1974-07-31,79.310000,101.128089,1.268655,154.000000
1974-08-01,78.750000,100.432824,1.266007,157.500000
1974-08-02,78.590000,100.247431,1.262354,156.750000
1974-08-05,79.290000,101.158961,1.259723,153.100000
1974-08-06,80.520000,102.747003,1.262138,155.500000
1974-08-07,82.650000,105.484066,1.262537,154.000000
1974-08-08,81.570000,104.125290,1.262936,152.500000
1974-08-09,80.860000,103.238312,1.257274,152.250000
1974-08-12,79.750000,101.840298,1.255663,153.000000
1974-08-13,78.490000,100.250208,1.255059,152.250000
1974-08-14,76.730000,98.020901,1.256465,155.500000
1974-08-15,76.300000,97.489798,1.259882,155.500000
1974-08-16,75.670000,96.702951,1.262298,152.750000
1974-08-19,74.570000,95.315167,1.264719,153.000000
1974-08-20,74.950000,95.818592,1.264107,155.500000
1974-08-21,73.510000,93.995452,1.258441,155.600000
1974-08-22,72.800000,93.105057,1.254816,156.000000
1974-08-23,71.550000,91.523712,1.249195,154.000000
1974-08-27,70.940000,90.760432,1.250003,153.250000
1974-08-28,70.760000,90.547005,1.250407,154.000000
1974-08-29,69.990000,89.578510,1.250812,154.400000
1974-08-30,72.150000,92.359686,1.255219,155.250000
1974-09-03,70.520000,90.292428,1.255623,158.500000
1974-09-04,68.690000,87.968214,1.255022,156.750000
1974-09-05,70.870000,90.778440,1.257435,157.500000
1974-09-06,71.420000,91.501928,1.258845,157.500000
1974-09-09,69.720000,89.343057,1.266299,156.000000
1974-09-10,69.240000,88.746642,1.264676,153.500000
1974-09-11,68.550000,87.880812,1.264067,152.750000
1974-09-12,66.710000,85.540318,1.256381,154.000000
1974-09-13,65.200000,83.621978,1.256786,153.400000
1974-09-16,66.260000,84.998964,1.260208,152.750000
1974-09-17,67.380000,86.453487,1.261621,150.100000
1974-09-18,67.720000,86.907812,1.263036,144.000000
1974-09-19,70.090000,89.967504,1.267482,149.400000
1974-09-20,70.140000,90.050499,1.269915,148.000000
1974-09-23,69.420000,89.144946,1.281494,147.750000
1974-09-24,68.020000,87.365794,1.278821,147.750000
1974-09-25,67.570000,86.806079,1.279224,147.500000
1974-09-26,66.460000,85.398234,1.277580,146.200000
1974-09-27,64.940000,83.462959,1.280028,146.000000
1974-09-30,63.540000,81.681089,1.280431,147.500000
1974-10-01,63.390000,81.505036,1.277762,153.500000
1974-10-02,63.380000,81.508915,1.277143,155.000000
1974-10-03,62.280000,80.111014,1.271418,154.450000
1974-10-04,62.340000,80.204643,1.273857,158.250000
1974-10-07,64.950000,83.579055,1.275282,160.000000
1974-10-08,64.840000,83.454667,1.281809,155.750000
1974-10-09,67.820000,87.307321,1.282213,154.950000
1974-10-10,69.790000,89.861307,1.284669,158.400000
1974-10-11,71.140000,91.618014,1.290212,156.250000
1974-10-15,71.440000,92.023184,1.291648,154.200000
1974-10-16,70.330000,90.612269,1.292051,155.250000
1974-10-17,71.170000,91.713121,1.291421,154.500000
1974-10-18,72.280000,93.162354,1.293891,155.000000
1974-10-21,73.500000,94.753953,1.299470,157.500000
1974-10-22,73.130000,94.296418,1.299873,158.200000
1974-10-23,71.030000,91.607967,1.296116,157.750000
1974-10-24,70.220000,90.582115,1.294446,158.500000
1974-10-25,70.120000,90.471718,1.295886,165.500000
1974-10-28,70.090000,90.451589,1.294217,165.000000
1974-10-29,72.830000,94.006150,1.298763,169.500000
1974-10-30,74.310000,95.935781,1.302284,167.900000
1974-10-31,73.900000,95.426162,1.304771,166.400000
1974-11-01,73.880000,95.419321,1.304131,168.750000
1974-11-04,73.080000,94.405069,1.304534,168.600000
1974-11-06,74.750000,96.581164,1.309113,177.000000
1974-11-07,75.210000,97.194724,1.311610,179.000000
1974-11-08,74.910000,96.826367,1.314112,177.500000
1974-11-12,73.670000,95.242845,1.308207,179.000000
1974-11-13,73.350000,94.848087,1.311750,183.000000
1974-11-14,73.060000,94.491961,1.315302,186.500000
1974-11-15,71.910000,93.023411,1.327279,188.000000
1974-11-18,69.270000,89.626790,1.325557,190.000000
1974-11-19,68.200000,88.260174,1.325958,189.000000
1974-11-20,67.900000,87.889492,1.330603,185.050000
1974-11-21,68.180000,88.269408,1.329939,184.750000
1974-11-22,68.900000,89.219119,1.330340,181.750000
1974-11-25,68.830000,89.146225,1.328613,182.250000
1974-11-26,69.470000,89.992866,1.327951,185.750000
1974-11-27,69.940000,90.619618,1.327291,185.000000
1974-11-29,69.970000,90.676517,1.327694,182.000000
1974-12-02,68.110000,88.285393,1.320661,185.500000
1974-12-03,67.170000,87.085753,1.317895,182.000000
1974-12-04,67.410000,87.415461,1.324626,170.500000
1974-12-05,66.130000,85.774211,1.329269,175.250000
1974-12-06,65.010000,84.339780,1.334989,178.250000
1974-12-09,65.600000,85.123172,1.355683,179.250000
1974-12-10,67.280000,87.321287,1.353912,178.500000
1974-12-11,67.670000,87.846058,1.358643,177.500000
1974-12-12,67.450000,87.579176,1.357954,174.000000
1974-12-13,67.070000,87.104426,1.359438,178.400000
1974-12-16,66.460000,86.330766,1.364187,184.000000
1974-12-17,67.580000,87.804021,1.371132,186.750000
1974-12-18,67.900000,88.238487,1.374819,188.750000
1974-12-19,67.650000,87.932397,1.375214,185.500000
1974-12-20,66.910000,86.989265,1.373410,185.500000
1974-12-23,65.960000,85.772704,1.358424,192.250000
1974-12-24,66.880000,86.987318,1.356650,192.250000
1974-12-27,67.140000,87.344014,1.361779,194.500000
1974-12-30,67.160000,87.388637,1.362178,197.500000
1974-12-31,68.560000,89.228931,1.361488,187.500000
1975-01-02,70.230000,91.420071,1.359709,185.000000
1975-01-03,70.710000,92.063014,1.359022,177.000000
1975-01-06,71.070000,92.549970,1.363771,173.000000
1975-01-07,71.020000,92.503198,1.365262,171.250000
1975-01-08,70.040000,91.245083,1.364570,177.000000
1975-01-09,71.170000,92.735279,1.369337,180.250000
1975-01-10,72.610000,94.629990,1.367545,178.750000
1975-01-13,72.310000,94.257763,1.358099,180.000000
1975-01-14,71.680000,93.455221,1.355241,176.500000
1975-01-15,72.140000,94.073481,1.350223,178.900000
1975-01-16,72.050000,93.974758,1.350627,177.500000
1975-01-17,70.960000,92.571694,1.352112,174.500000
1975-01-20,71.080000,92.746585,1.346026,172.750000
1975-01-21,70.700000,92.269132,1.350739,177.000000
1975-01-22,71.740000,93.644699,1.355466,174.500000
1975-01-23,72.070000,94.094015,1.349363,174.000000
1975-01-24,72.980000,95.300750,1.342212,176.750000
1975-01-27,75.370000,98.440610,1.345840,179.500000
1975-01-28,76.030000,99.322141,1.346247,176.000000
1975-01-29,77.260000,100.948639,1.348807,176.600000
1975-01-30,76.210000,99.596702,1.354609,178.000000
1975-01-31,76.980000,100.622730,1.356098,176.250000
1975-02-03,77.820000,101.738896,1.360843,177.250000
1975-02-04,77.610000,101.482730,1.363424,175.000000
1975-02-05,78.950000,103.253246,1.376917,174.850000
1975-02-06,78.560000,102.761846,1.368507,173.500000
1975-02-07,78.630000,102.871976,1.374384,174.500000
1975-02-10,78.360000,102.537318,1.367090,173.500000
1975-02-11,78.580000,102.843722,1.370775,174.000000
1975-02-13,81.010000,106.042631,1.368986,177.250000
1975-02-14,81.500000,106.703202,1.379247,184.000000
1975-02-18,80.930000,105.976211,1.387373,180.400000
1975-02-19,81.440000,106.663192,1.389993,182.500000
1975-02-20,82.210000,107.690942,1.385946,182.800000
1975-02-21,82.620000,108.247477,1.395217,185.100000
1975-02-24,81.440000,106.721015,1.379991,184.400000
1975-02-25,79.530000,104.237383,1.372666,186.250000
1975-02-26,80.370000,105.357175,1.365384,184.250000
1975-02-27,80.770000,105.900570,1.369067,182.750000
1975-02-28,81.590000,106.994835,1.370568,181.750000
1975-03-03,83.030000,108.901809,1.366588,181.600000
1975-03-04,83.560000,109.615885,1.363715,181.000000
1975-03-05,83.900000,110.080960,1.369577,177.750000
1975-03-06,83.690000,109.824565,1.368888,179.250000
1975-03-07,84.300000,110.644145,1.366009,179.250000
1975-03-10,84.950000,111.516506,1.362046,176.750000
1975-03-11,84.360000,110.761380,1.360275,178.500000
1975-03-12,83.590000,109.769654,1.360684,178.000000
1975-03-13,83.740000,109.985714,1.363271,177.250000
1975-03-14,84.760000,111.344520,1.361498,178.250000
1975-03-17,86.010000,113.005931,1.348838,177.750000
1975-03-18,85.130000,111.869369,1.349250,178.000000
1975-03-19,84.340000,110.850676,1.338868,178.250000
1975-03-20,83.610000,109.910484,1.323216,178.250000
1975-03-21,83.390000,109.640386,1.335278,177.500000
1975-03-24,81.420000,107.069308,1.313261,177.250000
1975-03-25,82.060000,107.929535,1.315781,176.500000
1975-03-26,83.590000,109.960631,1.317253,177.000000
1975-03-27,83.850000,110.321770,1.311350,177.750000
1975-04-01,82.640000,108.748801,1.312146,177.250000
1975-04-02,82.430000,108.491217,1.297871,177.650000
1975-04-03,81.510000,107.299066,1.307639,176.250000
1975-04-04,80.880000,106.488251,1.305968,174.600000
1975-04-07,80.350000,105.808814,1.294898,173.250000
1975-04-08,80.990000,106.669852,1.300502,173.500000
1975-04-09,82.840000,109.124843,1.305087,173.000000
1975-04-10,83.770000,110.368756,1.303422,173.000000
1975-04-11,84.180000,110.927981,1.300718,172.500000
1975-04-14,85.600000,112.818320,1.307385,171.000000
1975-04-15,86.300000,113.760364,1.307809,164.250000
1975-04-16,86.600000,114.175450,1.309279,165.000000
1975-04-17,87.250000,115.052123,1.303417,167.000000
1975-04-18,86.300000,113.819256,1.297586,169.400000
1975-04-21,87.230000,115.065450,1.292821,168.000000
1975-04-22,87.090000,114.900627,1.293248,164.900000
1975-04-23,86.120000,113.640699,1.298848,166.750000
1975-04-24,86.040000,113.554739,1.301352,168.750000
1975-04-25,86.620000,114.339809,1.301778,166.000000
1975-04-28,86.230000,113.844729,1.291790,165.500000
1975-04-29,85.640000,113.085426,1.293252,166.500000
1975-04-30,87.300000,115.296923,1.296784,167.400000
1975-05-01,88.100000,116.372253,1.297211,166.250000
1975-05-02,89.220000,117.870620,1.318394,165.750000
1975-05-05,90.080000,119.025977,1.321983,163.500000
1975-05-06,88.640000,117.142632,1.319234,164.500000
1975-05-07,89.080000,117.743188,1.323880,164.750000
1975-05-08,89.560000,118.396807,1.322186,165.750000
1975-05-09,90.530000,119.698407,1.323668,166.000000
1975-05-12,90.610000,119.823671,1.325151,165.150000
1975-05-13,91.580000,121.125918,1.326636,165.500000
1975-05-14,92.270000,122.058250,1.331305,165.900000
1975-05-15,91.410000,120.940482,1.331729,166.250000
1975-05-16,90.430000,119.663578,1.333218,165.750000
1975-05-19,90.530000,119.815388,1.334709,166.750000
1975-05-20,90.070000,119.226091,1.337268,166.750000
1975-05-21,89.060000,117.908560,1.337691,167.000000
1975-05-22,89.390000,118.364652,1.333834,172.750000
1975-05-23,90.580000,119.959646,1.334259,172.600000
1975-05-27,90.340000,119.661333,1.338953,172.750000
1975-05-28,89.710000,118.846339,1.335093,171.750000
1975-05-29,89.680000,118.825945,1.318428,170.000000
1975-05-30,91.150000,120.793040,1.333623,167.750000
1975-06-02,92.580000,122.707339,1.336182,163.250000
1975-06-03,92.890000,123.137770,1.338745,164.500000
1975-06-04,92.600000,122.772957,1.340241,165.900000
1975-06-05,92.690000,122.911844,1.342810,164.500000
1975-06-06,92.480000,122.652957,1.352903,165.250000
1975-06-09,91.210000,120.988143,1.364150,165.000000
1975-06-10,90.440000,119.986032,1.365662,166.000000
1975-06-11,90.550000,120.151085,1.379193,165.250000
1975-06-12,90.080000,119.546585,1.377405,165.400000
1975-06-13,90.520000,120.149563,1.375621,164.750000
1975-06-16,91.460000,121.416393,1.379342,164.000000
1975-06-17,90.580000,120.267508,1.373141,163.250000
1975-06-18,90.390000,120.034398,1.361478,164.100000
1975-06-19,92.020000,122.218099,1.365168,163.500000
1975-06-20,92.610000,123.021192,1.350301,162.500000
1975-06-23,93.620000,124.382456,1.355047,162.500000
1975-06-24,94.190000,125.159570,1.355472,162.250000
1975-06-25,94.620000,125.750895,1.342884,163.000000
1975-06-26,94.810000,126.023443,1.347609,164.100000
1975-06-27,94.810000,126.043522,1.351270,164.250000
1975-06-30,95.190000,126.568790,1.350615,166.000000
1975-07-01,94.850000,126.136858,1.349961,167.000000
1975-07-02,94.180000,125.265932,1.341749,165.000000
1975-07-03,94.360000,125.525284,1.342177,164.000000
1975-07-07,93.540000,124.454434,1.341532,163.000000
1975-07-08,93.390000,124.274670,1.347327,162.750000
1975-07-09,94.800000,126.170748,1.346678,164.900000
1975-07-10,94.810000,126.204140,1.347106,164.500000
1975-07-11,94.660000,126.024560,1.350768,163.750000
1975-07-14,95.190000,126.750230,1.351197,166.000000
1975-07-15,95.610000,127.329657,1.352706,164.900000
1975-07-16,94.610000,126.018164,1.347723,164.300000
1975-07-17,93.630000,124.732887,1.347075,164.500000
1975-07-18,93.200000,124.179900,1.345349,163.400000
1975-07-21,92.440000,123.187041,1.344703,163.600000
1975-07-22,91.450000,121.887359,1.341907,164.900000
1975-07-23,90.180000,120.214066,1.343411,164.350000
1975-07-24,90.070000,120.086566,1.343843,164.500000
1975-07-25,89.290000,119.065740,1.341049,165.000000
1975-07-28,88.690000,118.284609,1.341481,166.750000
1975-07-29,88.190000,117.636594,1.340840,167.750000
1975-07-30,88.830000,118.509015,1.338055,166.200000
1975-07-31,88.750000,118.421150,1.334206,166.400000
1975-08-01,87.990000,117.427405,1.328236,166.500000
1975-08-04,87.150000,116.326550,1.316983,166.350000
1975-08-05,86.230000,115.118529,1.317420,166.250000
1975-08-06,86.250000,115.165003,1.314696,165.350000
1975-08-07,86.300000,115.251547,1.306720,165.250000
1975-08-08,86.020000,114.897410,1.315523,165.000000
1975-08-11,86.550000,115.625070,1.318066,162.500000
1975-08-12,87.120000,116.406413,1.316396,163.150000
1975-08-13,85.970000,114.889822,1.317888,163.250000
1975-08-14,85.600000,114.415090,1.312001,162.150000
1975-08-15,86.360000,115.450578,1.309292,161.600000
1975-08-18,86.200000,115.256512,1.311827,162.250000
1975-08-19,84.950000,113.604956,1.316465,161.600000
1975-08-20,83.220000,111.310914,1.316905,162.100000
1975-08-21,83.070000,111.129401,1.311024,161.650000
1975-08-22,84.280000,112.767204,1.313563,161.800000
1975-08-26,83.960000,112.358411,1.320752,162.000000
1975-08-27,84.430000,113.006683,1.324362,161.400000
1975-08-28,86.400000,115.662871,1.334338,161.700000
1975-08-29,86.880000,116.325310,1.341181,161.500000
1975-09-02,85.480000,114.471049,1.337327,153.750000
1975-09-03,86.030000,115.227489,1.334555,149.750000
1975-09-04,86.200000,115.475220,1.334994,152.000000
1975-09-05,85.620000,114.718320,1.329026,152.250000
1975-09-08,85.890000,115.100027,1.328403,152.750000
1975-09-09,84.600000,113.391329,1.324593,150.550000
1975-09-10,83.790000,112.325384,1.318676,150.250000
1975-09-11,83.450000,111.889125,1.309624,148.750000
1975-09-12,83.300000,111.707461,1.307973,147.900000
1975-09-15,82.880000,111.163653,1.307372,148.250000
1975-09-16,82.090000,110.123387,1.306771,148.000000
1975-09-17,82.370000,110.518153,1.313489,144.850000
1975-09-18,84.060000,112.804891,1.317086,142.900000
1975-09-19,85.880000,115.266866,1.325959,137.000000
1975-09-22,85.070000,114.199739,1.330645,138.000000
1975-09-23,84.940000,114.045081,1.334282,128.750000
1975-09-24,85.740000,115.139034,1.338993,133.750000
1975-09-25,85.640000,115.024766,1.331937,133.400000
1975-09-26,86.190000,115.783482,1.324921,133.500000
1975-09-29,85.030000,114.245326,1.324305,136.000000
1975-09-30,83.870000,112.706628,1.322631,138.250000
1975-10-01,82.930000,111.462116,1.324134,143.750000
1975-10-02,83.820000,112.676799,1.327757,144.500000
1975-10-03,85.950000,115.558775,1.339886,141.000000
1975-10-06,86.880000,116.828305,1.343544,137.500000
1975-10-07,86.770000,116.699754,1.340762,142.000000
1975-10-08,87.940000,118.292671,1.344423,141.600000
1975-10-09,88.370000,118.890696,1.352395,139.300000
1975-10-10,88.210000,118.695145,1.361492,141.000000
1975-10-14,89.280000,120.154611,1.357576,141.250000
1975-10-15,89.230000,120.107238,1.358017,142.000000
1975-10-16,89.370000,120.315594,1.371495,143.000000
1975-10-17,88.860000,119.648945,1.371934,143.750000
1975-10-20,89.820000,120.961408,1.372374,143.750000
1975-10-21,90.560000,121.978025,1.375009,146.000000
1975-10-22,90.710000,122.200285,1.375448,145.250000
1975-10-23,91.240000,122.934534,1.382490,145.000000
1975-10-24,89.830000,121.055114,1.381822,143.500000
1975-10-27,89.730000,120.940422,1.382261,143.600000
1975-10-28,90.510000,122.011775,1.383805,141.750000
1975-10-29,89.390000,120.522188,1.385351,142.500000
1975-10-30,89.310000,120.434305,1.392440,144.000000
1975-10-31,89.040000,120.090176,1.393991,143.400000
1975-11-03,88.090000,118.828413,1.387737,143.000000
1975-11-05,89.150000,120.277611,1.394838,144.500000
1975-11-06,89.550000,120.836829,1.391928,146.500000
1975-11-07,89.330000,120.559611,1.395707,145.000000
1975-11-10,89.340000,120.592706,1.397262,144.000000
1975-11-12,91.190000,123.109474,1.392111,143.400000
1975-11-13,91.040000,122.926983,1.390322,143.700000
1975-11-14,90.970000,122.852450,1.380752,143.250000
1975-11-17,91.460000,123.534154,1.378984,142.100000
1975-11-18,91.000000,122.932919,1.373910,140.400000
1975-11-19,89.980000,121.574975,1.373255,140.950000
1975-11-20,89.640000,121.135355,1.375895,142.250000
1975-11-21,89.530000,121.006399,1.366432,141.850000
1975-11-24,89.700000,121.255839,1.372343,141.350000
1975-11-25,90.710000,122.640862,1.372787,141.900000
1975-11-26,90.940000,122.971763,1.374330,141.250000
1975-11-28,91.240000,123.397423,1.375874,138.250000
1975-12-01,90.670000,122.646843,1.378520,138.150000
1975-12-02,89.330000,120.854454,1.381170,137.850000
1975-12-03,87.600000,118.533836,1.381614,139.100000
1975-12-04,87.840000,118.878101,1.376531,138.500000
1975-12-05,86.820000,117.517257,1.379179,138.250000
1975-12-08,87.070000,117.874998,1.373004,137.900000
1975-12-09,87.300000,118.205778,1.369057,137.000000
1975-12-10,88.080000,119.281373,1.369504,139.000000
1975-12-11,87.800000,118.921824,1.377620,139.400000
1975-12-12,87.830000,118.982036,1.382475,139.350000
1975-12-15,88.090000,119.353843,1.389556,138.650000
1975-12-16,88.930000,120.511616,1.396670,138.650000
1975-12-17,89.150000,120.829585,1.402700,138.750000
1975-12-18,89.430000,121.228976,1.402021,139.150000
1975-12-19,88.800000,120.394923,1.411437,138.900000
1975-12-22,88.140000,119.519917,1.413007,142.000000
1975-12-23,88.730000,120.339648,1.413448,141.250000
1975-12-24,89.460000,121.349520,1.419544,140.500000
1975-12-29,90.130000,122.278331,1.428373,141.250000
1975-12-30,89.770000,121.810054,1.431097,141.000000
1975-12-31,90.190000,122.400012,1.428102,140.250000
1976-01-02,90.900000,123.382048,1.427399,140.350000
1976-01-05,92.580000,125.680995,1.431265,140.150000
1976-01-06,93.530000,126.989623,1.443155,138.850000
1976-01-07,93.950000,127.579038,1.437819,139.000000
1976-01-08,94.580000,128.453796,1.432507,137.650000
1976-01-09,94.950000,128.975695,1.444407,136.200000
1976-01-12,96.330000,130.869686,1.446000,136.500000
1976-01-13,95.570000,129.856932,1.445281,135.600000
1976-01-14,97.130000,131.996197,1.437626,131.000000
1976-01-15,96.610000,131.309454,1.435766,131.650000
1976-01-16,97.000000,131.859346,1.429314,129.600000
1976-01-19,98.320000,133.673618,1.433187,129.350000
1976-01-20,98.860000,134.427962,1.439361,126.000000
1976-01-21,98.240000,133.605183,1.431741,124.500000
1976-01-22,98.040000,133.353347,1.429892,124.000000
1976-01-23,99.210000,134.964896,1.432622,128.150000
1976-01-26,99.680000,135.624649,1.431918,126.650000
1976-01-27,99.070000,134.815148,1.431216,126.400000
1976-01-28,98.530000,134.100657,1.428224,127.000000
1976-01-29,100.110000,136.271294,1.429810,129.000000
1976-01-30,100.860000,137.312769,1.432541,128.000000
1976-02-02,100.870000,137.346352,1.432985,128.400000
1976-02-03,101.180000,137.788427,1.431136,131.650000
1976-02-04,101.910000,138.802589,1.428145,130.400000
1976-02-05,100.390000,136.752517,1.430875,128.750000
1976-02-06,99.460000,135.505547,1.425596,131.150000
1976-02-09,99.620000,135.743238,1.428323,130.750000
1976-02-10,100.470000,136.921197,1.426483,128.850000
1976-02-11,100.770000,137.349951,1.430352,130.400000
1976-02-13,99.670000,135.870620,1.434231,131.300000
1976-02-17,99.050000,135.045192,1.439265,130.500000
1976-02-18,99.850000,136.155554,1.438558,131.200000
1976-02-19,101.410000,138.302572,1.437852,131.000000
1976-02-20,102.100000,139.263704,1.441748,131.000000
1976-02-23,101.610000,138.615600,1.447960,131.500000
1976-02-24,102.030000,139.208718,1.451878,132.150000
1976-02-25,101.690000,138.765070,1.453483,133.650000
1976-02-26,100.110000,136.629199,1.453926,132.250000
1976-02-27,99.710000,136.103152,1.443901,132.300000
1976-03-01,100.020000,136.546011,1.433950,132.450000
1976-03-02,100.580000,137.330293,1.438986,131.550000
1976-03-03,99.980000,136.530953,1.439432,132.500000
1976-03-04,98.920000,135.103210,1.436424,132.000000
1976-03-05,99.110000,135.382276,1.442617,133.200000
1976-03-08,100.190000,136.877143,1.447680,133.150000
1976-03-09,100.580000,137.429776,1.445810,132.900000
1976-03-10,100.940000,137.941575,1.448570,133.300000
1976-03-11,101.890000,139.259795,1.447857,134.000000
1976-03-12,100.860000,137.872196,1.455253,133.300000
1976-03-15,99.800000,136.443180,1.452206,133.900000
1976-03-16,100.920000,137.994168,1.450328,133.350000
1976-03-17,100.860000,137.932113,1.450775,133.250000
1976-03-18,100.450000,137.391391,1.454703,134.300000
1976-03-19,100.580000,137.589099,1.453986,133.450000
1976-03-22,100.710000,137.786861,1.461411,134.000000
1976-03-23,102.240000,139.900094,1.463026,133.200000
1976-03-24,103.420000,141.535009,1.465812,133.250000
1976-03-25,102.850000,140.775437,1.467430,133.100000
1976-03-26,102.850000,140.795827,1.467875,132.200000
1976-03-29,102.410000,140.213884,1.468320,131.100000
1976-03-30,102.010000,139.686535,1.467590,128.600000
1976-03-31,102.770000,140.747466,1.466862,129.500000
1976-04-01,102.240000,140.041964,1.464960,129.150000
1976-04-02,102.250000,140.075912,1.466579,129.250000
1976-04-05,103.510000,141.822287,1.472892,127.700000
1976-04-06,103.360000,141.637276,1.476872,128.100000
1976-04-07,102.210000,140.081878,1.480861,127.400000
1976-04-08,101.280000,138.827542,1.482490,127.450000
1976-04-09,100.350000,137.572838,1.486492,128.300000
1976-04-12,100.200000,137.387093,1.486936,127.100000
1976-04-13,101.050000,138.572419,1.489759,128.000000
1976-04-14,100.310000,137.577677,1.493778,127.900000
1976-04-15,100.670000,138.091321,1.494220,127.600000
1976-04-20,102.870000,141.129080,1.491518,128.000000
1976-04-21,103.320000,141.766850,1.495541,127.450000
1976-04-22,102.980000,141.320832,1.490002,127.400000
1976-04-23,102.290000,140.394372,1.482103,127.400000
1976-04-26,102.430000,140.606826,1.480178,127.500000
1976-04-27,101.860000,139.844713,1.479441,127.750000
1976-04-28,102.130000,140.235621,1.482255,128.600000
1976-04-29,102.130000,140.255900,1.481517,128.000000
1976-04-30,101.640000,139.603262,1.474853,128.150000
1976-05-03,100.920000,138.634791,1.472942,128.250000
1976-05-04,101.460000,139.396908,1.476926,128.250000
1976-05-05,100.880000,138.620465,1.475012,127.400000
1976-05-06,101.160000,139.025527,1.463662,126.900000
1976-05-07,101.880000,140.035403,1.453575,128.150000
1976-05-10,103.100000,141.732828,1.448215,128.250000
1976-05-11,102.950000,141.547388,1.448670,128.000000
1976-05-12,102.770000,141.320643,1.446807,127.850000
1976-05-13,102.160000,140.502529,1.449578,127.500000
1976-05-14,101.340000,139.395355,1.448874,127.700000
1976-05-17,101.090000,139.071899,1.448171,127.700000
1976-05-18,101.260000,139.326149,1.448627,127.600000
1976-05-19,101.180000,139.236489,1.449084,127.150000
1976-05-20,102.000000,140.385315,1.448381,125.600000
1976-05-21,101.260000,139.387402,1.443044,125.800000
1976-05-24,99.440000,136.902542,1.445811,125.600000
1976-05-25,99.490000,136.991438,1.450896,124.500000
1976-05-26,99.340000,136.804969,1.450192,124.400000
1976-05-27,99.380000,136.880100,1.446009,126.400000
1976-05-28,100.180000,138.002028,1.449938,125.250000
1976-06-01,99.850000,137.567667,1.452716,126.050000
1976-06-02,100.220000,138.097595,1.453174,126.650000
1976-06-03,100.130000,137.993820,1.455956,126.900000
1976-06-04,99.150000,136.663462,1.459908,126.500000
1976-06-07,98.630000,135.966750,1.461533,127.000000
1976-06-08,98.800000,136.221033,1.459652,126.900000
1976-06-09,98.740000,136.158273,1.460110,126.900000
1976-06-10,99.560000,137.308975,1.465240,126.750000
1976-06-11,100.920000,139.204755,1.465697,126.300000
1976-06-14,101.950000,140.645896,1.468499,125.800000
1976-06-15,101.460000,139.990527,1.467781,125.750000
1976-06-16,102.010000,140.769914,1.465890,125.100000
1976-06-17,103.610000,142.998485,1.468693,125.450000
1976-06-18,103.760000,143.226468,1.473850,125.600000
1976-06-21,104.280000,143.965250,1.475486,125.600000
1976-06-22,103.470000,142.868093,1.474762,125.500000
1976-06-23,103.250000,142.585264,1.475220,125.000000
1976-06-24,103.790000,143.351887,1.475677,124.500000
1976-06-25,103.720000,143.276216,1.473773,124.800000
1976-06-28,103.430000,142.896617,1.470694,124.300000
1976-06-29,103.860000,143.511639,1.471153,123.900000
1976-06-30,104.280000,144.113021,1.471611,123.800000
1976-07-01,103.590000,143.180254,1.469716,123.250000
1976-07-02,104.110000,143.919655,1.474879,123.100000
1976-07-06,103.540000,143.152471,1.477697,123.050000
1976-07-07,103.830000,143.574081,1.475791,123.200000
1976-07-08,103.980000,143.802221,1.478612,123.100000
1976-07-09,104.980000,145.205956,1.483802,122.600000
1976-07-12,105.900000,146.499437,1.486634,122.200000
1976-07-13,105.670000,146.202406,1.485903,122.000000
1976-07-14,105.950000,146.610909,1.483984,122.250000
1976-07-15,105.200000,145.594239,1.486817,121.800000
1976-07-16,104.680000,144.895586,1.480138,119.100000
1976-07-19,104.290000,144.376671,1.477046,117.750000
1976-07-20,103.720000,143.608415,1.476325,110.000000
1976-07-21,103.820000,143.767600,1.477967,110.000000
1976-07-22,103.930000,143.940676,1.478428,111.250000
1976-07-23,104.060000,144.141499,1.481255,110.300000
1976-07-26,104.070000,144.176156,1.478161,111.100000
1976-07-27,103.480000,143.379593,1.480987,112.900000
1976-07-28,103.050000,142.804489,1.481449,115.350000
1976-07-29,102.930000,142.658807,1.481910,113.250000
1976-07-30,103.440000,143.386247,1.481186,112.400000
1976-08-02,103.190000,143.060744,1.482833,111.500000
1976-08-03,104.140000,144.398800,1.486854,111.800000
1976-08-04,104.430000,144.822099,1.488505,112.800000
1976-08-05,103.850000,144.039015,1.487775,112.750000
1976-08-06,103.790000,143.976932,1.485856,112.800000
1976-08-09,103.490000,143.581902,1.486319,112.800000
1976-08-10,104.410000,144.879379,1.486781,113.400000
1976-08-11,104.060000,144.414979,1.489623,113.650000
1976-08-12,104.220000,144.658220,1.491277,113.400000
1976-08-13,104.250000,144.721088,1.495318,113.000000
1976-08-16,104.430000,144.992203,1.500564,113.350000
1976-08-17,104.800000,145.527193,1.499825,112.850000
1976-08-18,104.560000,145.215280,1.499086,110.250000
1976-08-19,103.390000,143.611668,1.499548,109.150000
1976-08-20,102.370000,142.215933,1.500010,109.000000
1976-08-23,101.960000,141.667216,1.504072,107.300000
1976-08-24,101.270000,140.729292,1.505736,105.100000
1976-08-25,102.030000,141.806073,1.509811,103.500000
1976-08-26,101.320000,140.840091,1.511480,105.500000
1976-08-27,101.480000,141.083167,1.507104,104.200000
1976-08-31,102.910000,143.091936,1.515268,103.050000
1976-09-01,104.060000,144.711683,1.518153,104.000000
1976-09-02,103.920000,144.537947,1.514970,107.350000
1976-09-03,104.300000,145.087404,1.517855,105.550000
1976-09-07,105.030000,146.123888,1.519530,113.000000
1976-09-08,104.940000,146.019835,1.519990,113.000000
1976-09-09,104.400000,145.289592,1.518019,111.750000
1976-09-10,104.650000,145.658548,1.520909,114.000000
1976-09-13,104.290000,145.178570,1.521371,113.950000
1976-09-14,103.940000,144.712370,1.521832,112.900000
1976-09-15,104.250000,145.164930,1.524728,109.500000
1976-09-16,105.340000,146.703743,1.527629,115.300000
1976-09-17,106.270000,148.020170,1.541533,116.850000
1976-09-20,106.320000,148.111249,1.538291,115.100000
1976-09-21,107.830000,150.236233,1.539981,118.600000
1976-09-22,107.460000,149.742480,1.537976,120.750000
1976-09-23,106.920000,149.011690,1.537205,119.000000
1976-09-24,106.800000,148.866028,1.532746,118.450000
1976-09-27,107.270000,149.542708,1.530754,118.750000
1976-09-28,105.920000,147.682358,1.536114,117.750000
1976-09-29,105.370000,146.936890,1.536575,116.500000
1976-09-30,105.240000,146.776885,1.538266,116.100000
1976-10-01,104.170000,145.306957,1.546110,116.250000
1976-10-04,104.030000,145.133834,1.550280,114.900000
1976-10-05,103.230000,144.039878,1.549499,114.300000
1976-10-06,102.970000,143.699062,1.553677,114.750000
1976-10-07,103.540000,144.516439,1.555379,116.250000
1976-10-08,102.560000,143.170642,1.562059,114.550000
1976-10-12,100.810000,140.749533,1.566265,114.750000
1976-10-13,102.120000,142.600004,1.566722,114.250000
1976-10-14,100.850000,140.848331,1.568432,114.900000
1976-10-15,100.880000,140.911712,1.572654,115.000000
1976-10-18,101.470000,141.757332,1.573110,116.200000
1976-10-19,101.450000,141.751013,1.568532,115.600000
1976-10-20,101.740000,142.177836,1.565225,114.850000
1976-10-21,100.770000,140.843983,1.564431,115.400000
1976-10-22,99.960000,139.733346,1.553626,116.150000
1976-10-25,100.070000,139.908427,1.547873,115.650000
1976-10-26,101.060000,141.313891,1.554527,117.150000
1976-10-27,101.760000,142.314267,1.558719,117.650000
1976-10-28,101.610000,142.126194,1.564168,123.500000
1976-10-29,102.900000,143.952250,1.563376,122.300000
1976-11-01,103.100000,144.254525,1.568840,122.000000
1976-11-03,101.920000,142.626035,1.561769,124.000000
1976-11-04,102.410000,143.334014,1.569726,124.500000
1976-11-05,100.820000,141.131023,1.566419,125.600000
1976-11-08,99.600000,139.445272,1.560613,130.000000
1976-11-09,99.320000,139.075038,1.561075,130.250000
1976-11-10,98.810000,138.382622,1.562786,135.900000
1976-11-12,99.240000,139.006448,1.565749,135.000000
1976-11-15,99.900000,139.952629,1.568716,138.200000
1976-11-16,100.040000,140.170618,1.579217,134.750000
1976-11-17,100.610000,140.991165,1.580940,131.700000
1976-11-18,101.890000,142.806932,1.580134,129.100000
1976-11-19,101.920000,142.871285,1.591971,131.150000
1976-11-22,102.590000,143.832806,1.601343,132.750000
1976-11-23,101.960000,142.972002,1.603080,134.150000
1976-11-24,102.410000,143.625339,1.606100,131.100000
1976-11-26,103.150000,144.685589,1.625828,130.000000
1976-11-29,102.440000,143.712291,1.622377,128.750000
1976-11-30,102.100000,143.257755,1.624127,130.100000
1976-12-01,102.490000,143.826959,1.629776,130.500000
1976-12-02,102.120000,143.329805,1.636746,131.150000
1976-12-03,102.760000,144.250074,1.645052,131.000000
1976-12-06,103.560000,145.395222,1.644184,133.000000
1976-12-07,103.490000,145.319262,1.643317,134.200000
1976-12-08,104.080000,146.170038,1.639821,134.650000
1976-12-09,104.510000,146.796368,1.638959,136.000000
1976-12-10,104.700000,147.085778,1.652521,137.000000
1976-12-13,104.630000,147.010017,1.642392,136.000000
1976-12-14,105.070000,147.650804,1.644156,134.100000
1976-12-15,105.140000,147.771837,1.645920,134.900000
1976-12-16,104.800000,147.316657,1.646370,133.000000
1976-12-17,104.260000,146.580196,1.646819,133.150000
1976-12-20,103.650000,145.745091,1.652539,131.500000
1976-12-21,104.220000,146.568955,1.651665,133.750000
1976-12-22,104.710000,147.280561,1.650793,133.900000
1976-12-23,104.840000,147.486021,1.653883,132.900000
1976-12-29,106.340000,149.618819,1.655228,134.200000
1976-12-30,106.880000,150.401557,1.660974,134.650000
1976-12-31,107.460000,151.240820,1.660093,134.550000
1977-01-04,105.700000,148.787456,1.649056,136.100000
1977-01-05,104.760000,147.487578,1.652146,134.000000
1977-01-06,105.020000,147.876720,1.645988,132.820000
1977-01-07,105.010000,147.885799,1.628006,133.450000
1977-01-10,105.200000,148.176538,1.611531,131.450000
1977-01-11,104.120000,146.678540,1.601678,129.400000
1977-01-12,103.400000,145.687216,1.604703,130.450000
1977-01-13,104.200000,146.837207,1.615436,131.650000
1977-01-14,104.010000,146.592458,1.602972,131.250000
1977-01-17,103.730000,146.220783,1.603435,131.000000
1977-01-18,103.320000,145.665735,1.596202,132.650000
1977-01-19,103.850000,146.435769,1.604329,132.400000
1977-01-20,102.970000,145.217842,1.607359,132.750000
1977-01-21,103.320000,145.734187,1.605251,133.000000
1977-01-24,103.250000,145.658276,1.598009,132.300000
1977-01-25,103.130000,145.511800,1.601031,132.900000
1977-01-26,102.340000,144.419935,1.600216,132.950000
1977-01-27,101.790000,143.666405,1.587879,132.200000
1977-01-28,101.930000,143.886502,1.592158,131.300000
1977-01-31,102.030000,144.050198,1.592626,132.100000
1977-02-01,102.540000,144.793688,1.591820,132.850000
1977-02-02,102.360000,144.563086,1.584647,131.800000
1977-02-03,101.850000,143.866346,1.586384,132.600000
1977-02-04,101.880000,143.932142,1.609698,132.400000
1977-02-07,101.890000,143.969700,1.602436,133.300000
1977-02-08,101.600000,143.583370,1.601621,135.000000
1977-02-09,100.730000,142.377240,1.603370,136.250000
1977-02-10,100.820000,142.527629,1.603837,136.200000
1977-02-11,100.220000,141.702620,1.601738,135.150000
1977-02-14,100.740000,142.460924,1.599643,136.300000
1977-02-15,101.040000,142.908359,1.602671,135.900000
1977-02-16,101.500000,143.582235,1.605703,135.950000
1977-02-17,100.920000,142.785139,1.616447,136.450000
1977-02-18,100.490000,142.200004,1.597515,136.600000
1977-02-22,100.490000,142.223152,1.596707,137.500000
1977-02-23,100.190000,141.821716,1.589513,138.150000
1977-02-24,99.600000,141.009642,1.587442,140.500000
1977-02-25,99.480000,140.862706,1.590454,140.850000
1977-02-28,99.820000,141.367073,1.594743,142.250000
1977-03-01,100.660000,142.580063,1.590112,142.100000
1977-03-02,100.390000,142.221186,1.595672,144.900000
1977-03-03,100.880000,142.938869,1.598697,145.350000
1977-03-04,101.200000,143.415908,1.592774,145.000000
1977-03-07,101.250000,143.510469,1.590698,147.750000
1977-03-08,100.870000,142.995581,1.588627,147.700000
1977-03-09,100.100000,141.927646,1.591642,146.250000
1977-03-10,100.670000,142.759283,1.593389,147.400000
1977-03-11,100.650000,142.754516,1.600237,145.750000
1977-03-14,101.420000,143.870221,1.599429,145.650000
1977-03-15,101.980000,144.688393,1.601181,146.100000
1977-03-16,102.170000,144.981877,1.601654,147.500000
1977-03-17,102.080000,144.878127,1.598283,148.400000
1977-03-18,101.860000,144.589835,1.602592,150.250000
1977-03-21,101.310000,143.833010,1.604348,151.400000
1977-03-22,101.000000,143.416665,1.604821,151.350000
1977-03-23,100.200000,142.304395,1.604010,152.200000
1977-03-24,99.700000,141.617813,1.601917,153.250000
1977-03-25,99.060000,140.732138,1.599828,153.600000
1977-03-28,99.000000,140.670158,1.601583,151.200000
1977-03-29,99.690000,141.673836,1.602058,150.000000
1977-03-30,98.540000,140.062936,1.606378,148.900000
1977-03-31,98.420000,139.915520,1.609422,149.800000
1977-04-01,99.210000,141.062401,1.608608,148.250000
1977-04-04,98.230000,139.692981,1.607796,149.750000
1977-04-05,98.010000,139.403886,1.604412,148.850000
1977-04-06,97.910000,139.285369,1.606171,147.200000
1977-04-07,98.350000,139.935004,1.610501,148.900000
1977-04-12,100.150000,142.519900,1.616604,149.500000
1977-04-13,100.160000,142.558378,1.620958,152.300000
1977-04-14,101.000000,143.778210,1.639586,152.200000
1977-04-15,101.040000,143.859613,1.636120,151.400000
1977-04-18,100.540000,143.172194,1.636591,151.000000
1977-04-19,100.070000,142.527258,1.630516,150.700000
1977-04-20,100.400000,143.021518,1.628379,149.600000
1977-04-21,99.750000,142.119915,1.627549,148.100000
1977-04-22,98.440000,140.277657,1.624117,149.600000
1977-04-25,97.150000,138.463265,1.619394,149.300000
1977-04-26,97.110000,138.429812,1.622460,147.250000
1977-04-27,97.960000,139.665034,1.622936,147.500000
1977-04-28,98.200000,140.030973,1.620814,146.600000
1977-04-29,98.440000,140.397032,1.614807,146.500000
1977-05-02,98.930000,141.120155,1.615284,147.500000
1977-05-03,99.430000,141.857789,1.617054,148.150000
1977-05-04,99.960000,142.638474,1.616238,147.600000
1977-05-05,100.110000,142.877181,1.614130,147.000000
1977-05-06,99.490000,142.017021,1.610734,147.750000
1977-05-09,99.180000,141.599068,1.611214,147.800000
1977-05-10,99.470000,142.037584,1.609115,147.850000
1977-05-11,98.780000,141.076863,1.609595,147.600000
1977-05-12,98.730000,141.029847,1.612651,147.100000
1977-05-13,99.030000,141.482764,1.615711,147.600000
1977-05-16,99.470000,142.135850,1.618776,147.600000
1977-05-17,99.770000,142.589107,1.620550,147.750000
1977-05-18,100.300000,143.371226,1.623622,146.850000
1977-05-19,99.880000,142.795659,1.616308,146.800000
1977-05-20,99.450000,142.205591,1.616788,147.050000
1977-05-23,98.150000,140.371283,1.621149,146.550000
1977-05-24,97.670000,139.709073,1.628113,144.800000
1977-05-25,96.770000,138.445852,1.631197,145.000000
1977-05-26,97.010000,138.813152,1.627760,144.350000
1977-05-27,96.270000,137.778276,1.633449,143.900000
1977-05-31,96.120000,137.587425,1.633927,143.200000
1977-06-01,96.930000,138.770845,1.634405,143.750000
1977-06-02,96.740000,138.523010,1.633577,142.450000
1977-06-03,97.690000,139.907463,1.637976,142.600000
1977-06-08,98.200000,140.662243,1.639411,142.400000
1977-06-09,98.140000,140.600809,1.641202,141.400000
1977-06-10,98.460000,141.083759,1.648245,140.000000
1977-06-13,98.740000,141.509557,1.652679,139.500000
1977-06-14,99.860000,143.139347,1.659766,137.600000
1977-06-15,99.610000,142.805939,1.658914,137.200000
1977-06-16,99.850000,143.174900,1.658063,139.800000
1977-06-17,99.970000,143.371916,1.658539,139.200000
1977-06-20,100.420000,144.042267,1.655035,139.500000
1977-06-21,100.740000,144.526374,1.656836,141.000000
1977-06-22,100.460000,144.149857,1.658639,139.500000
1977-06-23,100.620000,144.404559,1.657789,140.200000
1977-06-24,101.190000,145.247756,1.666224,140.900000
1977-06-27,100.980000,144.971633,1.666701,141.600000
1977-06-28,100.140000,143.790951,1.672510,142.700000
1977-06-29,100.110000,143.772930,1.668971,142.300000
1977-06-30,100.480000,144.329358,1.668112,142.950000
1977-07-01,100.100000,143.808715,1.649906,143.050000
1977-07-05,100.090000,143.819446,1.649067,141.400000
1977-07-06,99.580000,143.111725,1.646909,141.050000
1977-07-07,99.930000,143.639705,1.657931,141.250000
1977-07-08,99.790000,143.463536,1.655758,142.200000
1977-07-11,99.550000,143.143536,1.653589,141.050000
1977-07-12,99.450000,143.024727,1.655393,142.000000
1977-07-13,99.590000,143.251029,1.661171,142.750000
1977-07-15,100.180000,144.124690,1.657664,144.150000
1977-07-18,100.950000,145.257608,1.654167,143.750000
1977-07-19,101.790000,146.491640,1.655972,145.000000
1977-07-20,101.730000,146.430856,1.657778,144.100000
1977-07-21,101.590000,146.254894,1.658260,144.200000
1977-07-22,101.670000,146.395591,1.660068,144.300000
1977-07-25,100.850000,145.240414,1.664534,145.750000
1977-07-26,100.270000,144.430467,1.665015,145.550000
1977-07-27,98.640000,142.107795,1.654840,145.800000
1977-07-28,98.790000,142.348697,1.648704,144.750000
1977-07-29,98.850000,142.459994,1.647869,144.500000
1977-08-01,99.120000,142.874866,1.647036,144.800000
1977-08-02,98.500000,142.007008,1.646204,145.200000
1977-08-03,98.370000,141.845260,1.649324,145.850000
1977-08-04,98.740000,142.404428,1.648490,146.500000
1977-08-05,98.760000,142.459017,1.650295,146.000000
1977-08-08,97.990000,141.374065,1.652101,146.150000
1977-08-09,98.050000,141.486188,1.647300,146.500000
1977-08-10,98.920000,142.767177,1.646470,145.850000
1977-08-11,98.160000,141.696111,1.645640,145.750000
1977-08-12,97.880000,141.317541,1.644811,145.500000
1977-08-15,98.180000,141.776225,1.645299,144.300000
1977-08-16,97.730000,141.152036,1.645788,143.350000
1977-08-17,97.740000,141.191998,1.651543,144.100000
1977-08-18,97.680000,141.130850,1.654673,143.750000
1977-08-19,97.510000,140.910743,1.657808,144.400000
1977-08-22,97.790000,141.340843,1.659621,144.200000
1977-08-23,97.620000,141.120686,1.664090,143.750000
1977-08-24,97.230000,140.582410,1.665908,144.000000
1977-08-25,96.150000,139.046281,1.670392,144.400000
1977-08-26,96.060000,138.941266,1.677558,144.200000
1977-08-30,96.380000,139.429233,1.678521,145.650000
1977-08-31,96.770000,140.018638,1.677662,146.000000
1977-09-01,96.830000,140.131437,1.675463,145.600000
1977-09-02,97.450000,141.054698,1.683990,146.200000
1977-09-06,97.710000,141.457212,1.684474,147.850000
1977-09-07,98.010000,141.917780,1.682263,146.850000
1977-09-08,97.280000,140.887080,1.680056,147.500000
1977-09-09,96.370000,139.595304,1.669789,147.150000
1977-09-12,96.030000,139.128707,1.667605,148.000000
1977-09-13,96.090000,139.241453,1.669427,147.800000
1977-09-14,96.550000,139.933865,1.673922,147.750000
1977-09-15,96.800000,140.322168,1.675749,147.850000
1977-09-16,96.480000,139.884332,1.677577,147.950000
1977-09-19,95.850000,138.996866,1.678064,149.200000
1977-09-20,95.890000,139.080665,1.673182,149.300000
1977-09-21,95.100000,137.960643,1.673671,150.650000
1977-09-22,95.090000,137.971737,1.670143,151.500000
1977-09-23,95.040000,137.924792,1.670632,151.400000
1977-09-26,95.380000,138.443805,1.667113,152.350000
1977-09-27,95.240000,138.266286,1.672938,152.750000
1977-09-28,95.310000,138.393567,1.673428,153.000000
1977-09-29,95.850000,139.203348,1.672580,153.000000
1977-09-30,96.530000,140.216746,1.670394,153.900000
1977-10-03,96.740000,140.548833,1.670885,155.100000
1977-10-04,96.030000,139.544420,1.672713,155.100000
1977-10-05,95.680000,139.062741,1.673204,155.200000
1977-10-06,96.050000,139.627329,1.668342,154.250000
1977-10-07,95.970000,139.537967,1.663495,153.600000
1977-10-11,94.930000,138.052749,1.656004,156.500000
1977-10-12,94.040000,136.785089,1.656500,157.700000
1977-10-13,93.460000,135.967840,1.656996,157.200000
1977-10-14,93.560000,136.139550,1.657491,157.400000
1977-10-17,93.470000,136.034852,1.656661,160.800000
1977-10-18,93.460000,136.046538,1.657158,160.600000
1977-10-19,92.380000,134.500662,1.658980,161.550000
1977-10-20,92.670000,134.948832,1.659476,159.650000
1977-10-21,92.320000,134.465182,1.658645,160.950000
1977-10-24,91.630000,133.486127,1.657815,162.700000
1977-10-25,91.000000,132.594095,1.655660,163.500000
1977-10-26,92.100000,134.222458,1.657483,163.650000
1977-10-27,92.340000,134.598114,1.659306,161.550000
1977-10-28,92.610000,135.017639,1.659804,161.200000
1977-10-31,92.340000,134.650046,1.652335,160.800000
1977-11-01,91.350000,133.232575,1.651513,162.550000
1977-11-02,90.710000,132.325015,1.644086,161.750000
1977-11-03,90.760000,132.423648,1.645903,163.200000
1977-11-04,91.580000,133.645785,1.651671,164.700000
1977-11-07,92.290000,134.707863,1.654815,166.500000
1977-11-09,92.980000,135.741154,1.657963,167.200000
1977-11-10,94.710000,138.293132,1.659789,167.000000
1977-11-14,95.320000,139.210692,1.664272,166.500000
1977-11-15,95.930000,140.128601,1.664772,162.250000
1977-11-16,95.450000,139.454657,1.666603,161.750000
1977-11-17,95.160000,139.058039,1.668436,159.750000
1977-11-18,95.330000,139.333463,1.668935,160.200000
1977-11-21,95.250000,139.243590,1.666764,158.500000
1977-11-22,96.090000,140.498603,1.669931,156.650000
1977-11-23,96.490000,141.110747,1.673102,158.500000
1977-11-25,96.690000,141.430635,1.673601,157.900000
1977-11-28,96.040000,140.507328,1.672762,160.500000
1977-11-29,94.550000,138.354728,1.670585,159.850000
1977-11-30,94.830000,138.791317,1.671086,159.800000
1977-12-01,94.690000,138.613830,1.667576,160.100000
1977-12-02,94.670000,138.611932,1.666744,158.600000
1977-12-05,94.270000,138.053648,1.665912,158.600000
1977-12-06,92.830000,135.972110,1.662416,161.250000
1977-12-07,92.780000,135.925730,1.662920,160.600000
1977-12-08,92.960000,136.216285,1.662093,160.400000
1977-12-09,93.650000,137.254263,1.663926,158.800000
1977-12-12,93.630000,137.252062,1.663099,158.000000
1977-12-13,93.560000,137.176559,1.662273,157.350000
1977-12-14,94.030000,137.892764,1.661448,160.400000
1977-12-15,93.550000,137.216092,1.660624,159.650000
1977-12-16,93.400000,137.023181,1.661129,159.250000
1977-12-19,92.690000,136.008635,1.658977,159.750000
1977-12-20,92.500000,135.756704,1.652847,159.800000
1977-12-21,93.050000,136.590721,1.655999,159.900000
1977-12-22,93.800000,137.718647,1.652532,159.900000
1977-12-23,94.690000,139.052562,1.653040,162.050000
1977-12-28,94.750000,139.168139,1.650092,164.100000
1977-12-29,94.940000,139.474698,1.645321,165.500000
1977-12-30,95.100000,139.737301,1.651097,165.600000
1978-01-03,93.820000,137.885464,1.645002,168.600000
1978-01-04,93.520000,137.473136,1.646829,172.500000
1978-01-05,92.740000,136.355037,1.646023,166.300000
1978-01-06,91.620000,134.736567,1.643901,168.900000
1978-01-09,90.640000,133.323300,1.623371,168.600000
1978-01-10,90.170000,132.659602,1.622588,173.500000
1978-01-11,89.740000,132.054472,1.621807,172.900000
1978-01-12,89.820000,132.199561,1.623621,174.200000
1978-01-13,89.690000,132.035621,1.629333,172.400000
1978-01-16,89.430000,131.680230,1.629849,174.450000
1978-01-17,89.880000,132.370117,1.630365,174.250000
1978-01-18,90.560000,133.399015,1.630882,172.300000
1978-01-19,90.090000,132.734330,1.632703,172.850000
1978-01-20,89.890000,132.467167,1.633219,173.300000
1978-01-23,89.240000,131.536742,1.633736,174.950000
1978-01-24,89.250000,131.578742,1.631638,177.100000
1978-01-25,89.390000,131.812409,1.630850,177.000000
1978-01-26,88.580000,130.645319,1.633977,176.000000
1978-01-27,88.580000,130.672394,1.635802,176.150000
1978-01-30,89.340000,131.820620,1.637628,175.900000
1978-01-31,89.250000,131.715145,1.640766,175.200000
1978-02-01,89.930000,132.746630,1.638657,176.600000
1978-02-02,90.130000,133.070012,1.639175,175.000000
1978-02-03,89.620000,132.345265,1.638381,175.200000
1978-02-06,89.500000,132.196131,1.636278,175.500000
1978-02-07,90.330000,133.450128,1.636797,175.700000
1978-02-08,90.830000,134.217118,1.636006,175.000000
1978-02-09,90.300000,133.462423,1.635217,174.000000
1978-02-10,90.080000,133.165577,1.634429,174.000000
1978-02-14,89.040000,131.656390,1.631026,177.500000
1978-02-15,88.830000,131.373809,1.627633,178.550000
1978-02-16,88.080000,130.292476,1.625550,179.250000
1978-02-17,87.960000,130.142606,1.627373,179.600000
1978-02-21,87.590000,129.622774,1.626594,181.400000
1978-02-22,87.560000,129.605875,1.627117,181.350000
1978-02-23,87.640000,129.751784,1.630243,182.600000
1978-02-24,88.490000,131.037741,1.635983,183.750000
1978-02-27,87.720000,129.925308,1.639122,182.100000
1978-02-28,87.040000,128.945696,1.637021,182.000000
1978-03-01,87.190000,129.195567,1.636234,183.800000
1978-03-02,87.320000,129.415903,1.638065,183.500000
1978-03-03,87.450000,129.636328,1.638588,183.800000
1978-03-06,86.900000,128.848806,1.637800,184.100000
1978-03-07,87.360000,129.558492,1.640944,185.400000
1978-03-08,87.840000,130.298136,1.641467,188.800000
1978-03-09,87.890000,130.400246,1.643303,187.950000
1978-03-10,88.880000,131.897049,1.646455,186.900000
1978-03-13,88.950000,132.029214,1.648295,185.200000
1978-03-14,89.350000,132.651252,1.648818,187.650000
1978-03-15,89.120000,132.338235,1.648021,186.750000
1978-03-16,89.510000,132.945744,1.648544,185.550000
1978-03-17,90.200000,133.999084,1.649068,184.500000
1978-03-20,90.820000,134.948879,1.653549,181.350000
1978-03-21,89.790000,133.447348,1.654072,177.250000
1978-03-22,89.470000,133.000377,1.653272,178.550000
1978-03-23,89.360000,132.865380,1.649828,182.100000
1978-03-28,89.500000,133.102033,1.636361,183.200000
1978-03-29,89.640000,133.338781,1.638197,182.700000
1978-03-30,89.410000,133.025253,1.637414,179.400000
1978-03-31,89.210000,132.756218,1.634011,180.750000
1978-04-03,88.460000,131.667603,1.637154,182.750000
1978-04-04,88.860000,132.290238,1.638992,179.800000
1978-04-05,89.640000,133.478850,1.636898,178.650000
1978-04-06,89.790000,133.729841,1.634808,182.000000
1978-04-07,90.170000,134.323484,1.637953,179.250000
1978-04-10,90.490000,134.827986,1.637171,178.700000
1978-04-11,90.250000,134.498304,1.636391,179.650000
1978-04-12,90.110000,134.317509,1.636921,180.700000
1978-04-13,90.980000,135.642133,1.638761,179.400000
1978-04-14,92.920000,138.562561,1.643224,178.200000
1978-04-17,94.450000,140.872787,1.649011,175.100000
1978-04-18,93.430000,139.380615,1.649540,173.300000
1978-04-19,93.860000,140.050952,1.643471,173.800000
1978-04-20,94.540000,141.094591,1.642686,169.700000
1978-04-21,94.340000,140.825315,1.640589,171.000000
1978-04-24,95.770000,142.989090,1.638495,169.000000
1978-04-25,96.640000,144.317643,1.639027,168.000000
1978-04-26,96.820000,144.616324,1.634314,168.100000
1978-04-27,95.860000,143.212347,1.632232,169.350000
1978-04-28,96.830000,144.691151,1.632766,170.000000
1978-05-02,97.250000,145.347473,1.632527,169.150000
1978-05-03,96.260000,143.896699,1.629144,170.300000
1978-05-04,95.930000,143.431958,1.630982,172.850000
1978-05-05,96.530000,144.357537,1.622384,172.550000
1978-05-08,96.190000,143.877737,1.621623,171.950000
1978-05-09,95.900000,143.472528,1.623458,172.150000
1978-05-10,95.920000,143.530933,1.623995,173.100000
1978-05-11,97.200000,145.474770,1.624532,174.850000
1978-05-12,98.070000,146.805740,1.622471,175.100000
1978-05-15,98.760000,147.867779,1.624307,175.000000
1978-05-16,99.350000,148.780509,1.626145,177.100000
1978-05-17,99.600000,149.184431,1.627984,176.400000
1978-05-18,98.620000,147.746169,1.623312,176.750000
1978-05-19,98.120000,147.026433,1.622553,178.650000
1978-05-22,99.090000,148.509103,1.623092,179.350000
1978-05-23,98.050000,146.979908,1.624931,180.250000
1978-05-24,97.080000,145.555028,1.622870,179.600000
1978-05-25,96.800000,145.164113,1.622112,179.350000
1978-05-26,96.580000,144.863013,1.620058,178.950000
1978-05-31,97.240000,145.881725,1.620599,184.900000
1978-06-01,97.350000,146.075854,1.622437,183.250000
1978-06-02,98.140000,147.290411,1.625574,184.500000
1978-06-05,99.950000,150.036279,1.627416,182.500000
1978-06-06,100.320000,150.621625,1.629259,181.950000
1978-06-07,100.120000,150.351393,1.629800,182.350000
1978-06-08,100.210000,150.516544,1.629038,183.400000
1978-06-09,99.930000,150.126010,1.625670,181.000000
1978-06-12,99.550000,149.585083,1.627513,181.400000
1978-06-13,99.570000,149.644979,1.626753,181.600000
1978-06-14,99.480000,149.539573,1.627296,183.650000
1978-06-15,98.340000,147.855745,1.627839,182.550000
1978-06-16,97.420000,146.502009,1.625778,184.000000
1978-06-19,97.490000,146.636505,1.623721,184.150000
1978-06-20,96.510000,145.191725,1.621667,186.350000
1978-06-21,96.010000,144.468481,1.618320,186.100000
1978-06-22,96.240000,144.843390,1.618866,185.550000
1978-06-23,95.850000,144.285329,1.612937,185.200000
1978-06-26,94.600000,142.432460,1.608323,185.100000
1978-06-27,94.980000,143.033016,1.610157,185.100000
1978-06-28,95.400000,143.694042,1.611994,185.250000
1978-06-29,95.570000,143.978769,1.612542,184.600000
1978-06-30,95.530000,143.947233,1.606640,183.200000
1978-07-03,95.090000,143.313302,1.611046,183.000000
1978-07-05,94.270000,142.106398,1.607728,184.400000
1978-07-06,94.320000,142.210471,1.608278,183.450000
1978-07-07,94.890000,143.098608,1.603682,183.850000
1978-07-10,95.270000,143.700568,1.601667,185.500000
1978-07-11,95.930000,144.725103,1.602219,185.350000
1978-07-12,96.240000,145.222016,1.604053,185.700000
1978-07-13,96.250000,145.266436,1.603321,186.700000
1978-07-14,97.580000,147.303094,1.603873,186.000000
1978-07-17,97.780000,147.634758,1.608275,185.050000
1978-07-18,96.870000,146.290597,1.611400,185.400000
1978-07-19,98.120000,148.207862,1.613241,185.750000
1978-07-20,98.030000,148.101853,1.608631,187.400000
1978-07-21,97.750000,147.708747,1.607897,190.750000
1978-07-24,97.720000,147.693247,1.608450,195.500000
1978-07-25,98.440000,148.811279,1.609003,194.050000
1978-07-26,99.080000,149.808820,1.610844,194.700000
1978-07-27,99.540000,150.534596,1.621707,194.700000
1978-07-28,100.000000,151.260659,1.626151,198.800000
1978-07-31,100.680000,152.319782,1.625402,198.900000
1978-08-01,100.660000,152.318515,1.628555,207.500000
1978-08-02,102.920000,155.767333,1.642135,203.250000
1978-08-03,103.510000,156.689933,1.649254,201.750000
1978-08-04,103.920000,157.340399,1.651122,201.350000
1978-08-07,103.550000,156.810146,1.654313,205.000000
1978-08-08,104.010000,157.536589,1.656185,206.750000
1978-08-09,104.500000,158.308741,1.658059,208.000000
1978-08-10,103.660000,157.066342,1.644017,205.850000
1978-08-11,103.960000,157.550798,1.645883,209.850000
1978-08-14,103.970000,157.595940,1.645118,212.250000
1978-08-15,103.850000,157.444041,1.644354,215.900000
1978-08-16,104.650000,158.686864,1.633066,215.700000
1978-08-17,105.080000,159.369101,1.642765,210.450000
1978-08-18,104.730000,158.868607,1.645947,212.750000
1978-08-21,103.890000,157.624619,1.653083,205.150000
1978-08-22,104.310000,158.291854,1.653635,207.300000
1978-08-23,104.910000,159.232490,1.666093,198.350000
1978-08-24,105.080000,159.520823,1.662644,202.700000
1978-08-25,104.900000,159.277928,1.664525,198.850000
1978-08-29,103.390000,157.015491,1.661634,199.400000
1978-08-30,103.500000,157.212430,1.655539,206.600000
1978-08-31,103.290000,156.923370,1.660066,207.300000
1978-09-01,103.680000,157.545964,1.661946,208.100000
1978-09-05,104.490000,158.806998,1.667817,211.200000
1978-09-06,105.380000,160.190094,1.667035,211.750000
1978-09-07,105.420000,160.281612,1.668921,210.850000
1978-09-08,106.790000,162.395304,1.669473,208.600000
1978-09-11,106.980000,162.715373,1.674033,205.700000
1978-09-12,106.990000,162.761780,1.677263,207.150000
1978-09-13,106.340000,161.804154,1.676473,206.800000
1978-09-14,105.100000,159.948425,1.674343,211.200000
1978-09-15,104.120000,158.487660,1.670877,210.650000
1978-09-18,103.210000,157.132878,1.668757,209.300000
1978-09-19,102.530000,156.127734,1.667977,211.100000
1978-09-20,101.730000,154.939467,1.657856,213.500000
1978-09-21,101.900000,155.228091,1.651781,215.900000
1978-09-22,101.840000,155.166452,1.645732,214.350000
1978-09-25,101.860000,155.226675,1.646291,216.650000
1978-09-26,102.620000,156.414617,1.650801,219.100000
1978-09-27,101.660000,154.981363,1.650040,217.150000
1978-09-28,101.960000,155.468429,1.650599,217.450000
1978-09-29,102.540000,156.382620,1.648517,217.450000
1978-10-02,102.960000,157.054227,1.646440,217.000000
1978-10-03,102.600000,156.536289,1.648317,218.800000
1978-10-04,103.060000,157.269208,1.646241,223.000000
1978-10-05,103.270000,157.620913,1.645485,223.400000
1978-10-06,103.520000,158.033804,1.648679,223.200000
1978-10-10,104.460000,159.500207,1.649240,223.600000
1978-10-11,105.390000,160.951914,1.652441,226.000000
1978-10-12,104.880000,160.205018,1.659612,227.200000
1978-10-13,104.660000,159.900795,1.658844,225.050000
1978-10-16,102.610000,156.800549,1.650116,224.300000
1978-10-17,101.260000,154.768738,1.649358,228.000000
1978-10-18,100.490000,153.622596,1.647282,229.250000
1978-10-19,99.330000,151.879784,1.645210,227.000000
1978-10-20,97.950000,149.799881,1.643142,227.450000
1978-10-23,98.180000,150.181393,1.643706,229.000000
1978-10-24,97.490000,149.155769,1.646901,226.300000
1978-10-25,97.310000,148.910010,1.646148,230.100000
1978-10-26,96.030000,146.980857,1.637495,233.300000
1978-10-27,94.590000,144.806034,1.630202,234.150000
1978-10-30,95.060000,145.554318,1.617728,241.300000
1978-10-31,93.150000,142.658675,1.607944,243.650000
1978-11-01,96.850000,148.355408,1.647107,238.650000
1978-11-02,95.610000,146.487380,1.638449,220.400000
1978-11-03,96.180000,147.391713,1.621977,219.550000
1978-11-06,95.190000,145.905787,1.623845,208.250000
1978-11-08,94.450000,144.802419,1.623116,221.750000
1978-11-09,94.420000,144.787085,1.622388,216.600000
1978-11-10,94.770000,145.354443,1.624257,209.600000
1978-11-13,93.130000,142.869852,1.628726,209.100000
1978-11-14,92.490000,141.918284,1.630600,210.600000
1978-11-15,92.710000,142.285904,1.638998,207.000000
1978-11-16,93.710000,143.850772,1.644812,197.100000
1978-11-17,94.420000,144.971125,1.645381,198.300000
1978-11-20,95.250000,146.276189,1.645951,199.150000
1978-11-21,95.010000,145.938590,1.639936,199.100000
1978-11-22,95.480000,146.691426,1.640507,197.900000
1978-11-24,95.790000,147.198756,1.629266,202.750000
1978-11-27,95.990000,147.537258,1.629839,199.700000
1978-11-28,95.150000,146.277411,1.630412,197.200000
1978-11-29,93.750000,144.156113,1.630985,193.650000
1978-11-30,94.700000,145.647417,1.631559,193.700000
1978-12-01,96.280000,148.107927,1.639964,194.050000
1978-12-04,96.150000,147.938951,1.637913,197.700000
1978-12-05,97.440000,149.954748,1.634555,196.650000
1978-12-06,97.490000,150.063086,1.635129,195.500000
1978-12-07,97.080000,149.463400,1.630471,198.100000
1978-12-08,96.630000,148.801872,1.629742,200.350000
1978-12-11,97.110000,149.572180,1.630317,205.400000
1978-12-12,96.590000,148.802568,1.628285,204.050000
1978-12-13,96.060000,148.017221,1.621045,203.000000
1978-12-14,96.040000,148.017389,1.624217,202.800000
1978-12-15,95.330000,146.954118,1.619597,205.600000
1978-12-18,93.440000,144.071387,1.603331,212.200000
1978-12-19,94.240000,145.335034,1.602629,220.350000
1978-12-20,94.680000,146.044017,1.600646,216.750000
1978-12-21,94.710000,146.120864,1.601228,213.250000
1978-12-22,96.310000,148.619970,1.608215,216.000000
1978-12-27,96.660000,149.191181,1.608090,220.750000
1978-12-28,96.280000,148.635896,1.603526,223.000000
1978-12-29,96.110000,148.404566,1.605392,224.500000
1979-01-02,96.730000,149.392116,1.602122,227.150000
1979-01-03,97.800000,151.075050,1.605269,222.100000
1979-01-04,98.580000,152.310687,1.612274,222.500000
1979-01-05,99.130000,153.191458,1.614146,226.700000
1979-01-08,98.800000,152.712664,1.609564,224.100000
1979-01-09,99.330000,153.562949,1.607572,224.000000
1979-01-10,98.770000,152.728446,1.608157,220.400000
1979-01-11,99.100000,153.269806,1.610028,221.200000
1979-01-12,99.930000,154.584689,1.611901,216.600000
1979-01-15,100.690000,155.791814,1.611196,216.550000
1979-01-16,99.460000,153.920410,1.610492,219.000000
1979-01-17,99.480000,153.982684,1.608500,225.000000
1979-01-18,99.720000,154.385509,1.609086,227.800000
1979-01-19,99.750000,154.463372,1.613534,230.700000
1979-01-22,99.900000,154.727082,1.617993,234.400000
1979-01-23,100.600000,155.842742,1.621167,230.800000
1979-01-24,100.160000,155.192838,1.624346,234.500000
1979-01-25,101.190000,156.820352,1.637926,235.100000
1979-01-26,101.860000,157.890605,1.645062,234.350000
1979-01-29,101.550000,157.442213,1.641696,234.050000
1979-01-30,101.050000,156.699057,1.643594,233.650000
1979-01-31,99.930000,154.994152,1.644177,233.050000
1979-02-01,99.960000,155.072971,1.646077,232.400000
1979-02-02,99.500000,154.391654,1.653245,229.900000
1979-02-05,98.090000,152.235955,1.645892,238.800000
1979-02-06,98.050000,152.205588,1.639893,242.550000
1979-02-07,97.160000,150.855725,1.628672,249.000000
1979-02-08,97.650000,151.647950,1.629259,254.000000
1979-02-09,97.870000,152.021196,1.627240,243.900000
1979-02-13,98.930000,153.699359,1.627829,244.000000
1979-02-14,98.870000,153.638160,1.627115,237.600000
1979-02-15,98.730000,153.452614,1.627704,245.000000
1979-02-16,98.670000,153.391325,1.629595,245.950000
1979-02-20,99.420000,154.589221,1.628880,248.000000
1979-02-21,99.070000,154.077206,1.625560,249.250000
1979-02-22,98.330000,152.958428,1.619648,251.150000
1979-02-23,97.780000,152.134733,1.618944,252.100000
1979-02-26,97.670000,151.995277,1.620831,250.300000
1979-02-27,96.130000,149.630373,1.622719,247.800000
1979-02-28,96.280000,149.895025,1.625907,250.900000
1979-03-01,96.900000,150.891182,1.626499,249.300000
1979-03-02,96.970000,151.031290,1.628392,248.700000
1979-03-05,98.060000,152.760105,1.635498,242.800000
1979-03-06,97.870000,152.495609,1.632164,239.300000
1979-03-07,98.440000,153.415187,1.637979,242.000000
1979-03-08,99.580000,155.223461,1.638570,238.750000
1979-03-09,99.540000,155.193108,1.637851,240.500000
1979-03-12,99.670000,155.427784,1.638443,241.100000
1979-03-13,99.840000,155.724926,1.639035,239.400000
1979-03-14,99.710000,155.554261,1.638317,239.900000
1979-03-15,99.860000,155.820337,1.636288,239.800000
1979-03-16,100.690000,157.147581,1.639500,243.350000
1979-03-19,101.060000,157.757437,1.640093,243.850000
1979-03-20,100.500000,156.915782,1.639375,242.000000
1979-03-21,101.250000,158.119143,1.639968,240.250000
1979-03-22,101.670000,158.807639,1.641875,242.900000
1979-03-23,101.600000,158.731037,1.642469,242.150000
1979-03-26,101.040000,157.888863,1.643063,244.300000
1979-03-27,102.480000,160.171608,1.644972,246.300000
1979-03-28,102.120000,159.641963,1.650831,243.750000
1979-03-29,102.030000,159.534177,1.652746,241.600000
1979-03-30,101.590000,158.879079,1.646729,239.650000
1979-04-02,100.900000,157.832370,1.647324,240.050000
1979-04-03,102.400000,160.210923,1.649238,239.900000
1979-04-04,102.650000,160.634733,1.651153,239.800000
1979-04-05,103.260000,161.622065,1.654390,240.500000
1979-04-06,103.180000,161.529807,1.651015,239.850000
1979-04-09,102.870000,161.077437,1.646328,240.000000
1979-04-10,103.340000,161.846226,1.642974,239.600000
1979-04-11,102.310000,160.266092,1.639629,239.100000
1979-04-12,102.000000,159.813166,1.640227,233.750000
1979-04-17,101.240000,158.654990,1.646678,231.750000
1979-04-18,101.700000,159.408217,1.648594,234.500000
1979-04-19,101.280000,158.782400,1.649193,241.000000
1979-04-20,101.230000,158.736391,1.644514,237.800000
1979-04-23,101.570000,159.301907,1.642483,236.750000
1979-04-24,102.200000,160.322480,1.639141,240.000000
1979-04-25,102.500000,160.825787,1.641053,241.500000
1979-04-26,102.010000,160.089757,1.636403,242.250000
1979-04-27,101.800000,159.792838,1.630459,242.750000
1979-04-30,101.760000,159.762636,1.627149,243.450000
1979-05-01,101.680000,159.670686,1.626451,247.700000
1979-05-02,101.720000,159.767129,1.629658,246.600000
1979-05-03,101.810000,159.942138,1.625047,245.900000
1979-05-04,100.690000,158.216320,1.624352,247.650000
1979-05-08,99.170000,155.861236,1.626862,250.200000
1979-05-09,99.460000,156.349844,1.630071,247.000000
1979-05-10,98.520000,154.905107,1.630676,251.700000
1979-05-11,98.520000,154.937733,1.633891,251.100000
1979-05-14,98.060000,154.246946,1.639725,250.650000
1979-05-15,98.140000,154.405273,1.637707,253.400000
1979-05-16,98.420000,154.878323,1.639622,256.100000
1979-05-17,99.940000,157.302887,1.649410,257.550000
1979-05-18,99.930000,157.320278,1.651334,257.500000
1979-05-21,100.140000,157.684017,1.650618,261.050000
1979-05-22,100.510000,158.299844,1.663108,265.150000
1979-05-23,99.890000,157.356706,1.674356,264.400000
1979-05-24,99.930000,157.452861,1.676298,263.000000
1979-05-25,100.220000,157.942957,1.683606,270.000000
1979-05-29,100.050000,157.708310,1.684208,276.100000
1979-05-31,99.080000,156.212520,1.678073,277.150000
1979-06-01,99.170000,156.386966,1.680019,276.700000
1979-06-04,99.320000,156.656095,1.679278,273.600000
1979-06-05,100.620000,158.739209,1.685255,275.750000
1979-06-06,101.300000,159.845059,1.692600,280.750000
1979-06-07,101.790000,160.651554,1.704035,279.300000
1979-06-08,101.490000,160.211549,1.703273,277.400000
1979-06-11,101.910000,160.907941,1.698424,282.400000
1979-06-12,102.850000,162.425654,1.719407,278.900000
1979-06-13,102.310000,161.606704,1.714505,276.100000
1979-06-14,102.200000,161.466623,1.709619,278.800000
1979-06-15,102.090000,161.326477,1.697912,279.300000
1979-06-18,101.560000,160.522565,1.699874,279.900000
1979-06-19,101.580000,160.587623,1.700478,279.250000
1979-06-20,101.630000,160.700129,1.702442,280.700000
1979-06-21,102.090000,161.460977,1.704408,280.600000
1979-06-22,102.640000,162.364475,1.698194,281.950000
1979-06-25,102.090000,161.528270,1.705592,284.500000
1979-06-26,101.660000,160.881574,1.721206,281.900000
1979-06-27,102.270000,161.880449,1.724562,281.000000
1979-06-28,102.800000,162.753101,1.725164,281.300000
1979-06-29,102.910000,162.961165,1.724387,276.450000
1979-07-02,101.990000,161.538298,1.731887,282.200000
1979-07-03,102.090000,161.730369,1.731104,281.800000
1979-07-05,102.430000,162.302720,1.727551,286.750000
1979-07-06,103.620000,164.222146,1.725391,290.200000
1979-07-09,104.470000,165.603513,1.720473,290.250000
1979-07-10,104.200000,165.210047,1.712820,289.900000
1979-07-11,103.640000,164.356612,1.706575,290.600000
1979-07-12,102.690000,162.884335,1.709913,290.750000
1979-07-13,102.320000,162.331415,1.711888,288.600000
1979-07-16,102.740000,163.031598,1.705648,291.400000
1979-07-17,101.830000,161.621573,1.703527,296.500000
1979-07-18,101.690000,161.433071,1.701411,303.850000
1979-07-19,101.610000,161.339733,1.700659,300.100000
1979-07-20,101.820000,161.706821,1.709432,298.500000
1979-07-23,101.590000,161.375263,1.703204,303.600000
1979-07-24,101.970000,162.012542,1.699727,306.500000
1979-07-25,103.080000,163.809922,1.709856,303.000000
1979-07-26,103.100000,163.875863,1.713202,307.000000
1979-07-27,103.100000,163.910035,1.706959,305.400000
1979-07-30,103.150000,164.023705,1.706204,304.650000
1979-07-31,103.810000,165.107405,1.709546,295.350000
1979-08-01,104.170000,165.713244,1.712892,290.950000
1979-08-02,104.100000,165.635279,1.724466,292.850000
1979-08-03,104.040000,165.573186,1.723696,288.500000
1979-08-06,104.300000,166.020321,1.725685,287.000000
1979-08-07,105.650000,168.202646,1.726295,282.500000
1979-08-08,105.980000,168.761922,1.724143,287.100000
1979-08-09,105.490000,168.015653,1.719237,292.750000
1979-08-10,106.400000,169.498878,1.715723,302.800000
1979-08-13,107.420000,171.157926,1.716336,304.100000
1979-08-14,107.520000,171.351748,1.719695,293.000000
1979-08-15,108.250000,172.549656,1.717556,300.250000
1979-08-16,108.090000,172.329384,1.718169,296.500000
1979-08-17,108.300000,172.698913,1.717409,298.700000
1979-08-20,108.830000,173.578867,1.716649,299.100000
1979-08-21,108.910000,173.741438,1.714516,298.900000
1979-08-22,108.990000,173.904067,1.715132,311.500000
1979-08-23,108.630000,173.364693,1.714375,309.600000
1979-08-24,108.600000,173.351747,1.702647,314.700000
1979-08-28,109.020000,174.057097,1.702512,316.200000
1979-08-29,109.020000,174.092168,1.704492,314.050000
1979-08-30,109.020000,174.127246,1.695565,318.650000
1979-08-31,109.320000,174.641492,1.692115,317.750000
1979-09-04,107.440000,171.673306,1.681906,323.900000
1979-09-05,106.400000,170.046103,1.682528,329.250000
1979-09-06,106.850000,170.799519,1.679112,340.850000
1979-09-07,107.660000,172.128691,1.681079,331.150000
1979-09-10,108.170000,172.978743,1.679012,336.400000
1979-09-11,107.510000,171.958139,1.694411,338.650000
1979-09-12,107.820000,172.488594,1.688255,336.950000
1979-09-13,107.850000,172.571315,1.683476,334.350000
1979-09-14,108.760000,174.062156,1.690834,345.750000
1979-09-17,108.840000,174.225235,1.680636,350.750000
1979-09-18,108.000000,172.915685,1.682605,371.350000
1979-09-19,108.280000,173.398800,1.689961,376.000000
1979-09-20,110.510000,177.004817,1.693289,375.350000
1979-09-21,110.470000,176.976386,1.697977,373.000000
1979-09-24,109.610000,175.634271,1.687734,377.000000
1979-09-25,109.680000,175.781797,1.691060,375.900000
1979-09-26,109.960000,176.265938,1.686274,370.800000
1979-09-27,110.210000,176.702177,1.676108,386.250000
1979-09-28,109.320000,175.310796,1.676736,397.000000
1979-10-01,108.560000,174.129016,1.667974,399.500000
1979-10-02,109.590000,175.817867,1.673941,437.000000
1979-10-03,109.590000,175.854966,1.670553,418.500000
1979-10-04,110.170000,176.822777,1.660491,394.500000
1979-10-05,111.270000,178.625587,1.658466,367.500000
1979-10-09,106.630000,171.214525,1.615314,377.000000
1979-10-10,105.300000,169.115088,1.595274,409.250000
1979-10-11,105.050000,168.749264,1.585703,400.000000
1979-10-12,104.490000,167.885304,1.588880,387.750000
1979-10-15,103.360000,166.105145,1.569183,400.200000
1979-10-16,103.190000,165.866995,1.574846,398.600000
1979-10-17,103.390000,166.223473,1.584307,386.400000
1979-10-18,103.610000,166.612249,1.558332,382.000000
1979-10-19,101.600000,163.415182,1.525316,388.750000
1979-10-22,100.710000,162.018173,1.491795,395.500000
1979-10-23,100.280000,161.360593,1.485283,387.600000
1979-10-24,100.440000,161.652097,1.508509,389.000000
1979-10-25,100.000000,160.978054,1.491055,391.200000
1979-10-26,100.570000,161.929596,1.528683,374.800000
1979-10-29,100.710000,162.189181,1.515878,374.500000
1979-10-30,102.670000,165.379901,1.520165,376.000000
1979-10-31,101.820000,164.045625,1.524461,379.750000
1979-11-01,102.570000,165.289150,1.516573,379.700000
1979-11-02,102.510000,165.227903,1.511156,373.000000
1979-11-05,101.820000,164.151174,1.510597,378.000000
1979-11-07,99.870000,161.042640,1.493120,392.500000
1979-11-08,100.300000,161.770555,1.498550,392.500000
1979-11-09,101.510000,163.756811,1.532769,389.750000
1979-11-13,102.940000,166.098812,1.539550,388.000000
1979-11-14,103.390000,166.860525,1.525420,389.250000
1979-11-15,104.130000,168.090585,1.541935,387.500000
1979-11-16,103.790000,167.577786,1.524081,386.750000
1979-11-19,104.230000,168.324136,1.521075,390.000000
1979-11-20,103.690000,167.488166,1.524161,389.000000
1979-11-21,103.890000,167.847134,1.530909,396.800000
1979-11-23,104.670000,169.143311,1.558505,390.150000
1979-11-26,106.800000,172.621589,1.576610,393.000000
1979-11-27,106.380000,171.979754,1.593656,393.400000
1979-11-28,106.770000,172.647125,1.577729,405.350000
1979-11-29,106.810000,172.748825,1.582165,410.900000
1979-11-30,106.160000,171.734590,1.577752,417.200000
1979-12-03,105.830000,171.236468,1.570828,428.000000
1979-12-04,106.790000,172.825395,1.586559,435.000000
1979-12-05,107.250000,173.605788,1.593555,427.250000
1979-12-06,108.000000,174.855922,1.612052,434.500000
1979-12-07,107.520000,174.115152,1.590776,428.900000
1979-12-10,107.670000,174.394271,1.595244,431.350000
1979-12-11,107.490000,174.138994,1.571647,442.750000
1979-12-12,107.520000,174.223814,1.557211,449.750000
1979-12-13,107.670000,174.503107,1.566585,458.750000
1979-12-14,108.920000,176.565303,1.574758,459.500000
1979-12-17,109.330000,177.266658,1.579191,460.600000
1979-12-18,108.300000,175.633494,1.589951,473.500000
1979-12-19,108.200000,175.507850,1.591875,494.000000
1979-12-20,108.260000,175.641677,1.586160,477.250000
1979-12-21,107.590000,174.591196,1.585544,474.900000
1979-12-24,107.660000,174.741100,1.578588,485.900000
1979-12-27,107.960000,175.264368,1.578630,508.750000
1979-12-28,107.840000,175.106010,1.585599,515.000000
1979-12-31,107.940000,175.304805,1.596402,524.000000
1980-01-02,105.760000,171.800033,1.575345,559.000000
1980-01-03,105.220000,170.957879,1.563399,632.000000
1980-01-04,106.520000,173.104943,1.556552,596.000000
1980-01-07,106.810000,173.611527,1.560947,634.000000
1980-01-08,108.950000,177.125343,1.569098,615.750000
1980-01-09,109.050000,177.324045,1.568500,599.250000
1980-01-10,109.890000,178.726119,1.577943,608.250000
1980-01-11,109.920000,178.811364,1.557141,610.000000
1980-01-14,110.380000,179.596135,1.555309,647.750000
1980-01-15,111.140000,180.869339,1.562191,682.000000
1980-01-16,111.050000,180.759763,1.562851,765.000000
1980-01-17,110.700000,180.226924,1.556010,728.250000
1980-01-18,111.070000,180.866068,1.542978,825.500000
1980-01-21,112.100000,182.580206,1.526359,843.000000
1980-01-22,111.510000,181.656496,1.540455,763.000000
1980-01-23,113.440000,184.837633,1.544815,650.000000
1980-01-24,113.700000,185.298973,1.521998,712.000000
1980-01-25,113.610000,185.190091,1.511704,691.500000
1980-01-28,114.850000,187.249126,1.506323,629.000000
1980-01-29,114.070000,186.015621,1.499759,678.000000
1980-01-30,115.200000,187.896268,1.506426,703.500000
1980-01-31,114.160000,186.238305,1.510708,668.000000
1980-02-01,115.120000,187.841286,1.492038,675.000000
1980-02-04,114.370000,186.654684,1.479577,672.000000
1980-02-05,114.660000,187.164909,1.441185,661.250000
1980-02-06,115.720000,188.932236,1.419950,696.000000
1980-02-07,116.280000,189.883919,1.444477,704.000000
1980-02-08,117.950000,192.648587,1.434748,688.500000
1980-02-11,117.120000,191.331067,1.411316,714.500000
1980-02-13,118.440000,193.525326,1.428924,695.500000
1980-02-14,116.720000,190.753226,1.417022,688.000000
1980-02-15,115.410000,188.650067,1.391622,674.500000
1980-02-19,114.600000,187.363368,1.319932,661.750000
1980-02-20,116.470000,190.457772,1.321661,625.000000
1980-02-21,115.280000,188.549514,1.282156,646.500000
1980-02-22,115.040000,188.194288,1.299240,643.500000
1980-02-25,113.330000,185.434137,1.278086,625.000000
1980-02-26,113.980000,186.534384,1.239905,636.750000
1980-02-27,112.380000,183.952813,1.259423,629.000000
1980-02-28,112.350000,183.940110,1.314503,638.000000
1980-02-29,113.660000,186.121251,1.336209,640.000000
1980-03-03,112.500000,184.262635,1.329401,637.000000
1980-03-04,112.780000,184.761750,1.317313,633.250000
1980-03-05,111.130000,182.099254,1.305342,641.750000
1980-03-06,108.650000,178.075520,1.295574,634.250000
1980-03-07,106.900000,175.246446,1.324233,602.250000
1980-03-10,106.510000,174.645623,1.349275,602.000000
1980-03-11,107.780000,176.766448,1.373699,569.000000
1980-03-12,106.870000,175.312845,1.351297,582.500000
1980-03-13,105.620000,173.300845,1.364946,574.300000
1980-03-14,105.430000,173.027190,1.363439,502.750000
1980-03-17,102.260000,167.862758,1.357572,480.000000
1980-03-18,104.100000,170.920072,1.377799,474.000000
1980-03-19,104.310000,171.302440,1.383988,514.000000
1980-03-20,103.120000,169.385827,1.354772,561.000000
1980-03-21,102.310000,168.092550,1.341361,535.000000
1980-03-24,99.280000,163.151293,1.296970,544.000000
1980-03-25,99.190000,163.039257,1.304911,548.500000
1980-03-26,98.680000,162.236807,1.312897,525.000000
1980-03-27,98.220000,161.516199,1.319877,486.000000
1980-03-28,100.680000,165.597010,1.346954,490.000000
1980-03-31,102.090000,167.952560,1.356255,503.250000
1980-04-01,102.180000,168.138455,1.351510,501.500000
1980-04-02,102.680000,168.999084,1.358678,498.000000
1980-04-03,102.150000,168.164835,1.371315,491.250000
1980-04-08,101.200000,166.638773,1.406408,518.400000
1980-04-09,103.110000,169.821369,1.423966,547.000000
1980-04-10,104.080000,171.457204,1.424648,539.500000
1980-04-11,103.790000,171.018091,1.456102,532.000000
1980-04-14,102.840000,169.491268,1.476586,532.800000
1980-04-15,102.630000,169.183345,1.483173,495.500000
1980-04-16,101.540000,167.424612,1.563352,513.500000
1980-04-17,101.050000,166.654387,1.535263,511.500000
1980-04-18,100.550000,165.867313,1.545767,511.750000
1980-04-21,99.800000,164.667474,1.564994,506.500000
1980-04-22,103.430000,170.693974,1.575687,494.500000
1980-04-23,103.730000,171.227524,1.567539,506.750000
1980-04-24,104.400000,172.372065,1.559438,514.250000
1980-04-25,105.160000,173.665708,1.561364,552.000000
1980-04-28,105.640000,174.497519,1.602014,535.250000
1980-04-29,105.860000,174.900224,1.597563,513.000000
1980-04-30,106.290000,175.650060,1.586737,519.250000
1980-05-01,105.460000,174.316581,1.611533,507.750000
1980-05-02,105.580000,174.552782,1.654753,510.000000
1980-05-06,106.250000,175.698379,1.714607,517.500000
1980-05-07,107.180000,177.274409,1.693327,509.250000
1980-05-08,106.130000,175.576215,1.664193,513.750000
1980-05-09,104.720000,173.281706,1.648889,510.500000
1980-05-12,104.780000,173.418616,1.649563,510.500000
1980-05-13,106.300000,175.971984,1.672672,510.000000
1980-05-14,106.850000,176.920681,1.672006,518.500000
1980-05-15,106.990000,177.190907,1.649939,516.250000
1980-05-16,107.350000,177.825595,1.642695,516.100000
1980-05-19,107.670000,178.394290,1.622344,515.100000
1980-05-20,107.620000,178.350183,1.663256,509.800000
1980-05-21,107.720000,178.554633,1.682559,511.750000
1980-05-22,109.010000,180.731684,1.680540,507.500000
1980-05-23,110.620000,183.440207,1.714824,510.500000
1980-05-27,111.400000,184.773507,1.700404,514.200000
1980-05-28,112.060000,185.908338,1.682032,524.000000
1980-05-29,110.270000,182.979083,1.663867,521.000000
1980-05-30,111.240000,184.628408,1.663212,531.400000
1980-06-02,110.760000,183.869713,1.655905,563.000000
1980-06-03,110.510000,183.492513,1.676454,554.500000
1980-06-04,112.610000,187.017127,1.689200,568.000000
1980-06-05,112.780000,187.337921,1.696632,581.500000
1980-06-06,113.200000,188.074112,1.725810,598.000000
1980-06-09,113.710000,188.960127,1.737527,627.500000
1980-06-10,114.660000,190.577677,1.724298,606.500000
1980-06-11,116.020000,192.877347,1.742903,595.000000
1980-06-12,115.520000,192.085794,1.767277,588.750000
1980-06-13,115.810000,192.607513,1.770773,609.250000
1980-06-16,116.090000,193.112807,1.777108,599.000000
1980-06-17,116.030000,193.052718,1.774932,590.750000
1980-06-18,116.260000,193.475104,1.765661,602.500000
1980-06-19,114.660000,190.852245,1.766331,598.000000
1980-06-20,114.060000,189.892797,1.776893,603.750000
1980-06-23,114.510000,190.681037,1.757661,596.000000
1980-06-24,115.140000,191.769328,1.751302,599.750000
1980-06-25,116.720000,194.440312,1.736563,617.500000
1980-06-26,116.190000,193.597394,1.726123,623.250000
1980-06-27,116.000000,193.320634,1.703324,631.500000
1980-06-30,114.240000,190.427256,1.697190,662.500000
1980-07-01,114.930000,191.615162,1.692438,656.000000
1980-07-02,115.680000,192.903564,1.684995,672.000000
1980-07-03,117.460000,195.910056,1.709940,664.500000
1980-07-07,118.290000,197.333230,1.684628,665.750000
1980-07-08,117.840000,196.621643,1.700135,688.750000
1980-07-09,117.980000,196.894208,1.694015,678.000000
1980-07-10,116.950000,195.214287,1.685210,665.000000
1980-07-11,117.840000,196.738575,1.676456,663.500000
1980-07-14,120.010000,200.400468,1.670434,649.000000
1980-07-15,119.300000,199.254582,1.692500,621.000000
1980-07-16,119.630000,199.845238,1.706723,624.500000
1980-07-17,121.440000,202.908501,1.688290,630.250000
1980-07-18,122.040000,203.951228,1.690324,610.000000
1980-07-21,122.510000,204.777106,1.700474,620.750000
1980-07-22,122.190000,204.282807,1.694356,611.500000
1980-07-23,121.930000,203.888614,1.703174,632.000000
1980-07-24,121.790000,203.694918,1.687507,635.500000
1980-07-25,120.780000,202.046054,1.673343,652.500000
1980-07-28,121.430000,203.173447,1.659305,643.250000
1980-07-29,122.400000,204.836692,1.661321,645.500000
1980-07-30,122.230000,204.592794,1.651377,636.500000
1980-07-31,121.670000,203.695995,1.621682,618.000000
1980-08-01,121.210000,202.965323,1.622374,622.000000
1980-08-04,120.980000,202.619493,1.632152,622.250000
1980-08-05,120.740000,202.256773,1.631539,635.500000
1980-08-06,121.550000,203.652805,1.619179,628.500000
1980-08-07,123.300000,206.624306,1.631531,632.500000
1980-08-08,123.610000,207.183812,1.611341,631.250000
1980-08-11,124.780000,209.184980,1.591411,614.500000
1980-08-12,123.790000,207.565821,1.598473,613.250000
1980-08-13,123.280000,206.750869,1.610679,615.950000
1980-08-14,125.250000,210.094761,1.610086,623.000000
1980-08-15,125.720000,210.923824,1.615935,626.000000
1980-08-18,123.390000,207.055566,1.581727,609.750000
1980-08-19,122.600000,205.769995,1.568507,620.750000
1980-08-20,123.770000,207.773552,1.571716,622.750000
1980-08-21,125.460000,210.650802,1.562357,640.500000
1980-08-22,126.020000,211.631849,1.584305,639.500000
1980-08-26,124.840000,209.691196,1.549004,629.000000
1980-08-27,123.520000,207.514625,1.518726,632.750000
1980-08-28,122.080000,205.135598,1.492700,633.750000
1980-08-29,122.380000,205.679423,1.534006,633.750000
1980-09-02,123.740000,208.004287,1.562934,632.250000
1980-09-03,126.120000,212.044623,1.593645,636.700000
1980-09-04,125.420000,210.908095,1.584146,637.250000
1980-09-05,124.880000,210.040182,1.578511,647.500000
1980-09-08,123.310000,207.439537,1.569111,660.000000
1980-09-09,124.070000,208.757554,1.582367,674.000000
1980-09-10,124.810000,210.042413,1.589399,686.000000
1980-09-11,125.660000,211.512871,1.567214,676.500000
1980-09-12,125.540000,211.351160,1.561649,693.500000
1980-09-15,125.670000,211.610263,1.531121,672.500000
1980-09-16,126.740000,213.452284,1.544076,668.000000
1980-09-17,128.870000,217.080219,1.538605,678.250000
1980-09-18,128.400000,216.329844,1.544235,674.000000
1980-09-19,129.250000,217.803126,1.569650,674.500000
1980-09-22,130.400000,219.782499,1.525150,698.750000
1980-09-23,129.430000,218.189464,1.517316,720.500000
1980-09-24,130.370000,219.815635,1.519238,711.000000
1980-09-25,128.720000,217.075442,1.500500,705.000000
1980-09-26,126.350000,213.119970,1.491606,697.000000
1980-09-29,123.540000,208.420804,1.482770,687.250000
1980-09-30,125.460000,211.699667,1.508390,670.000000
1980-10-01,127.130000,214.556963,1.518754,679.250000
1980-10-02,128.090000,216.217042,1.513389,675.750000
1980-10-03,129.330000,218.350371,1.566160,670.250000
1980-10-06,131.730000,222.442933,1.573133,671.500000
1980-10-07,131.000000,221.251591,1.563774,679.500000
1980-10-08,131.650000,222.390538,1.554475,674.500000
1980-10-09,131.040000,221.401438,1.570108,681.750000
1980-10-10,130.290000,220.175422,1.564537,683.500000
1980-10-14,132.020000,223.139862,1.574009,674.000000
1980-10-15,133.700000,226.020879,1.584792,676.250000
1980-10-16,132.220000,223.560948,1.562681,673.500000
1980-10-17,131.520000,222.418934,1.544640,667.750000
1980-10-20,132.610000,224.303630,1.542881,664.200000
1980-10-21,131.840000,223.042912,1.536188,652.750000
1980-10-22,131.920000,223.219721,1.514780,659.500000
1980-10-23,129.530000,219.217141,1.522765,649.250000
1980-10-24,129.850000,219.799466,1.533225,628.000000
1980-10-27,127.880000,216.505676,1.486103,633.500000
1980-10-28,128.050000,216.833744,1.464230,631.000000
1980-10-29,127.910000,216.636988,1.446203,643.500000
1980-10-30,126.290000,213.933523,1.446919,643.500000
1980-10-31,127.470000,215.972201,1.449951,636.000000
1980-11-03,129.040000,218.670964,1.450668,634.300000
1980-11-05,131.330000,222.590793,1.433977,655.000000
1980-11-06,128.910000,218.529044,1.385366,633.750000
1980-11-07,129.180000,219.025923,1.428198,603.000000
1980-11-10,129.480000,219.573838,1.415205,617.000000
1980-11-12,134.590000,228.278802,1.451020,614.500000
1980-11-13,136.490000,231.542323,1.449416,616.000000
1980-11-14,137.150000,232.703456,1.415348,615.700000
1980-11-17,137.750000,233.763195,1.397950,609.250000
1980-11-18,139.700000,237.114269,1.435575,616.250000
1980-11-19,139.060000,236.070495,1.448927,628.250000
1980-11-20,140.400000,238.387619,1.440373,634.500000
1980-11-21,139.110000,236.240038,1.416894,637.750000
1980-11-24,138.310000,234.923806,1.422148,635.000000
1980-11-25,139.330000,236.698420,1.425143,613.500000
1980-11-26,140.170000,238.167870,1.436125,625.500000
1980-11-28,140.520000,238.805261,1.428803,621.500000
1980-12-01,137.210000,233.223842,1.406664,635.500000
1980-12-02,136.970000,232.858605,1.404009,629.250000
1980-12-03,136.710000,232.459224,1.408100,627.500000
1980-12-04,136.480000,232.110700,1.409949,632.700000
1980-12-05,134.030000,227.986501,1.417439,620.250000
1980-12-08,130.610000,222.210789,1.411358,615.250000
1980-12-09,130.480000,222.030303,1.390628,612.500000
1980-12-10,128.260000,218.293312,1.385788,594.500000
1980-12-11,127.360000,216.801519,1.339949,573.500000
1980-12-12,129.230000,220.024467,1.379261,553.500000
1980-12-15,129.450000,220.439322,1.375571,581.000000
1980-12-16,130.600000,222.438011,1.347682,559.750000
1980-12-17,132.890000,226.379070,1.373202,572.000000
1980-12-18,133.000000,226.607907,1.380517,577.000000
1980-12-19,133.700000,227.842073,1.445297,573.500000
1980-12-22,135.780000,231.428381,1.503834,594.000000
1980-12-23,135.300000,230.652627,1.479294,596.500000
1980-12-24,135.880000,231.683615,1.471735,604.000000
1980-12-29,135.030000,230.276736,1.499171,602.250000
1980-12-30,135.330000,230.830513,1.477110,587.000000
1980-12-31,135.760000,231.606224,1.473109,589.500000
1981-01-05,137.970000,235.419323,1.507602,592.000000
1981-01-06,138.120000,235.718818,1.513153,599.250000
1981-01-07,135.080000,230.574288,1.481196,588.750000
1981-01-08,133.060000,227.168910,1.485478,573.750000
1981-01-09,133.480000,227.927985,1.460062,579.750000
1981-01-12,133.520000,228.038452,1.474807,564.250000
1981-01-13,133.290000,227.687819,1.466097,566.000000
1981-01-14,133.470000,228.037417,1.466826,561.500000
1981-01-15,134.220000,229.360998,1.456994,566.750000
1981-01-16,134.770000,230.343290,1.468214,562.750000
1981-01-19,134.370000,229.702237,1.456024,558.750000
1981-01-20,131.650000,225.094956,1.473061,563.500000
1981-01-21,131.360000,224.640754,1.441974,576.000000
1981-01-22,130.260000,222.801182,1.431169,567.000000
1981-01-23,130.230000,222.791084,1.435335,552.000000
1981-01-26,129.840000,222.165105,1.452142,530.250000
1981-01-27,131.120000,224.396370,1.449388,517.000000
1981-01-28,130.340000,223.103002,1.445482,524.500000
1981-01-29,130.240000,222.973103,1.442746,505.000000
1981-01-30,129.550000,221.833058,1.457329,507.500000
1981-02-02,126.910000,217.355273,1.437077,493.250000
1981-02-03,128.460000,220.051832,1.424014,482.000000
1981-02-04,128.590000,220.316959,1.438418,504.250000
1981-02-05,129.630000,222.141309,1.428796,497.000000
1981-02-06,130.600000,223.846396,1.413527,506.500000
1981-02-09,129.270000,221.609965,1.400692,515.000000
1981-02-10,129.240000,221.601273,1.394703,517.750000
1981-02-11,128.240000,219.929360,1.378701,505.000000
1981-02-13,126.980000,217.810895,1.354067,492.500000
1981-02-17,127.810000,219.276612,1.389464,498.500000
1981-02-18,128.480000,220.468382,1.393534,502.000000
1981-02-19,126.610000,217.302027,1.417681,505.500000
1981-02-20,126.580000,217.292445,1.439966,514.750000
1981-02-23,127.350000,218.656163,1.407296,506.500000
1981-02-24,127.390000,218.767010,1.405781,503.750000
1981-02-25,128.520000,220.749749,1.397521,505.750000
1981-02-26,130.100000,223.506176,1.378134,495.250000
1981-02-27,131.270000,225.559288,1.383280,490.250000
1981-03-02,132.010000,226.873019,1.362992,474.500000
1981-03-03,130.560000,224.423489,1.384446,466.250000
1981-03-04,130.860000,224.981155,1.382968,475.750000
1981-03-05,129.930000,223.424344,1.385919,457.000000
1981-03-06,129.850000,223.328579,1.412159,462.000000
1981-03-09,131.120000,225.554631,1.425326,473.250000
1981-03-10,130.460000,224.461488,1.427206,484.500000
1981-03-11,129.950000,223.626008,1.423380,475.500000
1981-03-12,133.190000,229.243440,1.434369,477.500000
1981-03-13,133.110000,229.148635,1.454618,492.000000
1981-03-16,134.680000,231.894259,1.456524,499.250000
1981-03-17,133.920000,230.629064,1.477076,498.250000
1981-03-18,134.220000,231.188855,1.489636,510.250000
1981-03-19,133.460000,229.923038,1.479654,512.750000
1981-03-20,134.080000,231.034182,1.468561,509.500000
1981-03-23,135.690000,233.851609,1.427010,535.750000
1981-03-24,134.670000,232.137466,1.408346,531.000000
1981-03-25,137.110000,236.386848,1.419230,533.250000
1981-03-26,136.270000,234.982858,1.405214,534.000000
1981-03-27,134.650000,232.233307,1.403709,547.250000
1981-03-30,134.280000,231.638610,1.420175,529.500000
1981-03-31,136.000000,234.649019,1.431145,514.250000
1981-04-01,136.570000,235.676238,1.430746,516.750000
1981-04-02,136.320000,235.288772,1.418902,517.000000
1981-04-03,135.490000,233.900072,1.402621,523.500000
1981-04-06,133.930000,231.250625,1.365215,534.250000
1981-04-07,133.910000,231.259221,1.402001,517.000000
1981-04-08,134.310000,231.993142,1.380315,508.000000
1981-04-09,134.670000,232.658236,1.398729,512.000000
1981-04-10,134.510000,232.425209,1.383810,491.000000
1981-04-13,133.150000,230.118559,1.374593,475.500000
1981-04-14,132.680000,229.349192,1.386336,483.000000
1981-04-15,134.170000,231.967564,1.369338,480.250000
1981-04-16,134.700000,232.927148,1.364607,481.500000
1981-04-21,134.230000,232.157852,1.372614,481.000000
1981-04-22,134.140000,232.045491,1.367871,497.000000
1981-04-23,133.940000,231.742793,1.366431,490.500000
1981-04-24,135.140000,233.862253,1.358434,491.750000
1981-04-27,135.480000,234.494245,1.354835,488.750000
1981-04-28,134.330000,232.547513,1.354500,484.250000
1981-04-29,133.050000,230.374992,1.342245,478.500000
1981-04-30,132.810000,230.002400,1.336551,481.000000
1981-05-01,132.720000,229.890566,1.343715,484.750000
1981-05-05,130.320000,225.777421,1.277193,476.750000
1981-05-06,130.780000,226.617586,1.291220,482.750000
1981-05-07,131.670000,228.203173,1.315725,479.250000
1981-05-08,131.660000,228.229527,1.326999,481.750000
1981-05-11,129.710000,224.892938,1.316071,501.000000
1981-05-12,130.720000,226.687142,1.304185,487.000000
1981-05-13,130.550000,226.435732,1.301804,486.500000
1981-05-14,131.280000,227.745246,1.328588,480.750000
1981-05-15,132.170000,229.332821,1.347408,482.500000
1981-05-18,132.540000,230.018723,1.377264,481.750000
1981-05-19,132.090000,229.281796,1.361491,483.250000
1981-05-20,132.000000,229.169466,1.356799,478.250000
1981-05-21,131.750000,228.779303,1.352125,480.000000
1981-05-22,131.330000,228.093783,1.377758,472.750000
1981-05-26,132.770000,230.638438,1.395047,468.500000
1981-05-27,133.770000,232.419717,1.391340,467.750000
1981-05-28,133.450000,231.908224,1.408793,472.000000
1981-05-29,132.590000,230.458118,1.416313,478.750000
1981-06-01,132.410000,230.189426,1.421604,481.250000
1981-06-02,130.620000,227.121702,1.408716,473.500000
1981-06-03,130.710000,227.321725,1.412856,474.000000
1981-06-04,130.960000,227.800077,1.418137,463.750000
1981-06-05,132.220000,230.035462,1.413224,460.250000
1981-06-08,132.240000,230.114347,1.436596,460.000000
1981-06-09,131.970000,229.688617,1.436209,463.000000
1981-06-10,132.320000,230.341802,1.443865,463.250000
1981-06-11,133.750000,232.875285,1.443472,464.250000
1981-06-12,133.490000,232.467226,1.440771,467.000000
1981-06-15,133.610000,232.720757,1.471502,472.250000
1981-06-16,132.150000,230.222346,1.473444,466.750000
1981-06-17,133.320000,232.304762,1.456527,463.250000
1981-06-18,131.640000,229.421953,1.417674,460.250000
1981-06-19,132.270000,230.563888,1.430913,457.750000
1981-06-22,131.950000,230.050277,1.433967,462.000000
1981-06-23,133.350000,232.535221,1.420966,465.000000
1981-06-24,132.660000,231.376571,1.410363,462.250000
1981-06-25,132.810000,231.682537,1.406614,454.500000
1981-06-26,132.560000,231.290826,1.408504,443.750000
1981-06-29,131.890000,230.166139,1.410396,431.500000
1981-06-30,131.210000,229.023560,1.390852,421.500000
1981-07-01,129.770000,226.555367,1.371588,421.250000
1981-07-02,128.640000,224.627389,1.382228,410.000000
1981-07-06,127.370000,222.454171,1.398474,403.500000
1981-07-07,128.240000,224.017633,1.373509,403.500000
1981-07-08,128.320000,224.201680,1.366582,400.000000
1981-07-09,129.300000,225.958279,1.366254,406.000000
1981-07-10,129.370000,226.125290,1.386694,415.250000
1981-07-13,129.640000,226.641937,1.381914,417.750000
1981-07-14,129.650000,226.704237,1.364993,403.250000
1981-07-15,130.230000,227.763248,1.374495,408.000000
1981-07-16,130.340000,228.000669,1.370864,417.250000
1981-07-17,130.760000,228.780452,1.373825,414.500000
1981-07-20,128.720000,225.256465,1.319640,414.750000
1981-07-21,128.340000,224.636020,1.318293,408.000000
1981-07-22,127.130000,222.562554,1.316948,409.250000
1981-07-23,127.400000,223.079245,1.324034,410.500000
1981-07-24,128.460000,224.979434,1.341747,407.500000
1981-07-27,129.900000,227.545878,1.340367,409.750000
1981-07-28,129.140000,226.259582,1.330412,403.000000
1981-07-30,130.010000,227.828607,1.312850,402.250000
1981-07-31,130.920000,229.468337,1.317817,405.250000
1981-08-03,130.480000,228.742639,1.289066,392.500000
1981-08-04,131.180000,230.015161,1.289830,391.750000
1981-08-05,132.670000,232.673388,1.294723,392.600000
1981-08-06,132.640000,232.666917,1.300668,395.000000
1981-08-07,131.750000,231.151887,1.304556,399.000000
1981-08-10,132.540000,232.583761,1.324110,393.200000
1981-08-11,133.850000,234.928699,1.351362,396.500000
1981-08-12,133.400000,234.185464,1.329431,408.500000
1981-08-13,133.510000,234.425012,1.325948,407.500000
1981-08-14,132.490000,232.680522,1.317172,411.500000
1981-08-17,131.220000,230.496276,1.321103,409.500000
1981-08-18,130.110000,228.592200,1.313419,422.500000
1981-08-19,130.490000,229.305160,1.316292,433.500000
1981-08-20,130.690000,229.702086,1.304427,430.500000
1981-08-21,129.230000,227.181528,1.296849,428.500000
1981-08-24,125.500000,220.669379,1.261308,428.500000
1981-08-25,125.130000,220.062561,1.259048,410.500000
1981-08-26,124.960000,219.807228,1.263843,413.000000
1981-08-27,123.510000,217.300238,1.259556,414.750000
1981-08-28,124.080000,218.346174,1.271408,425.500000
1981-09-01,123.020000,216.528624,1.256671,422.500000
1981-09-02,123.490000,217.403231,1.258445,431.500000
1981-09-03,121.240000,213.489670,1.251160,435.250000
1981-09-04,120.070000,211.476127,1.248926,440.250000
1981-09-08,117.980000,207.841316,1.241701,434.250000
1981-09-09,118.400000,208.626672,1.248430,436.250000
1981-09-10,120.140000,211.738266,1.272170,448.000000
1981-09-11,121.610000,214.375346,1.298386,447.750000
1981-09-14,120.660000,212.747562,1.283581,456.000000
1981-09-15,119.770000,211.224844,1.296677,455.250000
1981-09-16,118.870000,209.683812,1.294341,449.750000
1981-09-17,117.150000,206.695633,1.311685,456.000000
1981-09-18,116.260000,205.170552,1.316660,446.750000
1981-09-21,117.240000,206.944885,1.331133,459.250000
1981-09-22,116.680000,206.001668,1.305291,460.250000
1981-09-23,115.650000,204.228229,1.285185,458.000000
1981-09-24,115.010000,203.142708,1.277736,450.500000
1981-09-25,112.770000,199.230615,1.240691,451.750000
1981-09-28,115.530000,204.150276,1.244441,427.500000
1981-09-29,115.940000,204.919426,1.234263,432.500000
1981-09-30,116.180000,205.388434,1.227135,426.500000
1981-10-01,117.080000,207.024103,1.236742,435.250000
1981-10-02,119.360000,211.100625,1.271154,433.250000
1981-10-05,119.510000,211.411763,1.294304,440.750000
1981-10-06,119.390000,211.245399,1.300262,434.950000
1981-10-07,121.310000,214.688474,1.311445,445.000000
1981-10-08,122.310000,216.504851,1.316424,441.750000
1981-10-09,121.450000,215.029559,1.345642,452.250000
1981-10-13,120.780000,213.890012,1.335664,443.900000
1981-10-14,118.800000,210.430071,1.332176,445.250000
1981-10-15,119.710000,212.087653,1.331896,446.850000
1981-10-16,119.190000,211.212442,1.326289,441.250000
1981-10-19,118.980000,210.886180,1.326015,440.750000
1981-10-20,120.280000,213.236167,1.311950,437.200000
1981-10-21,120.100000,212.963369,1.286497,433.300000
1981-10-22,119.640000,212.193941,1.283163,434.600000
1981-10-23,118.600000,210.395478,1.292158,433.500000
1981-10-26,118.160000,209.660616,1.261931,428.000000
1981-10-27,119.290000,211.711199,1.268770,426.800000
1981-10-28,119.450000,212.041141,1.279702,431.500000
1981-10-29,119.060000,211.394885,1.319389,422.250000
1981-10-30,121.890000,216.465554,1.365565,429.000000
1981-11-02,124.200000,220.613986,1.372912,431.000000
1981-11-04,124.740000,221.620144,1.416541,431.000000
1981-11-05,123.540000,219.535336,1.416205,428.900000
1981-11-06,122.670000,218.036049,1.445326,427.750000
1981-11-09,123.290000,219.184467,1.509720,430.100000
1981-11-10,122.700000,218.182229,1.509314,422.750000
1981-11-12,123.190000,219.099984,1.535473,412.250000
1981-11-13,121.670000,216.443227,1.537506,414.000000
1981-11-16,120.240000,213.945426,1.551840,408.250000
1981-11-17,121.150000,215.610153,1.538988,395.750000
1981-11-18,120.260000,214.072125,1.561955,400.750000
1981-11-19,120.710000,214.918733,1.557762,401.000000
1981-11-20,121.710000,216.744942,1.546106,401.000000
1981-11-23,121.600000,216.595193,1.509806,396.000000
1981-11-24,123.510000,220.043416,1.548054,398.000000
1981-11-25,124.050000,221.052316,1.567438,406.000000
1981-11-27,125.090000,222.952615,1.575769,411.250000
1981-11-30,126.350000,225.245825,1.550104,415.500000
1981-12-01,126.100000,224.848015,1.521149,405.000000
1981-12-02,124.690000,222.381638,1.507353,405.250000
1981-12-03,125.120000,223.195792,1.512984,419.000000
1981-12-04,126.260000,225.276818,1.550103,423.500000
1981-12-07,125.190000,223.415568,1.507509,417.250000
1981-12-08,124.820000,222.802741,1.508316,417.250000
1981-12-09,125.480000,224.028185,1.492231,408.250000
1981-12-10,125.710000,224.486430,1.473938,407.000000
1981-12-11,124.930000,223.141253,1.470029,409.000000
1981-12-14,122.780000,219.348494,1.496709,419.250000
1981-12-15,122.990000,219.770278,1.505899,413.250000
1981-12-16,122.420000,218.798452,1.509119,418.000000
1981-12-17,123.120000,220.096044,1.488198,418.000000
1981-12-18,124.000000,221.715954,1.512818,415.250000
1981-12-21,123.340000,220.582972,1.474901,413.750000
1981-12-22,122.880000,219.807179,1.453292,403.750000
1981-12-23,122.310000,218.834278,1.440149,402.250000
1981-12-24,122.540000,219.292295,1.455935,404.000000
1981-12-29,121.670000,217.781983,1.444735,396.250000
1981-12-30,122.300000,218.955928,1.439765,397.250000
1981-12-31,122.550000,219.450039,1.462459,400.000000
1982-01-04,122.740000,219.839715,1.438701,399.000000
1982-01-05,120.050000,215.071186,1.410737,400.750000
1982-01-06,119.180000,213.561026,1.394617,402.000000
1982-01-07,118.930000,213.161163,1.390962,396.250000
1982-01-08,119.550000,214.320431,1.408461,397.750000
1982-01-11,116.780000,209.402867,1.372087,392.000000
1982-01-12,116.300000,208.589340,1.393749,389.250000
1982-01-13,114.880000,206.089502,1.371142,387.000000
1982-01-14,115.540000,207.319946,1.386209,371.000000
1982-01-15,116.330000,208.784198,1.373710,377.250000
1982-01-18,117.220000,210.428573,1.382211,369.750000
1982-01-19,115.970000,208.232035,1.377491,377.250000
1982-01-20,115.270000,207.022054,1.377198,371.750000
1982-01-21,115.750000,207.930766,1.398941,375.250000
1982-01-22,115.380000,207.312954,1.391918,377.750000
1982-01-25,115.410000,207.413567,1.400524,373.500000
1982-01-26,115.190000,207.064917,1.410300,373.500000
1982-01-27,115.740000,208.100247,1.414499,382.500000
1982-01-28,118.920000,213.864767,1.440208,381.500000
1982-01-29,120.400000,216.574572,1.458308,388.250000
1982-02-01,117.780000,211.911951,1.407793,381.250000
1982-02-02,118.010000,212.374904,1.420996,376.250000
1982-02-03,116.480000,209.670704,1.396803,378.750000
1982-02-04,116.420000,209.611314,1.389795,383.750000
1982-02-05,117.260000,211.172313,1.402839,384.500000
1982-02-08,114.630000,206.484935,1.377843,381.500000
1982-02-09,113.680000,204.821559,1.370940,378.000000
1982-02-10,114.660000,206.634751,1.387108,382.600000
1982-02-11,114.430000,206.268166,1.399020,381.500000
1982-02-16,114.060000,205.649040,1.419983,376.250000
1982-02-17,113.690000,205.029615,1.424209,375.500000
1982-02-18,113.820000,205.311595,1.450095,367.500000
1982-02-19,113.220000,204.276902,1.455557,368.750000
1982-02-22,111.590000,201.383342,1.499464,364.000000
1982-02-23,111.510000,201.285660,1.493092,360.500000
1982-02-24,113.470000,204.870307,1.501084,362.750000
1982-02-25,113.210000,204.448377,1.497107,368.000000
1982-02-26,113.110000,204.315188,1.483561,363.250000
1982-03-01,113.310000,204.725629,1.505750,358.750000
1982-03-02,112.680000,203.636633,1.519828,363.000000
1982-03-03,110.920000,200.504951,1.526736,357.100000
1982-03-04,109.880000,198.673247,1.537337,347.000000
1982-03-05,109.340000,197.744692,1.540627,340.000000
1982-03-08,107.340000,194.175224,1.531598,335.500000
1982-03-09,108.830000,196.917327,1.529978,325.500000
1982-03-10,109.410000,198.014174,1.525913,332.750000
1982-03-11,109.360000,197.971339,1.499888,334.000000
1982-03-12,108.610000,196.661282,1.498319,322.500000
1982-03-15,109.450000,198.229610,1.500348,314.250000
1982-03-16,109.280000,197.969424,1.507181,321.000000
1982-03-17,109.080000,197.654754,1.511630,314.500000
1982-03-18,110.300000,199.912985,1.513672,322.400000
1982-03-19,110.610000,200.522957,1.512083,316.250000
1982-03-22,112.770000,204.487045,1.531062,318.500000
1982-03-23,113.550000,205.950642,1.534346,327.000000
1982-03-24,112.970000,204.948237,1.511859,333.000000
1982-03-25,113.210000,205.432967,1.513903,328.000000
1982-03-26,111.940000,203.177843,1.501416,322.750000
1982-03-29,112.300000,203.880165,1.484234,319.500000
1982-03-30,112.270000,203.874768,1.481506,325.750000
1982-03-31,111.960000,203.360897,1.483525,320.500000
1982-04-01,113.790000,206.731693,1.493854,325.500000
1982-04-02,115.120000,209.195627,1.494690,326.600000
1982-04-05,114.730000,208.535102,1.488352,336.000000
1982-04-06,115.360000,209.728229,1.486807,346.250000
1982-04-07,115.460000,209.958336,1.487644,356.750000
1982-04-08,116.220000,211.388715,1.512283,352.500000
1982-04-13,115.990000,211.019062,1.532110,352.500000
1982-04-14,115.830000,210.776577,1.518242,364.750000
1982-04-15,116.350000,211.771369,1.523941,362.500000
1982-04-16,116.810000,212.657400,1.549165,363.750000
1982-04-19,116.700000,212.506119,1.556205,356.750000
1982-04-20,115.440000,210.260652,1.549579,345.750000
1982-04-21,115.720000,210.819066,1.554141,346.600000
1982-04-22,117.190000,213.545672,1.552499,344.750000
1982-04-23,118.640000,216.237070,1.555828,346.750000
1982-04-26,119.260000,217.416905,1.555428,361.000000
1982-04-27,118.000000,215.169937,1.556274,350.750000
1982-04-28,117.260000,213.870123,1.548405,358.500000
1982-04-29,116.140000,211.876616,1.536864,352.000000
1982-04-30,116.440000,212.472711,1.537709,356.750000
1982-05-04,117.460000,214.383057,1.539344,343.500000
1982-05-05,117.670000,214.815893,1.548812,341.750000
1982-05-06,118.680000,216.709380,1.581875,335.250000
1982-05-07,119.470000,218.202009,1.590318,336.250000
1982-05-10,118.380000,216.261650,1.589897,329.500000
1982-05-11,119.420000,218.211553,1.594564,330.000000
1982-05-12,119.170000,217.805175,1.578832,333.500000
1982-05-13,118.220000,216.119218,1.575894,331.750000
1982-05-14,118.010000,215.785269,1.594396,331.750000
1982-05-17,116.710000,213.458052,1.583769,337.250000
1982-05-18,115.840000,211.916195,1.580821,337.500000
1982-05-19,114.890000,210.227259,1.576615,342.750000
1982-05-20,114.590000,209.726907,1.591343,341.500000
1982-05-21,114.890000,210.324455,1.593471,343.250000
1982-05-24,114.790000,210.190004,1.586677,331.850000
1982-05-25,114.400000,209.524465,1.582454,326.000000
1982-05-26,113.110000,207.210250,1.575714,332.000000
1982-05-27,112.660000,206.433773,1.571527,324.750000
1982-05-28,111.880000,205.052247,1.573640,325.500000
1982-06-01,111.680000,204.736203,1.546800,319.000000
1982-06-02,112.040000,205.446604,1.556317,316.800000
1982-06-03,111.860000,205.167150,1.552193,322.000000
1982-06-04,110.090000,201.971260,1.543115,318.500000
1982-06-07,110.120000,202.076052,1.548909,322.900000
1982-06-08,109.630000,201.226656,1.544809,330.900000
1982-06-09,108.990000,200.101502,1.544430,326.750000
1982-06-10,109.610000,201.289092,1.541581,329.000000
1982-06-11,111.240000,204.332030,1.553538,327.000000
1982-06-14,109.960000,202.031188,1.519598,322.250000
1982-06-15,109.690000,201.584882,1.520455,315.000000
1982-06-16,108.870000,200.127570,1.515230,316.650000
1982-06-17,107.600000,197.842324,1.489420,313.500000
1982-06-18,107.280000,197.302682,1.473594,307.500000
1982-06-21,107.200000,197.204156,1.473270,297.000000
1982-06-22,108.300000,199.276285,1.470589,301.750000
1982-06-23,110.140000,202.711049,1.462033,300.750000
1982-06-24,109.830000,202.190435,1.466397,309.750000
1982-06-25,109.140000,200.969994,1.461388,304.000000
1982-06-28,110.260000,203.081866,1.465751,303.400000
1982-06-29,110.210000,203.039801,1.480679,310.750000
1982-06-30,109.610000,201.984439,1.501675,314.000000
1982-07-01,108.710000,200.375950,1.507340,311.750000
1982-07-02,107.650000,198.471735,1.496143,313.000000
1982-07-06,107.290000,197.857134,1.499398,313.100000
1982-07-07,107.220000,197.777015,1.499060,307.400000
1982-07-08,107.530000,198.397788,1.535899,310.850000
1982-07-09,108.830000,200.845452,1.556424,322.350000
1982-07-12,109.570000,202.260829,1.577212,338.500000
1982-07-13,109.450000,202.089375,1.559154,339.000000
1982-07-14,110.440000,203.967337,1.550043,353.750000
1982-07-15,110.470000,204.073225,1.568270,347.750000
1982-07-16,111.070000,205.232124,1.601759,345.750000
1982-07-19,110.730000,204.654677,1.605193,350.000000
1982-07-20,111.540000,206.202397,1.625327,344.250000
1982-07-21,111.420000,206.031590,1.617097,361.500000
1982-07-22,111.480000,206.193532,1.629613,358.250000
1982-07-23,111.170000,205.671189,1.623968,363.750000
1982-07-26,110.360000,204.223544,1.579371,357.000000
1982-07-27,109.430000,202.553105,1.586560,351.500000
1982-07-28,107.740000,199.475075,1.573471,345.750000
1982-07-29,107.720000,199.487417,1.591966,340.500000
1982-07-30,107.090000,198.370089,1.611944,342.500000
1982-08-02,108.980000,201.920123,1.647637,352.120000
1982-08-03,107.830000,199.839318,1.635332,355.500000
1982-08-04,106.140000,196.756695,1.613969,347.600000
1982-08-05,105.160000,194.988682,1.612262,348.250000
1982-08-06,103.710000,192.348300,1.593792,346.120000
1982-08-09,103.080000,191.227425,1.613793,337.750000
1982-08-10,102.840000,190.829484,1.615962,337.750000
1982-08-11,102.600000,190.431334,1.614254,332.880000
1982-08-12,102.420000,190.144340,1.635795,333.250000
1982-08-13,103.850000,192.846181,1.682476,337.750000
1982-08-16,104.090000,193.339546,1.698164,337.250000
1982-08-17,109.040000,202.581622,1.758821,338.000000
1982-08-18,108.540000,201.702790,1.770960,352.100000
1982-08-19,109.160000,202.904835,1.786011,356.250000
1982-08-20,113.020000,210.129920,1.819758,379.000000
1982-08-23,116.110000,215.926901,1.787158,381.750000
1982-08-24,115.350000,214.566948,1.805199,411.500000
1982-08-25,117.580000,218.768120,1.794531,394.500000
1982-08-26,118.550000,220.626995,1.778188,417.500000
1982-08-27,117.110000,218.001652,1.747778,425.250000
1982-08-31,119.510000,222.523194,1.743957,409.600000
1982-09-01,118.250000,220.226538,1.751819,404.250000
1982-09-02,120.290000,224.074703,1.775129,408.250000
1982-09-03,122.680000,228.576527,1.794478,454.750000
1982-09-07,121.370000,226.186507,1.786753,488.500000
1982-09-08,122.200000,227.783535,1.790500,469.000000
1982-09-09,121.970000,227.405396,1.788524,477.000000
1982-09-10,120.970000,225.591461,1.760797,448.250000
1982-09-13,122.240000,228.009926,1.775773,440.000000
1982-09-14,123.100000,229.664690,1.786607,452.000000
1982-09-15,124.290000,231.935848,1.781780,444.750000
1982-09-16,123.770000,231.016991,1.782671,447.250000
1982-09-17,122.550000,228.791162,1.796398,445.500000
1982-09-20,122.510000,228.767295,1.803038,426.250000
1982-09-21,124.880000,233.243686,1.845761,426.500000
1982-09-22,123.990000,231.633193,1.867325,441.500000
1982-09-23,123.810000,231.348365,1.883156,437.250000
1982-09-24,123.320000,230.484141,1.861451,438.500000
1982-09-27,123.620000,231.096025,1.877235,414.250000
1982-09-28,123.240000,230.436972,1.899153,409.650000
1982-09-29,121.630000,227.477732,1.907643,413.150000
1982-09-30,120.420000,225.265256,1.919219,394.750000
1982-10-01,121.970000,228.210972,1.953891,397.750000
1982-10-04,121.510000,227.397086,1.921958,392.750000
1982-10-05,121.980000,228.323282,1.927464,387.250000
1982-10-06,125.970000,235.838617,1.957656,402.500000
1982-10-07,128.800000,241.185245,2.050951,417.250000
1982-10-08,131.050000,245.447950,2.064965,438.000000
1982-10-12,134.440000,251.847522,2.115411,442.250000
1982-10-13,136.710000,256.151570,2.139988,429.500000
1982-10-14,134.570000,252.194404,2.103206,448.000000
1982-10-15,133.570000,250.372039,2.080536,437.250000
1982-10-18,136.730000,256.346679,2.109719,426.500000
1982-10-19,136.580000,256.118015,2.113980,439.000000
1982-10-20,139.230000,261.139871,2.092881,429.750000
1982-10-21,139.060000,260.874564,2.093768,432.250000
1982-10-22,138.830000,260.496577,2.074556,426.250000
1982-10-25,133.320000,250.211186,2.025657,420.500000
1982-10-26,134.480000,252.439545,2.065443,416.500000
1982-10-27,135.290000,254.011799,2.061377,422.250000
1982-10-28,133.590000,250.872072,2.083706,418.250000
1982-10-29,133.720000,251.167641,2.094599,422.000000
1982-11-01,135.470000,254.504218,2.120624,426.750000
1982-11-03,142.870000,268.456612,2.138478,433.500000
1982-11-04,141.850000,266.592948,2.146209,426.000000
1982-11-05,142.160000,267.228138,2.136794,423.000000
1982-11-08,140.440000,264.047635,2.125717,411.000000
1982-11-09,143.020000,268.950484,2.133409,410.000000
1982-11-10,141.160000,265.505778,2.139419,412.000000
1982-11-12,139.530000,262.492296,2.123193,400.000000
1982-11-15,137.030000,257.840912,2.112195,404.500000
1982-11-16,135.420000,254.862324,2.109708,404.000000
1982-11-17,137.930000,259.636442,2.124103,412.600000
1982-11-18,138.340000,260.459422,2.147087,409.250000
1982-11-19,137.020000,258.025560,2.154849,417.000000
1982-11-22,134.220000,252.803701,2.154016,413.400000
1982-11-23,132.930000,250.423840,2.137675,404.750000
1982-11-24,133.880000,252.262911,2.128308,404.500000
1982-11-26,134.880000,254.196908,2.142823,413.750000
1982-11-29,134.200000,252.965501,2.097432,428.500000
1982-11-30,138.530000,261.177391,2.096651,428.250000
1982-12-01,138.720000,261.586685,2.105935,440.000000
1982-12-02,138.820000,261.826414,2.116941,435.750000
1982-12-03,138.690000,261.632427,2.153403,440.750000
1982-12-06,141.770000,267.493875,2.156021,443.000000
1982-12-07,142.720000,269.338662,2.153466,458.150000
1982-12-08,141.820000,267.692872,2.130243,449.250000
1982-12-09,140.000000,264.309876,2.137957,442.500000
1982-12-10,139.570000,263.549757,2.125172,439.000000
1982-12-13,139.950000,264.318851,2.134572,438.750000
1982-12-14,137.400000,259.554444,2.161085,449.250000
1982-12-15,135.240000,255.524872,2.155067,435.250000
1982-12-16,135.300000,255.688209,2.140448,441.500000
1982-12-17,137.490000,259.876847,2.132786,440.500000
1982-12-20,136.250000,257.583883,2.123449,440.750000
1982-12-21,138.610000,262.095894,2.151531,441.750000
1982-12-22,138.830000,262.563146,2.154152,448.150000
1982-12-23,139.720000,264.297713,2.165392,445.500000
1982-12-29,141.240000,267.224669,2.168074,456.750000
1982-12-30,140.330000,265.555219,2.174179,457.250000
1982-12-31,140.640000,266.193784,2.188994,448.000000
1983-01-04,141.360000,267.606940,2.189011,452.750000
1983-01-05,141.960000,268.793448,2.193414,454.750000
1983-01-06,145.270000,275.111632,2.187296,458.000000
1983-01-07,145.180000,274.993266,2.193447,454.000000
1983-01-10,146.780000,278.075967,2.190840,474.000000
1983-01-11,145.780000,276.234095,2.198753,490.500000
1983-01-12,146.690000,278.010716,2.203173,483.000000
1983-01-13,145.730000,276.243924,2.212888,491.000000
1983-01-14,146.650000,278.040155,2.212019,483.750000
1983-01-17,146.720000,278.225501,2.212922,494.500000
1983-01-18,146.400000,277.671350,2.210284,487.000000
1983-01-19,145.270000,275.580683,2.191737,497.750000
1983-01-20,146.290000,277.567813,2.189135,487.500000
1983-01-21,143.850000,272.990745,2.158518,490.250000
1983-01-24,139.970000,265.679166,2.143885,475.750000
1983-01-25,141.750000,269.108102,2.158516,485.000000
1983-01-26,141.540000,268.760363,2.147338,488.250000
1983-01-27,144.270000,273.995042,2.151685,493.500000
1983-01-28,144.510000,274.502711,2.145711,492.500000
1983-01-31,145.300000,276.055310,2.131174,503.000000
1983-02-01,142.960000,271.661011,2.135497,508.500000
1983-02-02,143.230000,272.224727,2.119326,498.250000
1983-02-03,144.260000,274.233108,2.111764,506.000000
1983-02-04,146.140000,277.858046,2.102544,501.000000
1983-02-07,146.930000,279.411885,2.108507,489.000000
1983-02-08,145.700000,277.124925,2.104363,496.500000
1983-02-09,145.000000,275.845172,2.103597,492.250000
1983-02-10,147.500000,280.652549,2.133125,494.750000
1983-02-11,147.650000,280.990280,2.139161,506.000000
1983-02-14,148.930000,283.478611,2.140078,500.500000
1983-02-15,148.300000,282.332296,2.134147,511.500000
1983-02-16,147.430000,280.728632,2.140187,506.750000
1983-02-17,147.440000,280.800009,2.158226,506.000000
1983-02-18,148.000000,281.918880,2.178136,502.250000
1983-02-22,145.480000,277.171198,2.203447,503.250000
1983-02-23,146.790000,279.718707,2.207887,479.250000
1983-02-24,149.600000,285.125508,2.212334,473.750000
1983-02-25,149.740000,285.445492,2.241567,470.750000
1983-02-28,148.060000,282.296167,2.240687,419.750000
1983-03-01,150.880000,287.723833,2.250562,414.500000
1983-03-02,152.300000,290.483671,2.244273,431.000000
1983-03-03,153.480000,292.786737,2.250573,431.750000
1983-03-04,153.670000,293.202045,2.244285,415.500000
1983-03-07,153.670000,293.254973,2.216473,421.250000
1983-03-08,151.260000,288.708806,2.201432,422.250000
1983-03-09,152.870000,291.833917,2.209395,424.250000
1983-03-10,151.800000,289.843933,2.197942,433.000000
1983-03-11,151.240000,288.827002,2.191828,424.000000
1983-03-14,150.830000,288.096152,2.212037,431.750000
1983-03-15,151.370000,289.179598,2.216497,436.500000
1983-03-16,149.810000,286.251552,2.205004,424.000000
1983-03-17,149.590000,285.882857,2.200634,416.750000
1983-03-18,149.900000,286.526908,2.198035,419.750000
1983-03-21,151.190000,289.044406,2.195441,414.500000
1983-03-22,150.660000,288.083332,2.192852,420.750000
1983-03-23,152.810000,292.246442,2.200793,413.000000
1983-03-24,153.370000,293.370188,2.201717,415.000000
1983-03-25,152.670000,292.084168,2.192073,411.250000
1983-03-28,151.850000,290.568092,2.189491,412.000000
1983-03-29,151.590000,290.123029,2.200927,412.000000
1983-03-30,153.390000,293.620361,2.203613,417.250000
1983-03-31,152.960000,292.850256,2.199251,414.250000
1983-04-05,151.900000,290.871822,2.224016,425.750000
1983-04-06,151.040000,289.275666,2.224942,428.500000
1983-04-07,151.760000,290.705000,2.222308,426.500000
1983-04-08,152.850000,292.843578,2.223235,423.000000
1983-04-11,155.140000,297.281956,2.241948,427.750000
1983-04-12,155.820000,298.636749,2.241080,433.250000
1983-04-13,156.770000,300.509473,2.247386,428.750000
1983-04-14,158.120000,303.149590,2.266291,436.250000
1983-04-15,158.750000,304.410222,2.259965,435.750000
1983-04-18,159.740000,306.361598,2.268123,443.000000
1983-04-19,158.710000,304.439532,2.250904,441.500000
1983-04-20,160.710000,308.328969,2.251832,434.000000
1983-04-21,160.050000,307.116420,2.245555,440.500000
1983-04-22,160.420000,307.879884,2.248281,436.250000
1983-04-25,158.810000,304.843564,2.252808,442.250000
1983-04-26,161.810000,310.655294,2.259144,435.250000
1983-04-27,161.440000,309.999034,2.274532,436.500000
1983-04-28,162.950000,312.952534,2.271822,427.000000
1983-04-29,164.430000,315.849433,2.280021,428.500000
1983-05-03,162.340000,311.887735,2.283704,431.000000
1983-05-04,163.310000,313.803566,2.310211,434.500000
1983-05-05,164.280000,315.720028,2.303746,435.000000
1983-05-06,166.100000,319.270687,2.310204,431.500000
1983-05-09,165.810000,318.766765,2.288954,435.000000
1983-05-10,165.950000,319.089332,2.306366,439.250000
1983-05-11,164.960000,317.239229,2.303606,443.250000
1983-05-12,164.250000,315.926971,2.295322,438.250000
1983-05-13,164.910000,317.249392,2.298090,438.000000
1983-05-16,163.400000,314.397660,2.271445,438.500000
1983-05-17,163.710000,315.046818,2.265111,437.500000
1983-05-18,163.270000,314.252869,2.262422,442.150000
1983-05-19,161.990000,311.841860,2.252499,440.000000
1983-05-20,162.140000,312.182879,2.244427,439.000000
1983-05-23,163.430000,314.718949,2.239979,433.000000
1983-05-24,165.540000,318.834940,2.242710,437.250000
1983-05-25,166.210000,320.178810,2.240062,437.600000
1983-05-26,165.480000,318.826230,2.232042,441.250000
1983-05-27,164.460000,316.914450,2.234769,436.850000
1983-05-31,162.390000,312.978668,2.201743,439.000000
1983-06-01,162.550000,313.338840,2.209733,416.250000
1983-06-02,163.980000,316.147232,2.208909,411.500000
1983-06-03,164.420000,317.047858,2.208087,413.250000
1983-06-06,164.830000,317.890926,2.209033,408.750000
1983-06-07,162.770000,313.970624,2.199375,403.150000
1983-06-08,161.360000,311.302807,2.188005,402.250000
1983-06-09,161.830000,312.261073,2.195955,405.750000
1983-06-10,162.680000,313.952882,2.195147,413.250000
1983-06-13,164.840000,318.173383,2.220681,412.000000
1983-06-14,165.530000,319.557876,2.218075,412.350000
1983-06-15,167.120000,322.680280,2.227895,407.500000
1983-06-16,169.140000,326.633961,2.243102,410.750000
1983-06-17,169.130000,326.668708,2.236871,416.500000
1983-06-20,169.020000,326.510311,2.216345,411.250000
1983-06-21,170.530000,329.481345,2.219068,415.250000
1983-06-22,170.990000,330.424642,2.212917,421.250000
1983-06-23,170.570000,329.667712,2.201476,418.500000
1983-06-24,170.410000,329.413034,2.181294,420.750000
1983-06-27,168.460000,325.698083,2.166542,423.250000
1983-06-28,165.680000,320.377176,2.179630,413.750000
1983-06-29,166.640000,322.286561,2.189303,415.250000
1983-06-30,167.640000,324.273929,2.195513,416.750000
1983-07-01,168.640000,326.261906,2.201737,416.750000
1983-07-05,166.600000,322.369148,2.153373,413.750000
1983-07-06,168.480000,326.060241,2.162944,412.250000
1983-07-07,167.560000,324.333685,2.141407,414.250000
1983-07-08,167.080000,323.458224,2.135514,422.750000
1983-07-11,168.110000,325.505745,2.145016,426.150000
1983-07-12,165.530000,320.564011,2.121952,430.500000
1983-07-13,165.460000,320.481466,2.126309,426.500000
1983-07-14,166.010000,321.599770,2.130673,424.400000
1983-07-15,164.290000,318.320919,2.109476,421.750000
1983-07-18,163.950000,317.714795,2.127316,423.250000
1983-07-19,164.820000,319.453292,2.136788,424.250000
1983-07-20,169.290000,328.169856,2.151427,426.000000
1983-07-21,169.060000,327.778274,2.145505,429.250000
1983-07-22,168.890000,327.502882,2.127589,424.250000
1983-07-25,169.530000,328.798101,2.131958,423.250000
1983-07-26,170.530000,330.791947,2.119278,426.250000
1983-07-27,167.590000,325.143680,2.116854,425.750000
1983-07-28,165.040000,320.250163,2.092419,426.000000
1983-07-29,162.560000,315.490837,2.076647,422.250000
1983-08-01,162.040000,314.535448,2.070971,413.250000
1983-08-02,162.010000,314.530861,2.068627,413.750000
1983-08-03,163.440000,317.360749,2.053049,412.750000
1983-08-04,161.330000,313.317770,2.021171,413.250000
1983-08-05,161.740000,314.167466,2.025377,409.000000
1983-08-08,159.180000,309.248447,2.010146,410.500000
1983-08-09,160.130000,311.146813,2.022376,412.000000
1983-08-10,161.540000,313.939637,2.016878,408.000000
1983-08-11,161.540000,313.993181,2.038828,411.150000
1983-08-12,162.160000,315.251859,2.052850,411.600000
1983-08-15,163.700000,318.299509,2.086670,415.300000
1983-08-16,163.410000,317.789919,2.095991,419.750000
1983-08-17,165.290000,321.500231,2.107026,420.250000
1983-08-18,163.550000,318.170647,2.099571,421.000000
1983-08-19,163.980000,319.061437,2.097187,419.100000
1983-08-22,164.340000,319.816319,2.128362,421.250000
1983-08-23,162.770000,316.815544,2.124228,425.750000
1983-08-24,161.250000,313.911051,2.130302,423.750000
1983-08-25,160.840000,313.166429,2.117643,422.500000
1983-08-26,162.140000,315.751030,2.113538,419.250000
1983-08-30,162.580000,316.661738,2.073333,418.850000
1983-08-31,164.400000,320.260613,2.061043,414.500000
1983-09-01,164.230000,319.982650,2.063671,415.800000
1983-09-02,165.000000,321.536064,2.058048,418.300000
1983-09-06,167.890000,327.221235,2.085372,418.250000
1983-09-07,167.960000,327.412030,2.111377,413.000000
1983-09-08,167.770000,327.096049,2.100533,414.500000
1983-09-09,166.920000,325.493172,2.108236,414.500000
1983-09-12,165.480000,322.739255,2.137889,416.900000
1983-09-13,164.800000,321.466654,2.126898,406.750000
1983-09-14,165.350000,322.592917,2.105760,406.150000
1983-09-15,164.380000,320.754070,2.096635,403.750000
1983-09-16,166.250000,324.456282,2.121101,405.250000
1983-09-19,167.620000,327.183901,2.125477,410.250000
1983-09-20,169.240000,330.400398,2.141764,413.000000
1983-09-21,168.410000,328.834913,2.130754,412.000000
1983-09-22,169.760000,331.525535,2.138556,410.500000
1983-09-23,169.510000,331.092386,2.158360,413.250000
1983-09-26,170.070000,332.241202,2.173158,416.250000
1983-09-27,168.430000,329.092568,2.167188,413.500000
1983-09-28,168.000000,328.307072,2.161237,414.000000
1983-09-29,167.230000,326.856874,2.160494,409.500000
1983-09-30,166.070000,324.643916,2.171850,404.000000
1983-10-03,165.810000,324.189656,2.167624,393.500000
1983-10-04,166.270000,325.142972,2.170344,392.750000
1983-10-05,167.740000,328.071662,2.190430,388.750000
1983-10-06,170.280000,333.094055,2.198426,397.250000
1983-10-07,170.800000,334.166666,2.195895,395.700000
1983-10-11,170.340000,333.322274,2.154721,400.500000
1983-10-12,169.620000,331.968822,2.152263,395.750000
1983-10-13,169.870000,332.513328,2.142922,397.500000
1983-10-14,169.860000,332.549067,2.155913,400.750000
1983-10-17,170.430000,333.720323,2.175876,400.500000
1983-10-18,167.810000,328.645594,2.173385,396.750000
1983-10-19,166.730000,326.585151,2.174376,393.600000
1983-10-20,166.980000,327.129170,2.178846,390.000000
1983-10-21,165.950000,325.165723,2.186810,393.600000
1983-10-24,165.990000,325.298191,2.147565,396.250000
1983-10-25,166.470000,326.292982,2.141686,396.250000
1983-10-26,165.380000,324.210783,2.139254,395.250000
1983-10-27,164.840000,323.206100,2.150517,384.500000
1983-10-28,163.370000,320.377598,2.148072,387.250000
1983-10-31,163.550000,320.783883,2.138756,383.500000
1983-11-01,163.660000,321.054036,2.148308,376.000000
1983-11-02,164.840000,323.423304,2.147586,381.500000
1983-11-03,163.450000,320.750912,2.139993,381.750000
1983-11-04,162.440000,318.823304,2.123870,382.500000
1983-11-07,161.910000,317.837134,2.124869,377.000000
1983-11-09,163.970000,321.934915,2.127568,380.500000
1983-11-10,164.410000,322.853397,2.150695,382.000000
1983-11-14,166.580000,327.169397,2.156856,382.600000
1983-11-15,165.360000,324.828755,2.154404,383.250000
1983-11-16,166.080000,326.298191,2.155405,383.000000
1983-11-17,166.130000,326.451762,2.152957,376.500000
1983-11-18,165.090000,324.463485,2.153958,376.250000
1983-11-21,166.050000,326.405268,2.167022,374.750000
1983-11-22,166.840000,328.013529,2.181893,375.800000
1983-11-23,166.960000,328.305081,2.179403,375.750000
1983-11-25,167.180000,328.793358,2.187380,375.900000
1983-11-28,166.540000,327.590428,2.174383,381.250000
1983-11-29,167.910000,330.340825,2.184084,391.250000
1983-11-30,166.400000,327.426120,2.176352,405.750000
1983-12-01,166.490000,327.659248,2.177356,398.500000
1983-12-02,165.440000,325.648879,2.157458,403.500000
1983-12-05,165.760000,326.334491,2.153286,402.400000
1983-12-06,165.470000,325.819412,2.157738,398.000000
1983-12-07,165.910000,326.741555,2.153566,399.750000
1983-12-08,165.200000,325.399206,2.137345,402.000000
1983-12-09,165.080000,325.218526,2.136644,388.500000
1983-12-12,165.620000,326.338019,2.142781,390.900000
1983-12-13,164.930000,325.034290,2.130076,389.750000
1983-12-14,163.330000,321.936730,2.127678,390.000000
1983-12-15,161.660000,318.700119,2.130391,388.600000
1983-12-16,162.390000,320.193798,2.145037,381.000000
1983-12-19,162.320000,320.110572,2.147764,376.650000
1983-12-20,162.000000,319.534285,2.150494,375.400000
1983-12-21,163.560000,322.665966,2.156667,378.250000
1983-12-22,163.530000,322.662003,2.168032,378.900000
1983-12-23,163.220000,322.105559,2.165575,379.500000
1983-12-28,165.340000,326.344385,2.164099,379.100000
1983-12-29,164.860000,325.452821,2.168576,379.000000
1983-12-30,164.930000,325.646706,2.164386,381.500000
1984-01-03,164.040000,323.944736,2.158475,384.000000
1984-01-04,166.780000,329.410668,2.173305,376.500000
1984-01-05,168.810000,333.476096,2.176060,376.500000
1984-01-06,169.280000,334.461181,2.184039,374.400000
1984-01-09,168.900000,333.767172,2.181562,364.250000
1984-01-10,167.950000,331.946527,2.189560,367.500000
1984-01-11,167.800000,331.706421,2.181819,369.000000
1984-01-12,167.750000,331.663904,2.182837,371.250000
1984-01-13,167.020000,330.276912,2.213542,370.000000
1984-01-16,167.180000,330.649387,2.223415,370.250000
1984-01-17,167.830000,331.991103,2.219097,368.750000
1984-01-18,167.550000,331.493594,2.213014,368.250000
1984-01-19,167.040000,330.540858,2.215804,373.000000
1984-01-20,166.210000,328.954568,2.209734,372.750000
1984-01-23,164.870000,326.358361,2.212522,371.250000
1984-01-24,165.940000,328.531829,2.213543,365.200000
1984-01-25,164.840000,326.409807,2.212794,366.380000
1984-01-26,164.240000,325.277133,2.215586,368.400000
1984-01-27,163.940000,324.738214,2.216609,366.650000
1984-01-30,162.870000,322.673859,2.212312,369.250000
1984-01-31,163.410000,323.798481,2.211566,371.900000
1984-02-01,162.740000,322.529275,2.217898,377.250000
1984-02-02,163.360000,323.816210,2.226019,382.750000
1984-02-03,160.910000,319.018168,2.227044,386.250000
1984-02-06,158.080000,313.464988,2.210253,380.400000
1984-02-07,158.740000,314.830277,2.209511,379.250000
1984-02-08,155.850000,309.155306,2.208770,384.950000
1984-02-09,155.420000,308.358090,2.208030,383.800000
1984-02-10,156.300000,310.159658,2.191394,380.900000
1984-02-14,156.610000,310.830763,2.188916,374.950000
1984-02-15,156.250000,310.172321,2.196950,382.500000
1984-02-16,156.130000,309.990056,2.194465,383.100000
1984-02-17,155.740000,309.271641,2.179695,382.000000
1984-02-21,154.640000,307.143024,2.182469,388.250000
1984-02-22,154.310000,306.542985,2.180009,392.000000
1984-02-23,154.290000,306.558547,2.160113,399.750000
1984-02-24,157.510000,313.011655,2.171514,396.100000
1984-02-27,159.300000,316.625291,2.162124,394.000000
1984-02-28,156.820000,311.753145,2.156239,400.000000
1984-02-29,157.060000,312.286490,2.165899,396.600000
1984-03-01,158.190000,314.589827,2.161735,395.250000
1984-03-02,159.240000,316.734891,2.176606,396.800000
1984-03-05,157.890000,314.107020,2.163711,406.850000
1984-03-06,156.250000,310.901256,2.161286,403.500000
1984-03-07,154.570000,307.614724,2.139845,402.000000
1984-03-08,155.190000,308.904289,2.137459,396.350000
1984-03-09,154.350000,307.288194,2.131657,402.000000
1984-03-12,156.340000,311.305616,2.139518,397.500000
1984-03-13,156.780000,312.238100,2.135422,397.500000
1984-03-14,156.770000,312.274704,2.129628,400.000000
1984-03-15,157.410000,313.606066,2.130669,394.150000
1984-03-16,159.270000,317.368490,2.126596,392.800000
1984-03-19,157.780000,314.456898,2.108923,392.150000
1984-03-20,158.860000,316.666270,2.111652,393.700000
1984-03-21,158.660000,316.324918,2.111005,392.000000
1984-03-22,156.690000,312.454534,2.105293,391.600000
1984-03-23,156.860000,312.850089,2.108021,388.000000
1984-03-26,156.670000,312.527774,2.112437,388.500000
1984-03-27,157.300000,313.841081,2.113482,389.100000
1984-03-28,159.880000,319.045444,2.121290,385.750000
1984-03-29,159.520000,318.384805,2.124033,390.350000
1984-03-30,159.180000,317.763835,2.104688,388.500000
1984-04-02,157.980000,315.426124,2.100683,387.250000
1984-04-03,157.660000,314.844574,2.086605,381.150000
1984-04-04,157.540000,314.662199,2.084314,380.500000
1984-04-05,155.040000,309.726060,2.088697,381.600000
1984-04-06,155.480000,310.661388,2.113139,378.750000
1984-04-09,155.450000,310.657948,2.120950,381.500000
1984-04-10,155.870000,311.553796,2.113516,381.900000
1984-04-11,155.000000,309.871500,2.117947,382.800000
1984-04-12,157.730000,315.385595,2.135941,382.100000
1984-04-13,157.310000,314.603155,2.107944,380.200000
1984-04-16,158.320000,316.680267,2.102250,380.000000
1984-04-17,158.970000,318.038029,2.110029,380.300000
1984-04-18,157.900000,315.955214,2.089137,380.850000
1984-04-19,158.020000,316.252797,2.078491,385.000000
1984-04-24,158.070000,316.410384,2.083908,384.600000
1984-04-25,158.650000,317.628924,2.094965,382.250000
1984-04-26,160.300000,320.990115,2.099372,381.600000
1984-04-27,159.890000,320.227498,2.080273,377.500000
1984-04-30,160.050000,320.606188,2.076336,376.200000
1984-05-01,161.680000,323.930379,2.077393,376.400000
1984-05-02,161.900000,324.430803,2.071802,377.350000
1984-05-03,161.200000,323.087816,2.067887,378.300000
1984-05-04,159.110000,318.958391,2.039167,378.300000
1984-05-08,160.520000,321.843666,2.037992,371.500000
1984-05-09,160.110000,321.080877,2.019486,372.650000
1984-05-10,160.000000,320.919409,2.014082,370.100000
1984-05-11,158.490000,317.949826,1.981304,373.000000
1984-05-14,157.500000,316.022314,1.963342,371.200000
1984-05-15,158.000000,317.083751,1.980107,373.350000
1984-05-16,157.990000,317.122070,1.992255,374.800000
1984-05-17,156.570000,314.330199,1.972596,376.650000
1984-05-18,155.780000,312.802074,1.987858,375.000000
1984-05-21,154.730000,310.751301,1.992100,380.350000
1984-05-22,153.880000,309.101428,1.978818,379.150000
1984-05-23,153.150000,307.691982,1.976714,378.500000
1984-05-24,151.230000,303.891189,1.949311,375.300000
1984-05-25,151.620000,304.730837,1.945694,380.500000
1984-05-29,150.290000,302.113872,1.924964,385.500000
1984-05-30,150.350000,302.290115,1.910625,384.750000
1984-05-31,150.550000,302.747894,1.923914,383.450000
1984-06-01,153.240000,308.214700,1.968072,389.400000
1984-06-04,154.340000,310.485549,2.002200,394.500000
1984-06-05,153.650000,309.156305,2.011275,394.000000
1984-06-06,155.010000,311.951312,1.984988,393.400000
1984-06-07,154.920000,311.829296,1.986055,392.000000
1984-06-08,155.170000,312.391589,1.999833,387.100000
1984-06-11,153.060000,308.202880,1.981703,383.600000
1984-06-12,152.190000,306.509437,1.989112,375.250000
1984-06-13,152.130000,306.446672,2.006094,374.500000
1984-06-14,150.390000,302.999724,2.015188,376.000000
1984-06-15,149.030000,300.317060,2.045277,373.900000
1984-06-18,151.730000,305.814853,2.036532,369.400000
1984-06-19,152.610000,307.646453,2.019683,370.200000
1984-06-20,154.840000,312.200200,1.977130,371.850000
1984-06-21,154.510000,311.593981,1.967129,370.000000
1984-06-22,154.460000,311.552186,1.965053,373.000000
1984-06-25,153.970000,310.622866,1.964552,370.450000
1984-06-26,152.710000,308.139765,1.959338,369.000000
1984-06-27,151.640000,306.039091,1.965112,370.300000
1984-06-28,152.840000,308.518911,1.959897,371.500000
1984-06-29,153.180000,309.263681,1.954699,375.250000
1984-07-02,153.200000,309.363622,1.951081,370.450000
1984-07-03,153.700000,310.432875,1.963081,369.750000
1984-07-05,152.760000,308.594113,1.968867,366.000000
1984-07-06,152.240000,307.603081,1.973093,358.000000
1984-07-09,153.360000,309.925299,2.016789,332.500000
1984-07-10,152.890000,309.035164,2.009800,346.000000
1984-07-11,150.560000,304.385074,2.007664,335.750000
1984-07-12,150.030000,303.372202,2.029623,339.500000
1984-07-13,150.880000,305.149394,2.050188,341.600000
1984-07-16,151.600000,306.664338,2.047990,352.250000
1984-07-17,152.380000,308.301223,2.040880,347.500000
1984-07-18,151.400000,306.377824,2.050127,346.250000
1984-07-19,150.370000,304.352489,2.062691,352.350000
1984-07-20,149.550000,302.751405,2.045624,346.500000
1984-07-23,148.950000,301.595063,2.048345,335.250000
1984-07-24,147.820000,299.365115,2.055985,337.750000
1984-07-25,148.830000,301.468223,2.098190,337.500000
1984-07-26,150.080000,304.058267,2.127813,345.000000
1984-07-27,151.190000,306.365658,2.118688,336.150000
1984-07-30,150.190000,304.398299,2.102827,339.150000
1984-07-31,150.660000,305.409499,2.127468,341.600000
1984-08-01,154.080000,312.396563,2.145578,337.350000
1984-08-02,157.990000,320.379546,2.158684,343.150000
1984-08-03,162.350000,329.277850,2.182225,347.500000
1984-08-06,162.600000,329.843370,2.162368,352.400000
1984-08-07,162.720000,330.145368,2.170380,346.250000
1984-08-08,161.750000,328.235944,2.176682,343.900000
1984-08-09,165.540000,335.985199,2.186482,344.250000
1984-08-10,165.420000,335.801306,2.175332,350.500000
1984-08-13,165.430000,335.881235,2.165985,343.000000
1984-08-14,164.420000,333.890223,2.179209,348.800000
1984-08-15,162.800000,330.659754,2.168101,353.900000
1984-08-16,163.770000,332.688618,2.176135,350.650000
1984-08-17,164.140000,333.499326,2.177232,351.250000
1984-08-20,164.940000,335.183986,2.180071,349.700000
1984-08-21,167.830000,341.116439,2.193377,345.400000
1984-08-22,167.060000,339.611979,2.189212,345.400000
1984-08-23,167.120000,339.794257,2.183305,351.750000
1984-08-24,167.510000,340.647558,2.189644,350.350000
1984-08-28,167.400000,340.484352,2.165569,348.150000
1984-08-29,167.090000,339.914287,2.163205,348.800000
1984-08-30,166.600000,338.977831,2.162576,348.750000
1984-08-31,166.680000,339.200799,2.172328,347.700000
1984-09-04,164.880000,335.597529,2.157790,341.750000
1984-09-05,164.290000,334.455811,2.151988,338.500000
1984-09-06,165.650000,337.283420,2.172028,340.300000
1984-09-07,164.370000,334.736653,2.192246,339.500000
1984-09-10,164.260000,334.571659,2.207382,337.200000
1984-09-11,164.450000,335.017648,2.222614,338.650000
1984-09-12,164.680000,335.545272,2.221942,339.500000
1984-09-13,167.940000,342.246877,2.242602,337.500000
1984-09-14,168.780000,344.019066,2.247297,339.400000
1984-09-17,168.870000,344.263165,2.252000,338.000000
1984-09-18,167.650000,341.836737,2.262116,336.500000
1984-09-19,166.940000,340.449324,2.281322,339.900000
1984-09-20,167.470000,341.590206,2.276956,340.000000
1984-09-21,165.670000,337.978956,2.247099,339.750000
1984-09-24,165.280000,337.242918,2.235625,347.250000
1984-09-25,165.620000,337.996126,2.229582,345.100000
1984-09-26,166.280000,339.402642,2.248530,345.750000
1984-09-27,166.960000,340.850467,2.276624,344.000000
1984-09-28,166.100000,339.154865,2.248595,344.150000
1984-10-01,164.620000,336.193573,2.237116,344.750000
1984-10-02,163.590000,334.150213,2.238229,344.850000
1984-10-03,162.440000,331.860997,2.239343,347.600000
1984-10-04,162.920000,332.900998,2.244040,346.000000
1984-10-05,162.680000,332.470155,2.268493,346.550000
1984-10-09,161.670000,330.465493,2.275053,341.250000
1984-10-10,162.110000,331.424009,2.276169,337.750000
1984-10-11,162.780000,332.853078,2.286390,338.100000
1984-10-12,164.180000,335.775353,2.292994,337.900000
1984-10-15,165.770000,339.087240,2.283105,338.250000
1984-10-16,164.780000,337.122832,2.287876,339.750000
1984-10-17,164.140000,335.873772,2.296316,340.000000
1984-10-18,168.100000,344.037069,2.332339,338.250000
1984-10-19,167.960000,343.812093,2.363312,339.600000
1984-10-22,167.360000,342.645411,2.370102,338.000000
1984-10-23,167.090000,342.153927,2.393974,339.400000
1984-10-24,167.200000,342.440391,2.402754,340.250000
1984-10-25,166.310000,340.678858,2.386574,339.900000
1984-10-26,165.290000,338.650382,2.357146,338.150000
1984-10-29,164.780000,337.666068,2.365810,335.800000
1984-10-30,166.840000,341.947818,2.404785,335.650000
1984-10-31,166.090000,340.471829,2.398211,334.500000
1984-11-01,167.490000,343.402492,2.424275,333.850000
1984-11-02,167.420000,343.320265,2.425396,339.000000
1984-11-05,168.580000,345.760301,2.438160,342.300000
1984-11-07,169.170000,347.032114,2.415876,345.800000
1984-11-08,168.680000,346.088879,2.399606,348.100000
1984-11-09,167.600000,343.934763,2.419927,345.850000
1984-11-13,165.970000,340.651201,2.407500,350.000000
1984-11-14,165.990000,340.753053,2.402847,346.000000
1984-11-15,165.890000,340.608588,2.419352,345.350000
1984-11-16,164.100000,336.994120,2.428220,345.050000
1984-11-19,163.090000,334.980143,2.444887,343.000000
1984-11-20,164.180000,337.278748,2.461661,342.650000
1984-11-21,164.510000,338.016875,2.490357,342.750000
1984-11-23,166.920000,343.029007,2.521367,342.000000
1984-11-26,165.550000,340.274815,2.514424,339.500000
1984-11-27,166.290000,341.856561,2.515549,333.350000
1984-11-28,165.020000,339.306730,2.496551,329.100000
1984-11-29,163.910000,337.084960,2.489689,331.750000
1984-11-30,163.580000,336.466473,2.458949,328.600000
1984-12-03,162.820000,334.964353,2.464014,327.700000
1984-12-04,163.380000,336.177268,2.473029,330.900000
1984-12-05,162.100000,333.604554,2.474159,330.550000
1984-12-06,162.760000,335.023443,2.457476,330.700000
1984-12-07,162.260000,334.055105,2.440915,330.000000
1984-12-10,162.830000,335.289281,2.449859,326.250000
1984-12-11,163.070000,335.844378,2.468632,326.650000
1984-12-12,162.630000,334.999198,2.475690,327.600000
1984-12-13,161.810000,333.370944,2.445135,326.400000
1984-12-14,162.690000,335.244530,2.473655,321.750000
1984-12-17,163.610000,337.201209,2.488643,316.850000
1984-12-18,168.110000,346.536989,2.529596,308.250000
1984-12-19,167.160000,344.641634,2.520610,308.750000
1984-12-20,166.380000,343.096075,2.515695,303.250000
1984-12-21,165.510000,341.364350,2.522868,308.850000
1984-12-27,165.750000,341.921358,2.503994,310.250000
1984-12-28,166.260000,343.035532,2.503129,309.500000
1984-12-31,167.240000,345.119826,2.486245,309.000000
1985-01-02,165.370000,341.321299,2.457549,306.250000
1985-01-03,164.570000,339.729887,2.474418,299.500000
1985-01-04,163.680000,337.952115,2.465662,303.450000
1985-01-07,164.240000,339.167540,2.500337,296.750000
1985-01-08,163.990000,338.710672,2.511479,304.400000
1985-01-09,165.180000,341.227859,2.508602,298.350000
1985-01-10,168.310000,347.753554,2.507737,304.000000
1985-01-11,167.910000,346.987998,2.486811,304.000000
1985-01-14,170.510000,352.421698,2.485965,301.250000
1985-01-15,170.810000,353.103479,2.508986,302.500000
1985-01-16,171.190000,353.950867,2.506116,302.450000
1985-01-17,170.730000,353.061764,2.513275,305.800000
1985-01-18,171.320000,354.343689,2.532516,306.900000
1985-01-22,175.480000,363.009936,2.557972,306.850000
1985-01-23,177.300000,366.838488,2.571395,302.150000
1985-01-24,176.710000,365.682008,2.603395,301.900000
1985-01-25,177.350000,367.070461,2.594124,299.250000
1985-01-28,177.400000,367.238235,2.595268,298.600000
1985-01-29,179.180000,370.987353,2.596412,303.500000
1985-01-30,179.390000,371.487125,2.603788,303.000000
1985-01-31,179.630000,372.049185,2.586186,304.900000
1985-02-01,178.630000,370.040150,2.562505,304.800000
1985-02-04,180.350000,373.665035,2.551353,301.250000
1985-02-05,180.610000,374.266158,2.562707,301.750000
1985-02-06,180.430000,373.955688,2.543355,303.450000
1985-02-07,181.820000,376.899056,2.542471,302.500000
1985-02-08,182.190000,377.729010,2.551758,300.600000
1985-02-11,180.510000,374.309028,2.542702,300.000000
1985-02-13,183.350000,380.260647,2.549957,302.800000
1985-02-14,182.410000,378.374658,2.571509,303.400000
1985-02-15,181.600000,376.757687,2.554146,304.900000
1985-02-19,181.330000,376.260479,2.557343,302.900000
1985-02-20,181.180000,376.012094,2.527809,302.850000
1985-02-21,180.190000,374.020321,2.504697,302.000000
1985-02-22,179.360000,372.359982,2.481809,298.800000
1985-02-25,179.230000,372.152310,2.484953,290.000000
1985-02-26,181.170000,376.242696,2.492075,285.000000
1985-02-27,180.710000,375.350259,2.459342,290.750000
1985-02-28,181.180000,376.389203,2.456568,290.500000
1985-03-01,183.230000,380.711714,2.467555,288.100000
1985-03-04,182.060000,378.345217,2.454898,288.300000
1985-03-05,182.230000,378.762605,2.469807,288.850000
1985-03-06,180.650000,375.542772,2.459115,286.700000
1985-03-07,179.510000,373.236523,2.456343,289.300000
1985-03-08,179.100000,372.447292,2.502704,289.000000
1985-03-11,178.790000,371.865738,2.501865,290.250000
1985-03-12,179.660000,373.738261,2.491019,288.750000
1985-03-13,178.190000,370.743613,2.468270,290.100000
1985-03-14,177.840000,370.078218,2.465486,290.250000
1985-03-15,176.530000,367.414863,2.464680,289.900000
1985-03-18,176.880000,368.205577,2.448101,293.700000
1985-03-19,179.540000,373.805203,2.455144,307.250000
1985-03-20,179.080000,372.910812,2.472025,333.250000
1985-03-21,179.350000,373.536236,2.490992,312.500000
1985-03-22,179.040000,372.953883,2.480204,320.750000
1985-03-25,177.970000,370.788183,2.485342,315.900000
1985-03-26,178.430000,371.809386,2.504406,316.000000
1985-03-27,179.540000,374.185383,2.491551,329.900000
1985-03-28,179.540000,374.248784,2.510661,328.750000
1985-03-29,180.660000,376.646821,2.531917,329.800000
1985-04-01,181.270000,377.982186,2.531061,324.650000
1985-04-02,180.530000,376.502986,2.524133,317.000000
1985-04-03,179.110000,373.605105,2.519247,321.100000
1985-04-04,179.030000,373.501334,2.516389,317.000000
1985-04-09,178.210000,371.853692,2.536829,323.100000
1985-04-10,179.420000,374.441288,2.554239,323.300000
1985-04-11,180.190000,376.111484,2.588107,329.000000
1985-04-12,180.540000,376.905564,2.587209,331.250000
1985-04-15,180.920000,377.762532,2.600801,330.300000
1985-04-16,181.200000,378.410977,2.626942,331.500000
1985-04-17,181.680000,379.477302,2.619709,327.000000
1985-04-18,180.840000,377.786876,2.654415,325.500000
1985-04-19,181.110000,378.414731,2.649217,327.700000
1985-04-22,180.700000,377.621982,2.656748,328.100000
1985-04-23,181.880000,380.151693,2.632417,326.000000
1985-04-24,182.260000,381.010146,2.633592,322.600000
1985-04-25,183.430000,383.520354,2.609485,322.400000
1985-04-26,182.180000,380.971596,2.614838,322.500000
1985-04-29,180.630000,377.794608,2.590913,323.000000
1985-04-30,179.830000,376.185185,2.604528,324.650000
1985-05-01,178.370000,373.193295,2.634878,315.600000
1985-05-02,179.010000,374.594109,2.631841,314.250000
1985-05-03,180.080000,376.895188,2.649864,313.700000
1985-05-07,180.760000,378.380773,2.660710,311.250000
1985-05-08,180.620000,378.150352,2.642732,313.350000
1985-05-09,181.920000,380.934662,2.656598,314.500000
1985-05-10,184.280000,385.939487,2.691783,313.550000
1985-05-13,184.610000,386.694498,2.692963,316.750000
1985-05-14,183.870000,385.208466,2.730767,324.750000
1985-05-15,184.540000,386.675886,2.727575,322.850000
1985-05-16,185.660000,389.086689,2.746211,320.400000
1985-05-17,187.420000,392.839521,2.740798,319.800000
1985-05-20,189.720000,397.725440,2.803371,323.650000
1985-05-21,189.640000,397.623570,2.795574,316.500000
1985-05-22,188.560000,395.424926,2.792277,317.400000
1985-05-23,187.600000,393.477190,2.788987,316.400000
1985-05-24,188.290000,394.989551,2.805782,316.350000
1985-05-28,187.860000,394.152896,2.838384,313.900000
1985-05-29,187.680000,393.840482,2.832747,311.200000
1985-05-30,187.750000,394.052572,2.849786,315.000000
1985-05-31,189.550000,397.895671,2.876039,313.150000
1985-06-03,189.320000,397.477560,2.930131,316.850000
1985-06-04,190.040000,399.053829,2.931300,316.250000
1985-06-05,190.160000,399.370694,2.984060,314.750000
1985-06-06,191.060000,401.325795,2.970900,314.900000
1985-06-07,189.680000,398.492327,2.900765,315.000000
1985-06-10,189.510000,398.199973,2.908900,310.750000
1985-06-11,189.040000,397.277151,2.928689,313.250000
1985-06-12,187.610000,394.336529,2.911117,313.750000
1985-06-13,185.330000,389.608325,2.900646,314.100000
1985-06-14,187.100000,393.392641,2.955194,315.750000
1985-06-17,186.530000,392.258134,2.958728,317.250000
1985-06-18,187.340000,394.025281,2.976467,321.650000
1985-06-19,186.630000,392.596031,2.944300,325.200000
1985-06-20,186.730000,392.870226,2.921919,322.000000
1985-06-21,189.610000,398.993475,2.876344,315.250000
1985-06-24,189.150000,398.090379,2.852212,314.100000
1985-06-25,189.740000,399.396837,2.841986,315.900000
1985-06-26,190.060000,400.135367,2.834076,316.500000
1985-06-27,191.230000,402.663641,2.869270,316.250000
1985-06-28,191.850000,404.034616,2.902589,316.500000
1985-07-01,192.430000,405.320834,2.917702,315.350000
1985-07-02,192.010000,404.501126,2.916548,310.850000
1985-07-03,191.450000,403.386210,2.910729,310.400000
1985-07-05,192.520000,405.705345,2.981768,310.900000
1985-07-08,191.930000,404.527025,2.954318,312.200000
1985-07-09,191.050000,402.737089,2.955496,314.800000
1985-07-10,192.370000,405.584210,2.951946,314.700000
1985-07-11,192.940000,406.850963,2.917702,313.800000
1985-07-12,193.290000,407.654200,2.916551,315.050000
1985-07-15,192.720000,406.517377,2.920069,317.150000
1985-07-16,194.720000,410.801254,2.937605,316.800000
1985-07-17,195.650000,412.829104,2.945839,321.700000
1985-07-18,194.380000,410.215507,2.904602,322.250000
1985-07-19,195.130000,411.864026,2.896494,319.000000
1985-07-22,194.350000,410.283665,2.869876,317.400000
1985-07-23,192.550000,406.549509,2.868772,322.750000
1985-07-24,191.580000,404.566600,2.860783,318.500000
1985-07-25,192.060000,405.645063,2.859688,319.400000
1985-07-26,192.400000,406.428169,2.844867,317.600000
1985-07-29,189.600000,400.578541,2.827856,323.000000
1985-07-30,189.930000,401.339940,2.831315,323.250000
1985-07-31,190.920000,403.496214,2.852899,328.100000
1985-08-01,192.110000,406.077580,2.867789,326.750000
1985-08-02,191.480000,404.812708,2.834572,319.650000
1985-08-05,190.620000,403.061159,2.840306,323.000000
1985-08-06,187.930000,397.439534,2.839233,321.400000
1985-08-07,187.680000,396.976213,2.863147,320.650000
1985-08-08,188.950000,399.727796,2.891832,322.900000
1985-08-09,188.320000,398.460780,2.906909,322.400000
1985-08-12,187.630000,397.066384,2.905780,326.600000
1985-08-13,187.300000,396.433356,2.888380,328.500000
1985-08-14,187.410000,396.731399,2.908065,326.200000
1985-08-15,187.260000,396.479131,2.913915,328.900000
1985-08-16,186.100000,394.088332,2.938425,335.400000
1985-08-19,186.380000,394.746099,2.946673,339.250000
1985-08-20,188.080000,398.411580,2.954941,335.500000
1985-08-21,189.160000,400.764900,2.975049,335.750000
1985-08-22,187.360000,397.017254,2.981004,337.600000
1985-08-23,187.170000,396.679959,2.972659,333.600000
1985-08-27,188.100000,398.716222,2.979769,335.250000
1985-08-28,188.830000,400.329201,2.971431,339.300000
1985-08-29,188.930000,400.607068,2.982137,338.400000
1985-08-30,188.630000,400.036856,2.945164,335.750000
1985-09-03,187.910000,398.577519,2.955790,332.700000
1985-09-04,187.370000,397.499476,2.975908,325.000000
1985-09-05,187.270000,397.354503,2.950919,326.000000
1985-09-06,188.240000,399.479824,2.897825,318.750000
1985-09-09,188.250000,399.568554,2.901351,320.200000
1985-09-10,186.900000,396.770645,2.904880,320.000000
1985-09-11,185.030000,392.867866,2.899116,322.000000
1985-09-12,183.690000,390.089081,2.898006,318.000000
1985-09-13,182.910000,388.498573,2.927037,321.750000
1985-09-16,182.880000,388.500506,2.935269,318.850000
1985-09-17,181.360000,385.337152,2.927084,318.700000
1985-09-18,181.710000,386.145918,2.923610,315.500000
1985-09-19,183.390000,389.781285,2.924820,315.900000
1985-09-20,182.050000,386.999088,2.942410,319.200000
1985-09-23,184.300000,391.847502,2.936558,328.100000
1985-09-24,182.620000,388.341807,2.951864,328.400000
1985-09-25,180.660000,384.239488,2.967243,328.700000
1985-09-26,181.290000,385.644346,2.980321,330.400000
1985-09-30,182.080000,387.390023,2.960072,326.500000
1985-10-01,185.070000,393.816383,2.966019,323.150000
1985-10-02,184.060000,391.733140,2.964857,324.750000
1985-10-03,184.360000,392.437247,2.961325,324.350000
1985-10-04,183.220000,390.076328,2.953062,330.550000
1985-10-07,181.870000,387.267513,2.940101,326.250000
1985-10-08,181.870000,387.332384,2.955429,326.100000
1985-10-09,182.520000,388.781585,2.954280,326.950000
1985-10-10,182.780000,389.400530,2.960222,325.550000
1985-10-11,184.280000,392.661408,2.963806,325.800000
1985-10-15,186.080000,396.562599,2.974507,326.850000
1985-10-16,187.980000,400.678195,2.987620,325.900000
1985-10-17,187.660000,400.063234,2.998396,324.600000
1985-10-18,187.040000,398.808501,3.009206,326.250000
1985-10-21,186.960000,398.704729,3.008013,326.500000
1985-10-22,188.040000,401.074689,3.023666,325.900000
1985-10-23,189.090000,403.381441,3.020043,326.900000
1985-10-24,188.500000,402.190378,3.018842,325.950000
1985-10-25,187.520000,400.166786,3.005567,325.650000
1985-10-28,187.760000,400.745977,2.989954,326.500000
1985-10-29,189.230000,403.950604,3.031837,326.550000
1985-10-30,190.070000,405.811424,3.067010,326.800000
1985-10-31,189.820000,405.345636,3.058409,325.750000
1985-11-01,191.530000,409.061384,3.066964,324.650000
1985-11-04,191.250000,408.528138,3.068179,325.600000
1985-11-05,192.370000,410.985246,3.081666,324.550000
1985-11-06,192.760000,411.883525,3.082881,324.750000
1985-11-07,192.620000,411.649590,3.089028,323.600000
1985-11-08,193.720000,414.065584,3.107541,322.100000
1985-11-12,198.080000,423.450396,3.133615,322.700000
1985-11-13,197.100000,421.422421,3.124799,324.500000
1985-11-14,199.060000,425.679849,3.111013,325.000000
1985-11-15,198.110000,423.715719,3.092317,324.550000
1985-11-18,198.710000,425.066079,3.143011,323.750000
1985-11-19,198.670000,425.047814,3.141709,324.100000
1985-11-20,198.990000,425.799741,3.145435,325.050000
1985-11-21,201.410000,431.045484,3.181878,325.750000
1985-11-22,201.520000,431.349146,3.162723,326.000000
1985-11-25,200.350000,428.913082,3.158875,330.500000
1985-11-26,200.670000,429.666053,3.160089,331.500000
1985-11-27,202.540000,433.738046,3.171415,330.450000
1985-11-29,202.170000,433.014366,3.185314,327.400000
1985-12-02,200.460000,429.417315,3.161043,323.950000
1985-12-03,200.860000,430.339118,3.164788,322.500000
1985-12-04,204.230000,437.624364,3.178662,324.500000
1985-12-05,203.880000,436.940564,3.182420,322.500000
1985-12-06,202.990000,435.099258,3.175997,322.500000
1985-12-09,204.250000,437.865806,3.217866,320.150000
1985-12-10,204.390000,438.232151,3.252544,316.100000
1985-12-11,206.310000,442.415091,3.295384,316.800000
1985-12-12,206.730000,443.382652,3.278133,316.050000
1985-12-13,209.940000,450.334327,3.295074,317.900000
1985-12-16,212.020000,454.864158,3.309459,318.250000
1985-12-17,210.650000,451.993771,3.342433,321.900000
1985-12-18,209.810000,450.259728,3.324914,321.100000
1985-12-19,210.020000,450.778486,3.328776,323.400000
1985-12-20,210.940000,452.821307,3.345956,323.550000
1985-12-23,208.570000,447.802147,3.336449,325.750000
1985-12-24,207.140000,444.799640,3.340321,324.850000
1985-12-27,209.610000,450.170831,3.364139,324.800000
1985-12-30,210.680000,452.536904,3.359957,326.150000
1985-12-31,211.280000,453.894128,3.363846,327.000000
1986-01-02,209.590000,450.332181,3.354283,327.100000
1986-01-03,210.880000,453.172070,3.352803,326.000000
1986-01-06,210.650000,452.746390,3.348643,327.800000
1986-01-07,213.800000,459.585147,3.384674,328.900000
1986-01-08,207.970000,447.122512,3.334428,330.900000
1986-01-09,206.110000,443.191294,3.298290,333.900000
1986-01-10,205.960000,442.935824,3.267840,339.450000
1986-01-13,206.720000,444.637305,3.242915,340.750000
1986-01-14,206.640000,444.532521,3.259702,338.800000
1986-01-15,208.260000,448.084806,3.292215,345.300000
1986-01-16,209.170000,450.110540,3.296065,359.600000
1986-01-17,208.430000,448.586260,3.313102,357.250000
1986-01-21,205.790000,442.972298,3.319618,356.500000
1986-01-22,203.490000,438.088481,3.304899,352.750000
1986-01-23,204.250000,439.790964,3.319335,349.500000
1986-01-24,206.430000,444.551494,3.320551,355.250000
1986-01-27,207.390000,446.686151,3.348332,361.750000
1986-01-28,209.810000,451.966058,3.370974,353.800000
1986-01-29,210.290000,453.068457,3.361398,354.400000
1986-01-30,209.330000,451.068709,3.359921,355.400000
1986-01-31,211.780000,456.416283,3.366510,354.000000
1986-02-03,213.960000,461.180371,3.383882,347.350000
1986-02-04,212.790000,458.725057,3.401336,338.500000
1986-02-05,212.960000,459.157746,3.399825,335.950000
1986-02-06,213.470000,460.323616,3.384716,337.100000
1986-02-07,214.560000,462.740516,3.364266,337.900000
1986-02-10,216.240000,466.430553,3.395088,340.500000
1986-02-11,215.920000,465.807633,3.415313,337.200000
1986-02-12,215.970000,465.982730,3.421988,338.350000
1986-02-13,217.400000,469.135393,3.439623,335.400000
1986-02-14,219.760000,474.295835,3.487610,329.500000
1986-02-18,222.450000,480.169970,3.499972,332.400000
1986-02-19,219.760000,474.432768,3.484372,343.700000
1986-02-20,222.220000,479.812059,3.493937,339.250000
1986-02-21,224.620000,485.063334,3.548247,339.000000
1986-02-24,224.340000,484.528689,3.574989,343.350000
1986-02-25,223.790000,483.410735,3.573319,351.400000
1986-02-26,224.040000,484.020534,3.585945,345.100000
1986-02-27,226.770000,489.988341,3.647378,337.850000
1986-02-28,226.920000,490.383172,3.654394,338.250000
1986-03-03,225.420000,487.208795,3.696502,339.450000
1986-03-04,224.380000,485.027752,3.715417,337.900000
1986-03-05,224.340000,485.007736,3.660112,342.200000
1986-03-06,225.130000,486.782109,3.684716,343.000000
1986-03-07,225.570000,487.800178,3.709474,342.000000
1986-03-10,226.580000,490.051155,3.769997,341.800000
1986-03-11,231.690000,501.170289,3.789254,341.650000
1986-03-12,232.540000,503.077591,3.796474,344.500000
1986-03-13,233.190000,504.552725,3.776371,349.800000
1986-03-14,236.550000,511.891875,3.786596,347.600000
1986-03-17,234.670000,507.893703,3.772610,348.200000
1986-03-18,235.780000,510.365646,3.755664,350.800000
1986-03-19,235.600000,510.045942,3.759836,349.250000
1986-03-20,236.540000,512.150807,3.773034,350.600000
1986-03-21,233.340000,505.292408,3.768162,351.350000
1986-03-24,235.330000,509.670933,3.799474,352.400000
1986-03-25,234.720000,508.419638,3.800635,352.900000
1986-03-26,237.300000,514.077749,3.820039,344.900000
1986-03-27,238.970000,517.766003,3.867037,345.500000
1986-04-01,235.140000,509.537173,3.906505,333.700000
1986-04-02,235.710000,510.840698,3.920148,335.500000
1986-04-03,232.470000,503.887370,3.896200,336.600000
1986-04-04,228.690000,495.761683,3.884878,335.600000
1986-04-07,228.630000,495.698127,3.892242,336.500000
1986-04-08,233.520000,506.366757,3.930755,340.650000
1986-04-09,233.750000,506.933428,3.944474,338.650000
1986-04-10,236.440000,512.835241,3.958234,338.150000
1986-04-11,235.970000,511.884622,3.940370,340.250000
1986-04-14,237.280000,514.795053,3.973033,343.200000
1986-04-15,237.730000,515.840426,3.964631,340.250000
1986-04-16,242.220000,525.652298,4.041888,340.750000
1986-04-17,243.030000,527.480639,4.026840,339.300000
1986-04-18,242.380000,526.140626,4.008635,341.000000
1986-04-21,244.740000,531.334129,4.025797,342.450000
1986-04-22,242.420000,526.368662,3.959288,344.150000
1986-04-23,241.750000,524.984505,3.925586,347.250000
1986-04-24,242.020000,525.641272,3.879625,346.000000
1986-04-25,242.290000,526.298205,3.859055,344.300000
1986-04-28,243.080000,528.084840,3.891089,344.400000
1986-04-29,240.510000,522.572434,3.923372,342.350000
1986-04-30,235.520000,511.800432,3.924521,344.750000
1986-05-01,235.160000,511.086877,3.903693,345.600000
1986-05-02,234.790000,510.351388,3.886110,341.600000
1986-05-06,237.240000,515.745385,3.903951,341.550000
1986-05-07,236.080000,513.292894,3.914476,342.150000
1986-05-08,237.130000,515.644788,3.925025,344.600000
1986-05-09,237.850000,517.279710,3.901057,344.250000
1986-05-12,237.580000,516.761995,3.842919,344.900000
1986-05-13,236.410000,514.286534,3.856386,343.800000
1986-05-14,237.540000,516.813820,3.848299,342.750000
1986-05-15,234.430000,510.116841,3.809446,342.500000
1986-05-16,232.760000,506.551464,3.749673,342.750000
1986-05-19,233.200000,507.577071,3.753861,342.050000
1986-05-20,236.110000,513.979083,3.785081,340.300000
1986-05-21,235.450000,512.611395,3.780208,338.600000
1986-05-22,240.120000,522.847572,3.787442,339.400000
1986-05-23,241.350000,525.596059,3.800746,340.850000
1986-05-27,244.750000,533.070956,3.835375,341.150000
1986-05-28,246.630000,537.237244,3.836551,341.600000
1986-05-29,247.980000,540.250131,3.757928,342.750000
1986-05-30,247.350000,538.950181,3.741081,343.350000
1986-06-02,245.040000,533.987550,3.661469,343.000000
1986-06-03,245.510000,535.081738,3.700757,341.850000
1986-06-04,243.940000,531.730084,3.642748,341.400000
1986-06-05,245.650000,535.527145,3.667274,341.500000
1986-06-06,245.670000,535.640919,3.774101,341.500000
1986-06-09,239.960000,523.261440,3.720945,341.850000
1986-06-10,239.580000,522.501370,3.740006,347.550000
1986-06-11,241.130000,525.950239,3.759155,347.500000
1986-06-12,241.490000,526.804385,3.769372,347.950000
1986-06-13,245.730000,536.122869,3.845953,347.400000
1986-06-16,246.130000,537.065822,3.877901,346.500000
1986-06-17,244.350000,533.252163,3.879075,337.300000
1986-06-18,244.990000,534.718728,3.898869,338.500000
1986-06-19,244.060000,532.758964,3.862611,338.700000
1986-06-20,247.580000,540.512587,3.891600,338.900000
1986-06-23,245.260000,535.518427,3.908340,340.500000
1986-06-24,247.030000,539.453345,3.934525,340.750000
1986-06-25,248.930000,543.673169,3.951429,343.250000
1986-06-26,248.740000,543.329442,3.952593,343.800000
1986-06-27,249.600000,545.279158,3.966405,343.550000
1986-06-30,250.840000,548.059528,3.977086,345.500000
1986-07-01,252.040000,550.755136,3.971882,345.650000
1986-07-02,252.700000,552.271456,3.973044,344.000000
1986-07-03,251.790000,550.356965,3.993277,343.500000
1986-07-07,244.050000,533.513087,3.994435,344.450000
1986-07-08,241.590000,528.207102,3.954052,346.500000
1986-07-09,242.820000,530.967409,3.996341,350.350000
1986-07-10,243.010000,531.454309,3.997500,347.500000
1986-07-11,242.220000,529.798105,4.001858,347.650000
1986-07-14,238.110000,520.879742,4.019025,346.200000
1986-07-15,233.660000,511.215178,4.049118,345.850000
1986-07-16,235.010000,514.237563,4.037311,348.350000
1986-07-17,236.070000,516.626186,4.044924,346.900000
1986-07-18,236.360000,517.330338,4.052549,347.100000
1986-07-21,236.240000,517.137288,4.060184,353.000000
1986-07-22,238.180000,521.453585,4.041846,353.500000
1986-07-23,238.670000,522.596507,4.013899,351.750000
1986-07-24,237.950000,521.090287,3.995794,348.500000
1986-07-25,240.220000,526.131498,4.003352,349.000000
1986-07-28,236.010000,516.981509,3.940463,350.800000
1986-07-29,234.550000,513.852920,3.979469,353.300000
1986-07-30,236.590000,518.391289,3.980639,351.350000
1986-07-31,236.120000,517.431215,4.004101,357.750000
1986-08-01,234.910000,514.848243,4.005268,360.500000
1986-08-04,235.990000,517.283529,4.009638,358.750000
1986-08-05,237.030000,519.631772,3.991558,358.500000
1986-08-06,236.840000,519.284145,3.967183,360.850000
1986-08-07,237.040000,519.791512,3.974707,360.850000
1986-08-08,236.880000,519.509581,4.023578,361.850000
1986-08-11,240.680000,527.912376,4.040838,394.500000
1986-08-12,243.340000,533.816875,4.048466,386.100000
1986-08-13,245.670000,538.998998,4.075538,391.250000
1986-08-14,246.250000,540.342986,4.073433,384.000000
1986-08-15,247.150000,542.389493,4.081108,386.400000
1986-08-18,247.380000,542.966166,4.082265,377.250000
1986-08-19,246.510000,541.128629,4.122611,372.500000
1986-08-20,249.770000,548.356600,4.130356,379.000000
1986-08-21,249.670000,548.209767,4.144720,381.750000
1986-08-22,250.190000,549.424242,4.109391,384.650000
1986-08-26,252.840000,555.316570,4.144604,379.300000
1986-08-27,253.300000,556.400510,4.115909,377.800000
1986-08-28,252.840000,555.463849,4.123648,384.000000
1986-08-29,252.930000,555.735224,4.154490,386.000000
1986-09-02,248.520000,546.121779,4.129047,395.500000
1986-09-03,250.080000,549.624719,4.074044,407.200000
1986-09-04,253.830000,557.941778,4.091504,404.000000
1986-09-05,250.470000,550.632653,4.037020,418.250000
1986-09-08,248.140000,545.585850,4.018815,419.000000
1986-09-09,247.670000,544.627232,4.029637,412.500000
1986-09-10,247.060000,543.360480,4.030813,414.500000
1986-09-11,235.180000,517.307195,3.961046,407.000000
1986-09-12,230.670000,507.457794,3.943223,418.750000
1986-09-15,231.940000,510.321251,3.975963,416.000000
1986-09-16,231.720000,509.907140,3.977151,413.550000
1986-09-17,231.680000,509.889001,4.000611,413.600000
1986-09-18,232.310000,511.345405,3.950588,415.700000
1986-09-19,232.210000,511.195371,3.935980,423.000000
1986-09-22,234.930000,517.253335,3.952922,442.750000
1986-09-23,235.670000,518.953507,3.966766,435.150000
1986-09-24,236.280000,520.367870,3.999694,434.000000
1986-09-25,231.830000,510.638792,4.004081,432.250000
1986-09-26,232.230000,511.589832,4.005268,434.000000
1986-09-29,229.910000,506.549113,3.984025,429.450000
1986-09-30,231.320000,509.725117,4.013902,421.200000
1986-10-01,233.600000,514.819474,4.027934,425.500000
1986-10-02,233.920000,515.595673,4.016229,425.500000
1986-10-03,233.710000,515.203874,4.062398,436.900000
1986-10-06,234.780000,517.633663,4.073326,436.500000
1986-10-07,234.410000,516.889256,4.074503,442.000000
1986-10-08,236.680000,521.966005,4.065901,439.400000
1986-10-09,235.850000,520.207503,4.060575,435.800000
1986-10-10,235.480000,519.463113,4.052011,428.150000
1986-10-14,235.370000,519.292062,4.011053,431.250000
1986-10-15,238.800000,526.931185,4.005828,426.250000
1986-10-16,239.530000,528.614624,4.000612,426.000000
1986-10-17,238.840000,527.164743,3.989006,420.000000
1986-10-20,235.970000,520.902782,3.961483,420.000000
1986-10-21,235.880000,520.775912,3.991210,426.800000
1986-10-22,236.260000,521.686663,4.017952,426.600000
1986-10-23,239.280000,528.427051,4.038433,425.400000
1986-10-24,238.260000,526.247320,4.026701,413.000000
1986-10-27,238.770000,527.446304,4.044001,409.600000
1986-10-28,239.260000,528.601428,4.035486,409.550000
1986-10-29,240.940000,532.385948,4.049593,407.750000
1986-10-30,243.710000,538.579984,4.083180,404.000000
1986-10-31,243.980000,539.250905,4.074565,401.500000
1986-11-03,245.800000,543.345660,4.092050,400.300000
1986-11-04,246.200000,544.302560,4.086687,408.500000
1986-11-05,246.580000,545.215490,4.110758,410.250000
1986-11-06,245.870000,543.718544,4.085630,405.000000
1986-11-07,245.770000,543.570146,4.060668,408.300000
1986-11-10,246.130000,544.439081,4.068358,409.900000
1986-11-12,246.640000,545.640038,4.079313,407.450000
1986-11-13,243.020000,537.704535,4.087030,406.850000
1986-11-14,244.500000,541.051111,4.101297,409.000000
1986-11-17,243.210000,538.268871,4.125451,393.250000
1986-11-18,236.780000,524.110101,4.110131,388.000000
1986-11-19,237.660000,526.128090,4.137622,391.500000
1986-11-20,242.050000,535.916994,4.138802,387.000000
1986-11-21,245.860000,544.424320,4.146605,389.500000
1986-11-24,247.450000,548.018001,4.167689,380.400000
1986-11-25,248.170000,549.685874,4.155528,380.750000
1986-11-26,248.770000,551.088389,4.156707,384.000000
1986-11-28,249.220000,552.158980,4.157887,390.000000
1986-12-01,249.050000,551.855315,4.149087,399.600000
1986-12-02,254.000000,562.896668,4.183462,394.300000
1986-12-03,253.850000,562.638647,4.191331,385.250000
1986-12-04,253.040000,560.917708,4.209271,391.200000
1986-12-05,251.170000,556.846586,4.173400,388.600000
1986-12-08,251.160000,556.898013,4.181257,390.500000
1986-12-09,249.280000,552.803087,4.192470,389.200000
1986-12-10,250.960000,556.601716,4.200354,387.250000
1986-12-11,248.170000,550.487368,4.178007,388.750000
1986-12-12,247.350000,548.741212,4.175845,389.700000
1986-12-15,248.210000,550.721632,4.170345,394.600000
1986-12-16,250.040000,554.854775,4.181537,393.700000
1986-12-17,247.560000,549.424831,4.182719,393.400000
1986-12-18,246.780000,547.766346,4.187247,392.500000
1986-12-19,249.730000,554.386725,4.191778,394.150000
1986-12-22,248.750000,552.284452,4.192959,395.350000
1986-12-23,246.340000,547.006671,4.200849,392.750000
1986-12-24,246.750000,547.989387,4.205390,391.000000
1986-12-29,244.670000,543.442491,4.174123,391.400000
1986-12-30,243.370000,540.626856,4.155275,389.400000
1986-12-31,242.170000,538.032606,4.156467,390.900000
1987-01-02,246.450000,547.608542,4.174286,402.400000
1987-01-05,252.190000,560.430934,4.208869,399.000000
1987-01-06,252.780000,561.811853,4.210052,401.700000
1987-01-07,255.330000,567.549270,4.221339,399.500000
1987-01-08,257.280000,571.954417,4.225897,401.600000
1987-01-09,258.730000,575.249107,4.237219,402.250000
1987-01-12,260.300000,578.811409,4.224839,409.900000
1987-01-13,259.950000,578.105214,4.209122,408.600000
1987-01-14,262.640000,584.159518,4.206940,414.400000
1987-01-15,265.490000,590.571182,4.218224,415.000000
1987-01-16,266.280000,592.402043,4.236282,414.500000
1987-01-20,269.040000,598.616076,4.244242,417.400000
1987-01-21,267.840000,596.020609,4.245422,408.500000
1987-01-22,273.910000,609.602313,4.239811,410.600000
1987-01-23,270.100000,601.198851,4.230818,403.550000
1987-01-26,269.610000,600.183054,4.194772,405.350000
1987-01-27,273.750000,609.473910,4.199321,408.700000
1987-01-28,275.400000,613.223345,4.210593,416.500000
1987-01-29,274.240000,610.716776,4.211784,411.000000
1987-01-30,274.080000,610.436513,4.196129,407.300000
1987-02-02,276.450000,615.786774,4.180540,406.450000
1987-02-03,275.990000,614.834510,4.175050,402.000000
1987-02-04,279.640000,623.038033,4.182932,401.750000
1987-02-05,281.160000,626.497823,4.194171,402.600000
1987-02-06,280.040000,624.075807,4.198724,402.700000
1987-02-09,278.160000,619.959534,4.179768,402.950000
1987-02-10,275.070000,613.145448,4.154220,404.400000
1987-02-11,277.540000,618.723274,4.142135,402.900000
1987-02-12,275.620000,614.515717,4.163229,402.000000
1987-02-13,279.700000,623.684615,4.174428,395.550000
1987-02-17,285.490000,636.668660,4.158937,396.850000
1987-02-18,285.420000,636.587385,4.170128,392.950000
1987-02-19,285.570000,636.996760,4.194689,392.600000
1987-02-20,285.480000,636.870875,4.192536,397.500000
1987-02-23,282.380000,630.030010,4.197095,403.000000
1987-02-24,282.880000,631.219633,4.215087,401.950000
1987-02-25,284.000000,633.792997,4.206172,406.700000
1987-02-26,282.960000,631.546558,4.207376,403.100000
1987-02-27,284.200000,634.388379,4.215311,405.750000
1987-03-02,283.000000,631.781530,4.223258,404.400000
1987-03-03,284.120000,634.353350,4.210945,403.700000
1987-03-04,288.620000,644.472253,4.235732,407.650000
1987-03-05,290.520000,648.787766,4.230155,411.450000
1987-03-06,290.660000,649.173821,4.207668,406.500000
1987-03-09,288.300000,643.976337,4.208875,404.850000
1987-03-10,290.860000,649.767478,4.210082,405.000000
1987-03-11,290.310000,648.612322,4.211290,406.850000
1987-03-12,291.220000,650.718838,4.215867,408.000000
1987-03-13,289.890000,647.820635,4.227193,409.250000
1987-03-16,288.230000,644.184312,4.218254,404.650000
1987-03-17,292.470000,653.733455,4.226212,406.000000
1987-03-18,292.780000,654.500339,4.224039,406.400000
1987-03-19,294.080000,657.480502,4.225247,405.050000
1987-03-20,298.170000,666.698988,4.223076,405.000000
1987-03-23,301.160000,673.459971,4.214150,406.600000
1987-03-24,301.640000,674.609556,4.208620,410.300000
1987-03-25,300.380000,671.867930,4.213201,415.000000
1987-03-26,300.930000,673.174149,4.221156,411.300000
1987-03-27,296.130000,662.512815,4.191977,415.900000
1987-03-30,289.200000,647.083728,4.122771,421.800000
1987-03-31,291.700000,652.750682,4.133899,419.000000
1987-04-01,292.380000,654.347560,4.108674,418.500000
1987-04-02,293.630000,657.220459,4.109911,420.250000
1987-04-03,300.410000,672.471591,4.111149,418.650000
1987-04-06,301.950000,675.996383,4.128832,420.550000
1987-04-07,296.690000,664.298346,4.103643,419.800000
1987-04-08,297.260000,665.651135,4.108167,423.200000
1987-04-09,292.860000,655.874959,4.053536,421.500000
1987-04-10,292.490000,655.121895,3.989931,432.300000
1987-04-13,285.620000,639.809887,3.962467,436.500000
1987-04-14,279.160000,625.412729,3.897167,440.250000
1987-04-15,284.440000,637.313774,3.954566,445.500000
1987-04-16,286.910000,642.921466,3.977983,441.000000
1987-04-21,293.070000,656.799163,3.929567,454.300000
1987-04-22,287.190000,643.697172,3.915126,446.800000
1987-04-23,286.820000,642.942034,3.869425,453.000000
1987-04-24,281.520000,631.135518,3.845949,462.600000
1987-04-27,281.830000,631.903222,3.878009,476.600000
1987-04-28,282.510000,633.500688,3.907219,455.750000
1987-04-29,284.570000,638.193026,3.886622,451.750000
1987-04-30,288.360000,646.766231,3.931440,454.500000
1987-05-01,288.030000,646.101175,3.876108,452.150000
1987-05-05,295.340000,662.573799,3.859872,464.500000
1987-05-06,295.470000,662.942385,3.833375,456.750000
1987-05-07,294.710000,661.314166,3.846941,457.400000
1987-05-08,293.370000,658.384069,3.869782,456.700000
1987-05-11,291.570000,654.420944,3.827735,454.750000
1987-05-12,293.300000,658.379876,3.835161,460.250000
1987-05-13,293.980000,659.982747,3.836462,459.500000
1987-05-14,294.240000,660.643085,3.831625,460.000000
1987-05-15,287.430000,645.429632,3.762426,466.700000
1987-05-18,286.650000,643.753077,3.784810,476.500000
1987-05-19,279.620000,628.039992,3.737676,471.350000
1987-05-20,278.210000,624.945995,3.730024,479.950000
1987-05-21,280.170000,629.421334,3.746264,468.600000
1987-05-22,282.160000,633.965098,3.774556,473.600000
1987-05-26,289.110000,649.654174,3.845323,459.650000
1987-05-27,288.730000,648.875723,3.831246,447.900000
1987-05-28,290.760000,653.513182,3.844814,453.350000
1987-05-29,290.100000,652.105652,3.867651,451.750000
1987-06-01,289.830000,651.571878,3.881330,443.400000
1987-06-02,288.460000,648.565048,3.798795,449.300000
1987-06-03,293.470000,659.902138,3.824422,453.250000
1987-06-04,295.090000,663.618925,3.844090,450.250000
1987-06-05,293.450000,660.005220,3.870001,454.700000
1987-06-08,296.720000,667.433889,3.862018,454.400000
1987-06-09,297.280000,668.768407,3.854057,452.050000
1987-06-10,297.470000,669.270855,3.855366,456.650000
1987-06-11,298.730000,672.180775,3.869013,456.400000
1987-06-12,301.620000,678.759047,3.932225,460.800000
1987-06-15,303.140000,682.255762,3.946106,450.350000
1987-06-16,304.760000,685.978313,3.947403,452.750000
1987-06-17,304.810000,686.167807,3.964490,448.250000
1987-06-18,305.690000,688.225775,3.953098,451.100000
1987-06-19,306.970000,691.184749,3.944908,452.250000
1987-06-22,309.650000,697.296667,3.968299,443.600000
1987-06-23,308.430000,694.627585,3.969595,438.100000
1987-06-24,306.860000,691.169645,3.945486,443.000000
1987-06-25,308.960000,695.977204,3.965725,439.000000
1987-06-26,307.160000,692.000514,3.928952,441.400000
1987-06-29,307.900000,693.745285,3.939687,446.000000
1987-06-30,304.000000,685.035816,3.928384,447.100000
1987-07-01,302.940000,682.722301,3.935976,449.500000
1987-07-02,305.630000,688.859477,3.956174,447.400000
1987-07-06,304.920000,687.334724,3.960642,443.100000
1987-07-07,307.400000,693.000359,3.965113,444.800000
1987-07-08,308.290000,695.082739,3.953728,442.150000
1987-07-09,307.520000,693.422865,3.939218,445.300000
1987-07-10,308.370000,695.415536,3.956284,444.250000
1987-07-13,307.630000,693.822972,3.938600,443.700000
1987-07-14,310.680000,700.777946,3.955664,447.150000
1987-07-15,310.420000,700.268306,3.925326,448.250000
1987-07-16,312.700000,705.488465,3.932920,452.900000
1987-07-17,314.590000,709.829869,3.949964,452.500000
1987-07-20,311.390000,702.687316,3.935474,449.650000
1987-07-21,308.550000,696.355562,3.911601,452.500000
1987-07-22,308.470000,696.251351,3.897272,454.450000
1987-07-23,307.810000,694.837983,3.892357,454.750000
1987-07-24,309.270000,698.209901,3.887452,454.000000
1987-07-27,310.650000,701.401938,3.882555,453.100000
1987-07-28,312.330000,705.272022,3.877668,454.200000
1987-07-29,315.650000,712.846226,3.882097,459.500000
1987-07-30,318.050000,718.344397,3.883423,457.200000
1987-07-31,318.660000,719.800885,3.869216,464.250000
1987-08-03,317.570000,717.413443,3.824115,473.250000
1987-08-04,316.230000,714.460728,3.825452,476.000000
1987-08-05,318.450000,719.550525,3.857393,469.850000
1987-08-06,322.090000,727.849915,3.852555,468.850000
1987-08-07,323.000000,729.981832,3.863135,464.000000
1987-08-10,328.000000,741.357606,3.852107,459.500000
1987-08-11,333.330000,753.481593,3.856525,463.200000
1987-08-12,332.390000,751.434938,3.860946,461.000000
1987-08-13,334.650000,756.622098,3.890081,462.000000
1987-08-14,333.990000,755.208391,3.906973,457.400000
1987-08-17,334.110000,755.558095,3.914555,454.800000
1987-08-18,329.250000,744.646065,3.862647,454.900000
1987-08-19,329.830000,746.035086,3.851624,457.650000
1987-08-20,334.840000,757.444504,3.862209,457.400000
1987-08-21,335.900000,759.920935,3.854279,454.100000
1987-08-24,333.330000,754.185567,3.852537,455.800000
1987-08-25,336.770000,762.047097,3.869289,458.500000
1987-08-26,334.570000,757.147984,3.852057,457.400000
1987-08-27,331.380000,750.007426,3.813339,458.250000
1987-08-28,327.040000,740.262592,3.784182,455.900000
1987-09-01,323.400000,732.103190,3.777779,453.100000
1987-09-02,321.680000,728.288447,3.709625,456.550000
1987-09-03,320.210000,725.038875,3.708023,462.150000
1987-09-04,316.700000,717.169501,3.706424,464.400000
1987-09-08,313.560000,710.136279,3.648489,462.750000
1987-09-09,313.920000,711.028164,3.655702,458.000000
1987-09-10,317.130000,718.375477,3.674624,461.000000
1987-09-11,321.980000,729.439351,3.702455,460.900000
1987-09-14,323.080000,732.010034,3.700864,456.600000
1987-09-15,317.740000,719.990001,3.672629,458.350000
1987-09-16,314.860000,713.541637,3.650500,458.500000
1987-09-17,314.930000,713.777213,3.663560,458.800000
1987-09-18,314.860000,713.695526,3.694247,461.350000
1987-09-21,310.540000,703.980307,3.674934,458.850000
1987-09-22,319.500000,724.368136,3.699832,463.150000
1987-09-23,321.190000,728.277800,3.692328,461.050000
1987-09-24,319.720000,725.023198,3.661213,463.850000
1987-09-25,320.160000,726.099157,3.656737,461.000000
1987-09-28,323.200000,733.071946,3.661045,460.900000
1987-09-29,321.690000,729.726058,3.627282,458.900000
1987-09-30,321.830000,730.122322,3.631571,459.150000
1987-10-01,327.330000,742.690006,3.624244,454.100000
1987-10-02,328.070000,744.460629,3.643029,455.000000
1987-10-05,328.080000,744.575153,3.618187,455.150000
1987-10-06,319.220000,724.559293,3.610895,456.850000
1987-10-07,318.540000,723.105219,3.615176,458.550000
1987-10-08,314.160000,713.251549,3.573187,458.250000
1987-10-09,311.070000,706.324165,3.551717,461.750000
1987-10-13,314.520000,714.244958,3.564483,459.650000
1987-10-14,305.230000,693.236357,3.500297,459.450000
1987-10-15,298.080000,677.082837,3.487703,461.750000
1987-10-16,282.700000,642.230991,3.475161,464.250000
1987-10-19,224.840000,510.865270,3.498813,479.500000
1987-10-20,236.830000,538.171102,3.710151,481.600000
1987-10-21,258.380000,587.207581,3.741216,466.650000
1987-10-22,248.250000,564.258059,3.841365,469.800000
1987-10-23,248.220000,564.259474,3.839659,472.650000
1987-10-26,227.670000,517.614339,3.896318,474.850000
1987-10-27,233.190000,530.228068,3.860274,473.450000
1987-10-28,233.280000,530.498116,3.833847,479.650000
1987-10-29,244.770000,556.692769,3.872023,474.050000
1987-10-30,251.790000,572.727380,3.876486,468.000000
1987-11-02,255.750000,581.816149,3.846840,469.950000
1987-11-03,250.820000,570.683241,3.869753,470.100000
1987-11-04,248.960000,566.532211,3.889696,467.000000
1987-11-05,254.480000,579.173879,3.931515,459.700000
1987-11-06,250.410000,569.993097,3.920295,458.600000
1987-11-09,243.170000,553.593998,3.915385,463.500000
1987-11-10,239.000000,544.179240,3.913617,458.750000
1987-11-12,248.520000,565.932544,3.911851,463.000000
1987-11-13,245.640000,559.454473,3.900699,464.200000
1987-11-16,246.760000,562.084695,3.908309,461.750000
1987-11-17,243.040000,553.690808,3.897170,463.550000
1987-11-18,245.550000,559.487620,3.901658,464.200000
1987-11-19,240.050000,547.035209,3.909271,465.800000
1987-11-20,242.000000,551.556561,3.923150,466.250000
1987-11-23,242.990000,553.891187,3.921380,468.250000
1987-11-24,246.390000,561.720012,3.894516,476.950000
1987-11-25,244.100000,556.578969,3.867849,478.750000
1987-11-27,240.340000,548.084663,3.829002,477.800000
1987-11-30,230.300000,525.266655,3.867144,493.900000
1987-12-01,232.000000,529.220201,3.862337,486.900000
1987-12-02,233.450000,532.604597,3.863718,490.000000
1987-12-03,225.210000,513.882708,3.886736,488.950000
1987-12-04,223.920000,511.013740,3.888115,485.750000
1987-12-07,228.760000,522.133361,3.849058,480.900000
1987-12-08,234.910000,536.246173,3.844284,483.000000
1987-12-09,238.890000,545.409399,3.857973,485.300000
1987-12-10,233.570000,533.342434,3.803804,484.500000
1987-12-11,235.320000,537.415818,3.789982,495.000000
1987-12-14,242.190000,553.183250,3.806537,502.750000
1987-12-15,242.810000,554.679631,3.850565,493.700000
1987-12-16,248.080000,566.798980,3.879678,487.050000
1987-12-17,242.980000,555.229014,3.871752,487.750000
1987-12-18,249.160000,569.431359,3.916503,484.550000
1987-12-21,249.540000,570.382416,3.921018,481.000000
1987-12-22,249.950000,571.402309,3.900442,481.600000
1987-12-23,253.160000,578.823472,3.939271,483.250000
1987-12-24,252.030000,576.323813,3.943803,483.750000
1987-12-29,244.590000,559.394168,3.936891,489.550000
1987-12-30,247.860000,566.954031,3.960320,486.900000
1987-12-31,247.080000,565.252106,3.945858,486.500000
1988-01-04,255.940000,585.600692,3.947241,484.100000
1988-01-05,258.630000,591.837677,3.970729,477.300000
1988-01-06,258.890000,592.515685,3.953050,481.600000
1988-01-07,261.070000,597.588133,3.951271,483.950000
1988-01-08,243.400000,557.225420,3.908401,479.500000
1988-01-11,247.490000,566.667001,3.919172,485.300000
1988-01-12,245.420000,562.006917,3.923698,482.050000
1988-01-13,245.810000,562.978859,3.943922,481.400000
1988-01-14,245.880000,563.218167,3.948466,480.900000
1988-01-15,252.050000,577.430326,4.031982,484.800000
1988-01-19,249.320000,571.257086,4.017230,476.750000
1988-01-20,242.630000,556.008701,4.031464,477.750000
1988-01-21,243.140000,557.255421,4.058643,476.500000
1988-01-22,246.500000,565.034428,4.073004,477.850000
1988-01-25,252.170000,578.110642,4.087410,476.500000
1988-01-26,249.570000,572.231139,4.059351,471.400000
1988-01-27,249.380000,571.875779,4.112687,469.400000
1988-01-28,253.290000,580.922387,4.130505,467.000000
1988-01-29,257.070000,589.673348,4.155001,465.250000
1988-02-01,255.040000,585.097604,4.156363,454.650000
1988-02-02,255.570000,586.393591,4.184326,455.150000
1988-02-03,252.210000,578.764496,4.175642,447.100000
1988-02-04,252.210000,578.843722,4.166981,437.600000
1988-02-05,250.960000,576.054100,4.208347,444.150000
1988-02-08,249.100000,571.863507,4.186136,443.050000
1988-02-09,251.720000,577.956571,4.197543,439.250000
1988-02-10,256.660000,589.378072,4.215692,443.800000
1988-02-11,255.950000,587.828351,4.200186,440.200000
1988-02-12,257.630000,591.767194,4.161225,440.300000
1988-02-16,259.830000,596.901524,4.152605,444.250000
1988-02-17,259.210000,595.558920,4.150652,444.400000
1988-02-18,257.910000,592.653575,4.165305,446.250000
1988-02-19,261.610000,601.236963,4.173338,443.450000
1988-02-22,265.640000,610.581086,4.181383,445.100000
1988-02-23,265.020000,609.239579,4.206166,443.950000
1988-02-24,264.430000,607.966659,4.204165,438.000000
1988-02-25,261.580000,601.497278,4.188713,433.950000
1988-02-26,262.460000,603.603156,4.206836,432.650000
1988-02-29,267.820000,616.012661,4.214932,423.750000
1988-03-01,267.220000,614.714943,4.219669,429.150000
1988-03-02,267.980000,616.545422,4.227785,431.550000
1988-03-03,267.880000,616.397763,4.232531,429.150000
1988-03-04,267.300000,615.145564,4.179719,430.750000
1988-03-07,267.380000,615.411896,4.174404,436.000000
1988-03-08,269.430000,620.212515,4.165761,435.700000
1988-03-09,269.060000,619.443699,4.170470,436.100000
1988-03-10,263.840000,607.508749,4.161838,437.250000
1988-03-11,264.940000,610.122775,4.183194,444.100000
1988-03-14,266.370000,613.497436,4.184570,441.900000
1988-03-15,266.130000,613.026679,4.182599,442.250000
1988-03-16,268.650000,618.913406,4.163900,447.150000
1988-03-17,271.220000,624.916878,4.185268,445.350000
1988-03-18,271.120000,624.770001,4.149816,442.800000
1988-03-21,268.740000,619.369032,4.131282,446.500000
1988-03-22,268.840000,619.682294,4.135976,449.400000
1988-03-23,268.910000,619.926478,4.134056,450.000000
1988-03-24,263.350000,607.191704,4.122216,453.900000
1988-03-25,258.510000,596.113543,4.136799,451.500000
1988-03-28,258.060000,595.155543,4.101786,453.100000
1988-03-29,260.070000,599.870696,4.109745,454.700000
1988-03-30,258.070000,595.337732,4.107853,454.000000
1988-03-31,258.890000,597.308956,4.109250,458.000000
1988-04-05,258.510000,596.513850,4.079150,456.000000
1988-04-06,265.490000,612.701772,4.100133,450.800000
1988-04-07,266.160000,614.331739,4.104814,446.250000
1988-04-08,269.430000,621.963275,4.132486,448.600000
1988-04-11,270.160000,623.733433,4.110741,450.150000
1988-04-12,271.370000,626.612265,4.118719,450.200000
1988-04-13,271.580000,627.182801,4.123415,448.500000
1988-04-14,259.750000,599.948484,4.088529,447.000000
1988-04-15,259.770000,600.076666,4.067040,453.850000
1988-04-18,259.210000,598.865054,4.045676,457.550000
1988-04-19,257.920000,595.966545,4.047090,456.550000
1988-04-20,256.130000,591.911900,4.042029,458.000000
1988-04-21,256.420000,592.662974,4.046679,454.000000
1988-04-22,260.140000,601.341993,4.061045,453.150000
1988-04-25,262.510000,606.902684,4.062460,449.750000
1988-04-26,263.930000,610.268552,4.057375,448.250000
1988-04-27,263.800000,610.051359,4.058792,449.100000
1988-04-28,262.610000,607.382789,4.040727,452.150000
1988-04-29,261.330000,604.505319,4.038916,449.750000
1988-05-03,263.000000,608.453923,4.035215,444.300000
1988-05-04,260.320000,602.339849,4.033411,441.950000
1988-05-05,258.790000,598.884942,4.028382,445.350000
1988-05-06,257.480000,595.938160,4.000803,445.950000
1988-05-09,256.540000,593.846896,3.995833,443.600000
1988-05-10,257.620000,596.430986,3.984478,447.100000
1988-05-11,253.310000,586.537093,3.992287,449.350000
1988-05-12,253.850000,587.870496,3.996915,448.650000
1988-05-13,256.780000,594.739070,4.011139,451.050000
1988-05-16,258.710000,599.293423,4.009362,453.400000
1988-05-17,255.390000,591.687593,3.975513,453.150000
1988-05-18,251.350000,582.411487,3.954689,452.700000
1988-05-19,252.570000,585.320843,3.959295,456.650000
1988-05-20,253.020000,586.446565,3.948068,456.500000
1988-05-23,250.830000,581.453635,3.946354,460.250000
1988-05-24,253.510000,587.748510,3.950956,458.600000
1988-05-25,253.760000,588.411330,3.958723,458.350000
1988-05-26,254.630000,590.511963,3.957002,453.000000
1988-05-27,253.420000,587.789454,3.948951,452.500000
1988-05-31,262.160000,608.144470,3.963036,454.000000
1988-06-01,266.690000,618.735202,4.018380,457.000000
1988-06-02,265.330000,615.663646,4.006961,454.600000
1988-06-03,266.450000,618.345762,4.040459,464.850000
1988-06-06,267.050000,619.821837,4.041897,464.100000
1988-06-07,265.170000,615.542230,4.027168,463.400000
1988-06-08,271.520000,630.365845,4.060827,458.750000
1988-06-09,270.200000,627.386600,4.049270,455.000000
1988-06-10,271.260000,629.932739,4.063667,457.100000
1988-06-13,271.430000,630.412754,4.068356,450.500000
1988-06-14,274.300000,637.163802,4.141398,450.800000
1988-06-15,274.450000,637.598444,4.136200,450.300000
1988-06-16,269.770000,626.812203,4.078068,452.650000
1988-06-17,270.680000,629.011404,4.037095,449.800000
1988-06-20,268.940000,625.053066,4.038540,453.900000
1988-06-21,271.670000,631.482530,4.036755,451.700000
1988-06-22,275.660000,640.842516,4.080183,449.800000
1988-06-23,274.820000,638.976429,4.088153,447.600000
1988-06-24,273.780000,636.644810,4.099405,447.000000
1988-06-27,269.060000,625.755118,4.071329,442.000000
1988-06-28,272.310000,633.398338,4.095573,443.850000
1988-06-29,270.980000,630.390434,4.093738,434.900000
1988-06-30,273.500000,636.338095,4.114830,436.850000
1988-07-01,271.780000,632.423592,4.132730,436.500000
1988-07-05,275.810000,641.888070,4.117637,437.400000
1988-07-06,272.020000,633.155758,4.089431,438.100000
1988-07-07,271.780000,632.684027,4.077791,439.150000
1988-07-08,270.020000,628.673705,4.049879,438.900000
1988-07-11,270.550000,629.993955,4.057812,439.650000
1988-07-12,267.850000,623.793283,4.039787,434.500000
1988-07-13,269.320000,627.302361,4.028315,436.200000
1988-07-14,270.260000,629.577908,4.029773,439.050000
1988-07-15,272.050000,633.834164,4.044126,438.100000
1988-07-18,270.510000,630.333191,4.022937,437.650000
1988-07-19,268.470000,625.666159,4.040489,437.250000
1988-07-20,270.000000,629.317672,4.038716,445.000000
1988-07-21,266.660000,621.619147,4.024021,443.200000
1988-07-22,263.500000,614.338087,4.041580,443.200000
1988-07-25,264.680000,617.173514,4.055974,442.200000
1988-07-26,265.190000,618.447419,4.050944,430.150000
1988-07-27,262.500000,612.258968,4.036201,431.700000
1988-07-28,266.020000,620.553095,4.031207,428.750000
1988-07-29,272.020000,634.634645,4.045573,432.700000
1988-08-01,272.210000,635.167537,4.063219,436.400000
1988-08-02,272.060000,634.907219,4.087436,432.900000
1988-08-03,272.980000,637.143877,4.075816,431.250000
1988-08-04,271.930000,634.783111,4.093581,433.400000
1988-08-05,271.150000,633.051942,4.052468,431.450000
1988-08-08,269.980000,630.409741,4.053935,431.850000
1988-08-09,266.490000,622.349524,4.029457,428.250000
1988-08-10,261.900000,611.718109,3.998692,426.950000
1988-08-11,262.750000,613.789826,3.984173,429.000000
1988-08-12,262.550000,613.409291,3.982464,428.400000
1988-08-15,258.690000,604.477587,3.980757,431.150000
1988-08-16,260.560000,608.932546,3.988606,432.000000
1988-08-17,260.770000,609.509303,3.980514,429.000000
1988-08-18,261.030000,610.203077,3.991549,430.200000
1988-08-19,260.240000,608.442478,3.993030,432.400000
1988-08-22,256.980000,600.906495,3.988122,429.700000
1988-08-23,257.090000,601.248563,4.005558,432.700000
1988-08-24,261.130000,610.781686,4.000630,432.100000
1988-08-25,259.180000,606.306891,3.979709,434.800000
1988-08-26,259.680000,607.562168,3.990747,433.750000
1988-08-30,262.510000,614.269188,4.028898,429.400000
1988-08-31,261.520000,612.039341,4.036827,426.350000
1988-09-01,258.350000,604.706271,4.038308,430.300000
1988-09-02,264.480000,619.139143,4.120557,428.950000
1988-09-06,265.590000,621.824342,4.125325,427.650000
1988-09-07,265.870000,622.567005,4.126797,427.000000
1988-09-08,265.880000,622.677627,4.128269,428.000000
1988-09-09,266.840000,625.013119,4.149557,428.900000
1988-09-12,266.470000,624.234025,4.137749,418.000000
1988-09-13,267.430000,626.570364,4.149153,420.800000
1988-09-14,269.310000,631.062843,4.170541,421.900000
1988-09-15,268.130000,628.386193,4.162001,421.500000
1988-09-16,270.650000,634.380055,4.156813,417.300000
1988-09-19,268.820000,630.179554,4.144984,409.000000
1988-09-20,269.730000,632.401087,4.146460,410.400000
1988-09-21,270.160000,633.497835,4.161205,401.600000
1988-09-22,269.180000,631.288570,4.156021,399.600000
1988-09-23,269.760000,632.737230,4.150848,399.300000
1988-09-26,268.880000,630.761770,4.142363,389.050000
1988-09-27,268.260000,629.395674,4.130587,397.000000
1988-09-28,269.080000,631.407732,4.125460,397.650000
1988-09-29,272.590000,639.732540,4.153346,398.600000
1988-09-30,271.910000,638.226280,4.191375,396.150000
1988-10-03,271.380000,637.069457,4.202910,394.200000
1988-10-04,270.620000,635.372376,4.194297,397.350000
1988-10-05,271.860000,638.370498,4.195774,397.250000
1988-10-06,272.390000,639.702233,4.197251,403.000000
1988-10-07,278.070000,653.128987,4.255810,404.250000
1988-10-11,277.930000,652.889383,4.240257,408.000000
1988-10-12,273.980000,643.699574,4.211199,404.700000
1988-10-13,275.220000,646.700819,4.212676,408.600000
1988-10-14,275.500000,647.447100,4.224264,406.500000
1988-10-17,276.410000,649.674124,4.232500,411.150000
1988-10-18,279.380000,656.743567,4.237362,413.050000
1988-10-19,276.970000,651.168057,4.225279,410.800000
1988-10-20,282.880000,665.151674,4.236899,411.400000
1988-10-21,283.660000,667.076601,4.224819,410.550000
1988-10-24,282.280000,663.922419,4.226299,406.300000
1988-10-25,282.380000,664.248321,4.227780,406.600000
1988-10-26,281.380000,661.986746,4.242790,407.500000
1988-10-27,277.280000,652.431345,4.268030,407.150000
1988-10-28,278.530000,655.461689,4.279750,407.300000
1988-10-31,278.970000,656.586681,4.294921,412.300000
1988-11-01,279.060000,656.891189,4.286087,411.000000
1988-11-02,279.060000,656.983915,4.270419,412.500000
1988-11-03,279.200000,657.406252,4.285564,422.900000
1988-11-04,276.310000,650.694237,4.232187,419.500000
1988-11-07,273.930000,645.181324,4.213358,422.000000
1988-11-08,275.150000,648.145836,4.214848,421.850000
1988-11-09,273.330000,643.950119,4.216338,419.500000
1988-11-10,273.690000,644.889158,4.221202,422.250000
1988-11-14,267.720000,630.913222,4.219316,420.650000
1988-11-15,268.340000,632.463383,4.217432,422.800000
1988-11-16,263.820000,621.899256,4.191934,422.600000
1988-11-17,264.600000,623.825726,4.173310,423.300000
1988-11-18,266.470000,628.322530,4.178149,419.750000
1988-11-21,266.220000,627.821736,4.182992,416.600000
1988-11-22,267.210000,630.245057,4.167760,416.100000
1988-11-23,269.000000,634.555940,4.172598,417.950000
1988-11-25,267.230000,630.470182,4.144059,422.600000
1988-11-28,268.640000,633.885762,4.148882,421.400000
1988-11-29,270.910000,639.331556,4.160347,422.100000
1988-11-30,273.700000,646.006038,4.185152,421.300000
1988-12-01,272.490000,643.240506,4.203398,425.500000
1988-12-02,271.810000,641.725304,4.147734,423.800000
1988-12-05,274.930000,649.181213,4.165836,430.400000
1988-12-06,277.590000,655.553004,4.227334,429.000000
1988-12-07,278.130000,656.919992,4.211926,425.350000
1988-12-08,276.590000,653.374562,4.206691,423.300000
1988-12-09,277.030000,654.505378,4.191370,422.200000
1988-12-12,276.520000,653.392047,4.189525,421.000000
1988-12-13,276.310000,652.987265,4.167573,420.050000
1988-12-14,275.310000,650.715395,4.155750,419.600000
1988-12-15,274.280000,648.371969,4.157266,421.400000
1988-12-16,276.290000,653.214145,4.165434,412.600000
1988-12-19,278.910000,659.499841,4.173614,413.650000
1988-12-20,277.470000,656.187156,4.198502,413.200000
1988-12-21,277.380000,656.066136,4.203373,413.850000
1988-12-22,276.870000,654.951674,4.204886,415.600000
1988-12-23,277.870000,657.408878,4.213127,417.550000
1988-12-28,277.080000,655.631818,4.162393,413.650000
1988-12-29,279.400000,661.213187,4.173904,413.100000
1988-12-30,277.720000,657.329912,4.188781,410.150000
1989-01-03,275.310000,651.715421,4.160141,413.600000
1989-01-04,279.430000,661.557233,4.164992,410.500000
1989-01-05,280.010000,663.020664,4.149856,408.000000
1989-01-06,280.670000,664.673909,4.158023,408.450000
1989-01-09,280.980000,665.498734,4.166202,404.450000
1989-01-10,280.380000,664.168444,4.164395,405.500000
1989-01-11,282.010000,668.120236,4.165922,403.500000
1989-01-12,283.170000,670.959597,4.200777,404.850000
1989-01-13,283.870000,672.709768,4.229185,403.500000
1989-01-17,283.550000,672.043227,4.230706,402.100000
1989-01-18,286.530000,679.197838,4.255919,402.850000
1989-01-19,286.910000,680.191273,4.254032,402.300000
1989-01-20,286.630000,679.620273,4.245342,404.500000
1989-01-23,284.500000,674.662622,4.257052,407.750000
1989-01-24,288.490000,684.216554,4.282412,407.800000
1989-01-25,289.140000,685.851529,4.263374,404.750000
1989-01-26,291.690000,691.993812,4.264895,406.000000
1989-01-27,293.820000,697.141359,4.280064,402.050000
1989-01-30,294.990000,700.012519,4.264464,394.300000
1989-01-31,297.470000,705.993084,4.262575,394.850000
1989-02-01,297.090000,705.185527,4.270919,392.000000
1989-02-02,296.840000,704.686315,4.275860,392.700000
1989-02-03,296.970000,705.089062,4.267121,390.850000
1989-02-06,296.040000,702.975170,4.268647,390.250000
1989-02-07,299.630000,711.593870,4.287248,391.450000
1989-02-08,298.650000,709.361514,4.292202,390.400000
1989-02-09,296.060000,703.304433,4.231919,394.100000
1989-02-10,292.020000,693.801171,4.213139,393.800000
1989-02-13,292.540000,695.129300,4.211305,386.700000
1989-02-14,291.810000,693.487540,4.202735,385.650000
1989-02-15,294.240000,699.355080,4.207636,381.700000
1989-02-16,294.810000,700.803286,4.212542,384.250000
1989-02-17,296.760000,705.532314,4.217452,378.950000
1989-02-21,295.980000,703.772147,4.212243,382.750000
1989-02-22,290.910000,691.810867,4.190196,386.000000
1989-02-23,292.050000,694.614304,4.168276,389.000000
1989-02-24,287.130000,683.005319,4.163155,389.250000
1989-02-27,287.820000,684.737880,4.171365,390.750000
1989-02-28,288.860000,687.303558,4.186263,386.750000
1989-03-01,287.110000,683.232942,4.174415,386.100000
1989-03-02,289.950000,690.083984,4.192663,384.100000
1989-03-03,291.180000,693.105048,4.194212,386.500000
1989-03-06,294.810000,701.839714,4.212539,388.400000
1989-03-07,293.870000,699.697149,4.214087,386.300000
1989-03-08,294.080000,700.292109,4.225749,393.100000
1989-03-09,293.930000,700.029951,4.223916,392.500000
1989-03-10,292.880000,697.624249,4.191674,397.000000
1989-03-13,295.320000,703.530871,4.189874,393.100000
1989-03-14,295.140000,703.197539,4.201484,394.300000
1989-03-15,296.670000,706.938332,4.206399,394.450000
1989-03-16,299.440000,713.634935,4.211318,391.000000
1989-03-17,292.690000,697.644968,4.148860,389.250000
1989-03-20,289.920000,691.137176,4.137146,395.300000
1989-03-21,291.330000,694.592254,4.138711,394.100000
1989-03-22,290.490000,692.683779,4.166764,393.400000
1989-03-23,288.980000,689.177134,4.174993,396.000000
1989-03-28,291.590000,695.495150,4.184795,391.250000
1989-03-29,292.350000,697.402273,4.203096,383.300000
1989-03-30,292.520000,697.902453,4.211383,384.000000
1989-03-31,294.870000,703.603861,4.226420,382.300000
1989-04-03,296.390000,707.323970,4.258410,385.300000
1989-04-04,295.310000,704.840244,4.273593,386.600000
1989-04-05,296.240000,707.153276,4.275148,384.400000
1989-04-06,295.290000,704.979167,4.266444,384.200000
1989-04-07,297.160000,709.536973,4.244109,384.400000
1989-04-10,297.110000,709.511534,4.245670,381.600000
1989-04-11,298.490000,712.900978,4.247232,384.750000
1989-04-12,298.990000,714.189550,4.241999,384.150000
1989-04-13,296.400000,708.097449,4.226595,387.800000
1989-04-14,301.360000,720.040610,4.282262,388.550000
1989-04-17,301.720000,720.996097,4.276970,385.150000
1989-04-18,306.020000,731.366928,4.326433,385.250000
1989-04-19,307.150000,734.164388,4.321067,382.900000
1989-04-20,306.190000,731.966960,4.281141,383.900000
1989-04-21,309.610000,740.239608,4.299829,385.250000
1989-04-24,308.690000,738.138013,4.301390,383.900000
1989-04-25,306.750000,733.596829,4.313275,385.850000
1989-04-26,306.930000,734.124435,4.318287,384.400000
1989-04-27,309.580000,740.559988,4.340576,384.750000
1989-04-28,309.640000,740.801572,4.352552,381.300000
1989-05-02,308.120000,737.260492,4.334589,376.900000
1989-05-03,308.160000,737.451208,4.343086,376.500000
1989-05-04,307.770000,736.612936,4.344647,378.200000
1989-05-05,307.610000,736.324915,4.370539,377.300000
1989-05-08,306.000000,732.565948,4.354616,377.150000
1989-05-09,305.190000,730.721202,4.317858,376.000000
1989-05-10,305.800000,732.275896,4.315971,378.100000
1989-05-11,306.950000,735.124076,4.338257,377.700000
1989-05-12,313.840000,751.719879,4.440471,379.650000
1989-05-15,316.160000,757.373687,4.438471,374.250000
1989-05-16,315.280000,755.363209,4.440024,374.400000
1989-05-17,317.480000,760.731414,4.448682,373.700000
1989-05-18,317.970000,762.003559,4.457354,371.000000
1989-05-19,321.240000,769.938188,4.483868,366.250000
1989-05-22,321.980000,771.811012,4.532050,359.250000
1989-05-23,318.320000,763.137165,4.526342,363.400000
1989-05-24,319.140000,765.201364,4.517023,362.500000
1989-05-25,319.170000,765.371900,4.504116,363.300000
1989-05-26,321.590000,771.273704,4.509269,367.200000
1989-05-30,319.050000,765.281375,4.518033,362.100000
1989-05-31,320.520000,768.905969,4.534040,363.500000
1989-06-01,321.970000,772.482170,4.531960,360.800000
1989-06-02,325.520000,781.097662,4.598769,362.700000
1989-06-05,322.030000,772.822572,4.626060,367.700000
1989-06-06,324.240000,778.224479,4.627595,365.000000
1989-06-07,326.950000,784.827817,4.662449,375.500000
1989-06-08,326.750000,784.447499,4.663979,374.600000
1989-06-09,326.690000,784.403177,4.710284,371.250000
1989-06-12,326.240000,783.422417,4.708039,358.500000
1989-06-13,323.910000,777.926823,4.675665,360.500000
1989-06-14,323.830000,777.833584,4.695899,361.600000
1989-06-15,320.080000,768.925037,4.648589,360.350000
1989-06-16,321.350000,772.073696,4.642688,365.750000
1989-06-19,321.890000,773.469248,4.636798,363.600000
1989-06-20,321.250000,772.029721,4.660595,366.500000
1989-06-21,320.480000,770.277398,4.639761,365.700000
1989-06-22,322.320000,774.797782,4.637590,370.400000
1989-06-23,328.000000,788.549951,4.687363,369.500000
1989-06-26,326.600000,785.284434,4.715147,375.300000
1989-06-27,328.440000,789.808402,4.743083,373.550000
1989-06-28,325.810000,783.584377,4.721842,373.750000
1989-06-29,319.680000,768.941128,4.742260,376.300000
1989-06-30,317.980000,764.949791,4.751376,371.150000
1989-07-03,319.230000,768.052189,4.756704,375.400000
1989-07-05,320.640000,771.540299,4.750621,378.400000
1989-07-06,321.550000,773.826138,4.763551,384.300000
1989-07-07,324.910000,782.008583,4.787944,383.600000
1989-07-10,327.070000,787.304828,4.800958,382.450000
1989-07-11,328.780000,791.519161,4.798640,381.350000
1989-07-12,329.810000,794.097469,4.800163,379.500000
1989-07-13,329.950000,794.533516,4.801687,377.100000
1989-07-14,331.840000,799.183732,4.787846,375.000000
1989-07-17,332.440000,800.728333,4.785543,370.900000
1989-07-18,331.350000,798.202704,4.756445,369.700000
1989-07-19,335.730000,808.853342,4.773200,371.500000
1989-07-20,333.510000,803.605636,4.805281,368.800000
1989-07-21,335.900000,809.464584,4.783743,372.250000
1989-07-24,333.670000,804.191523,4.792928,372.000000
1989-07-25,333.880000,804.797873,4.809797,372.800000
1989-07-26,338.050000,814.949706,4.807478,371.500000
1989-07-27,341.990000,824.549571,4.847468,374.300000
1989-07-28,342.150000,825.038095,4.868381,371.950000
1989-07-31,346.080000,834.617458,4.889375,369.100000
1989-08-01,343.750000,829.099136,4.922184,369.950000
1989-08-02,344.340000,830.622286,4.915821,369.900000
1989-08-03,344.740000,831.687469,4.901604,369.800000
1989-08-04,343.920000,829.809641,4.824695,371.550000
1989-08-07,349.410000,843.156104,4.814648,367.250000
1989-08-08,349.350000,843.113130,4.827737,366.200000
1989-08-09,346.940000,837.398698,4.809959,365.150000
1989-08-10,348.250000,840.661722,4.823039,366.400000
1989-08-11,344.740000,832.290231,4.797565,364.400000
1989-08-14,343.060000,828.334781,4.741534,363.000000
1989-08-15,344.710000,832.418807,4.754464,364.700000
1989-08-16,345.660000,834.813418,4.790246,367.600000
1989-08-17,344.450000,831.991916,4.768796,366.000000
1989-08-18,346.030000,835.908745,4.781789,366.300000
1989-08-21,340.670000,823.061466,4.764208,365.500000
1989-08-22,341.190000,824.417175,4.731456,366.000000
1989-08-23,344.700000,832.997934,4.748153,366.800000
1989-08-24,351.520000,849.579649,4.768701,363.600000
1989-08-25,350.520000,847.265362,4.766437,361.150000
1989-08-29,349.840000,845.723996,4.746668,360.000000
1989-08-30,350.650000,847.784259,4.755821,361.200000
1989-08-31,351.450000,849.820830,4.753573,359.600000
1989-09-01,353.730000,855.438154,4.781751,358.250000
1989-09-05,352.560000,852.713578,4.783305,358.100000
1989-09-06,349.240000,844.788257,4.792513,360.000000
1989-09-07,348.350000,842.738979,4.794067,359.200000
1989-09-08,348.760000,843.834184,4.807127,359.850000
1989-09-11,347.660000,841.276159,4.812526,358.100000
1989-09-12,348.700000,843.895918,4.814078,358.950000
1989-09-13,345.460000,836.158191,4.796375,358.800000
1989-09-14,343.160000,830.693740,4.817117,359.800000
1989-09-15,345.060000,835.394949,4.834086,359.650000
1989-09-18,346.730000,839.540462,4.831771,360.100000
1989-09-19,346.550000,839.207555,4.837189,360.650000
1989-09-20,346.470000,839.116714,4.815524,360.750000
1989-09-21,345.700000,837.354726,4.797819,362.950000
1989-09-22,347.050000,840.727357,4.791704,364.100000
1989-09-25,344.230000,833.998991,4.754933,368.750000
1989-09-26,344.330000,834.343520,4.764111,366.600000
1989-09-27,345.100000,836.311593,4.765680,369.300000
1989-09-28,348.600000,844.895988,4.767250,366.100000
1989-09-29,349.150000,846.332599,4.765006,369.000000
1989-10-02,350.870000,850.606220,4.778013,366.450000
1989-10-03,354.710000,860.020349,4.798695,365.000000
1989-10-04,356.940000,865.533212,4.804101,366.050000
1989-10-05,356.970000,865.712702,4.832571,366.900000
1989-10-06,358.780000,870.209025,4.880527,363.600000
1989-10-10,359.130000,871.165259,4.882082,362.300000
1989-10-11,356.990000,866.081559,4.868015,360.400000
1989-10-12,355.390000,862.306664,4.881257,362.550000
1989-10-13,333.650000,809.663786,4.949200,362.900000
1989-10-16,342.850000,832.089151,4.907193,366.450000
1989-10-17,341.160000,828.090179,4.900895,365.650000
1989-10-18,341.760000,829.648673,4.898530,368.100000
1989-10-19,347.130000,842.787079,4.919681,368.500000
1989-10-20,347.160000,842.963854,4.913364,366.700000
1989-10-23,344.830000,837.410177,4.938504,365.800000
1989-10-24,343.700000,834.769279,4.959810,366.400000
1989-10-25,342.500000,831.957701,4.965327,368.350000
1989-10-26,337.930000,820.959438,4.958931,368.450000
1989-10-27,335.060000,814.088373,4.936679,371.550000
1989-10-30,335.070000,814.213069,4.946133,378.500000
1989-10-31,340.360000,827.168073,4.947687,376.050000
1989-11-01,341.200000,829.314897,4.953201,373.600000
1989-11-02,338.480000,822.809378,4.970606,373.850000
1989-11-03,337.620000,820.823646,4.936369,378.850000
1989-11-06,332.610000,808.747891,4.922132,378.150000
1989-11-07,334.810000,814.200281,4.963072,385.500000
1989-11-08,338.150000,822.426327,4.976539,386.950000
1989-11-09,336.570000,818.688343,4.966150,387.400000
1989-11-10,339.100000,824.946745,4.959761,386.450000
1989-11-13,339.550000,826.146594,4.973223,389.050000
1989-11-14,337.990000,822.456279,4.982737,390.750000
1989-11-15,340.540000,828.766177,5.004224,390.500000
1989-11-16,340.580000,828.969121,5.005777,389.100000
1989-11-17,341.610000,831.581756,4.983303,393.850000
1989-11-20,339.350000,826.186190,4.992834,396.050000
1989-11-21,339.590000,826.875765,4.998386,400.300000
1989-11-22,341.910000,832.630144,5.015938,406.600000
1989-11-24,343.970000,837.752811,5.021505,415.800000
1989-11-27,345.610000,841.853839,5.002973,417.150000
1989-11-28,345.770000,842.350840,5.000529,410.400000
1989-11-29,343.600000,837.171701,4.994088,410.750000
1989-11-30,345.990000,843.101537,5.011631,406.800000
1989-12-01,350.630000,854.514343,5.025218,414.150000
1989-12-04,351.410000,856.522852,5.022755,409.900000
1989-12-05,349.580000,852.170266,5.024314,402.600000
1989-12-06,348.550000,849.766727,5.013815,402.050000
1989-12-07,347.590000,847.533228,5.003343,405.750000
1989-12-08,348.690000,850.322077,5.028924,408.850000
1989-12-11,348.560000,850.112112,5.026461,414.000000
1989-12-12,351.730000,857.950538,5.024002,416.100000
1989-12-13,352.750000,860.546569,5.033604,417.100000
1989-12-14,350.930000,856.214955,5.047246,409.450000
1989-12-15,350.140000,854.395275,5.044769,410.350000
1989-12-18,343.690000,838.763855,5.058438,411.650000
1989-12-19,342.460000,835.867683,5.055950,411.300000
1989-12-20,342.840000,836.900413,5.061556,413.150000
1989-12-21,344.780000,841.741477,5.063117,413.000000
1989-12-22,347.420000,848.292715,5.044425,413.200000
1989-12-27,348.810000,851.793468,4.999099,409.450000
1989-12-28,350.670000,856.442826,5.012672,400.400000
1989-12-29,353.400000,863.218143,5.006225,401.000000
1990-01-02,359.690000,878.694400,5.003795,401.650000
1990-01-03,358.760000,876.536740,4.985357,396.300000
1990-01-04,355.670000,869.101105,4.990926,394.950000
1990-01-05,352.200000,860.734960,4.988514,401.200000
1990-01-08,353.790000,864.732653,4.978123,403.750000
1990-01-09,349.620000,854.652790,4.979707,402.700000
1990-01-10,347.310000,849.117082,4.977308,405.850000
1990-01-11,348.530000,852.210196,4.974912,413.550000
1990-01-12,339.930000,831.292668,4.952620,413.900000
1990-01-16,340.750000,833.406056,4.914591,415.250000
1990-01-17,337.400000,825.320997,4.920122,410.600000
1990-01-18,338.190000,827.360749,4.870552,413.600000
1990-01-19,339.150000,829.816911,4.895538,410.600000
1990-01-22,330.380000,808.466772,4.893226,408.700000
1990-01-23,331.610000,811.581807,4.898747,408.600000
1990-01-24,330.260000,808.383349,4.853325,413.750000
1990-01-25,326.080000,798.257002,4.839408,417.150000
1990-01-26,325.800000,797.675349,4.813924,419.100000
1990-01-29,325.200000,796.310055,4.811695,420.750000
1990-01-30,322.980000,790.977534,4.809469,417.800000
1990-01-31,329.080000,806.019276,4.841873,417.550000
1990-02-01,328.790000,805.417673,4.847367,413.250000
1990-02-02,330.920000,810.744026,4.817963,417.350000
1990-02-05,331.850000,813.131833,4.808025,418.750000
1990-02-06,329.660000,807.875334,4.794267,421.400000
1990-02-07,333.750000,818.007366,4.815074,419.900000
1990-02-08,332.960000,816.181423,4.828258,418.500000
1990-02-09,333.620000,817.909342,4.899412,418.500000
1990-02-12,330.080000,809.340909,4.865752,415.250000
1990-02-13,331.020000,811.754891,4.886837,419.750000
1990-02-14,332.010000,814.292122,4.884547,416.000000
1990-02-15,334.890000,821.465462,4.858814,417.050000
1990-02-16,332.720000,816.253360,4.864326,414.900000
1990-02-20,327.990000,804.759451,4.788122,419.050000
1990-02-21,327.670000,804.082823,4.789760,420.600000
1990-02-22,325.700000,799.356995,4.822053,418.000000
1990-02-23,324.150000,795.660670,4.827545,415.000000
1990-02-26,328.670000,806.862791,4.856213,412.750000
1990-02-27,330.260000,810.874946,4.877268,408.800000
1990-02-28,331.890000,814.986375,4.839878,409.100000
1990-03-01,332.740000,817.181794,4.810537,406.250000
1990-03-02,335.540000,824.166818,4.831419,406.400000
1990-03-05,333.740000,819.854970,4.790540,403.000000
1990-03-06,337.930000,830.256801,4.815179,404.800000
1990-03-07,336.950000,827.959241,4.820672,402.600000
1990-03-08,340.270000,836.227089,4.826170,401.400000
1990-03-09,337.930000,830.587430,4.796924,399.700000
1990-03-12,338.670000,832.516489,4.806245,400.400000
1990-03-13,336.000000,826.063604,4.769441,397.350000
1990-03-14,336.870000,828.312154,4.801618,398.800000
1990-03-15,338.070000,831.372706,4.799425,397.600000
1990-03-16,341.910000,840.926271,4.827951,399.200000
1990-03-19,343.530000,845.022263,4.829597,401.250000
1990-03-20,341.570000,840.313166,4.850561,400.800000
1990-03-21,339.740000,835.922620,4.848325,389.900000
1990-03-22,335.690000,826.068630,4.857727,392.250000
1990-03-23,337.220000,829.943303,4.863258,393.600000
1990-03-26,337.630000,831.062518,4.868792,379.250000
1990-03-27,341.500000,840.698665,4.866542,369.750000
1990-03-28,342.000000,842.041134,4.872080,373.300000
1990-03-29,340.790000,839.173739,4.838646,370.750000
1990-03-30,339.940000,837.192044,4.820943,372.200000
1990-04-02,338.700000,834.250567,4.822598,368.000000
1990-04-03,343.640000,846.530217,4.831969,374.800000
1990-04-04,341.090000,840.362096,4.864549,374.250000
1990-04-05,340.730000,839.587921,4.858416,378.100000
1990-04-06,340.080000,838.098938,4.863955,380.350000
1990-04-09,341.370000,841.390509,4.853934,378.850000
1990-04-10,342.070000,843.228746,4.851705,375.300000
1990-04-11,341.920000,842.972146,4.841717,374.100000
1990-04-12,344.340000,849.051559,4.839501,375.250000
1990-04-17,344.680000,850.003852,4.792592,373.850000
1990-04-18,340.720000,840.352298,4.759753,374.700000
1990-04-19,338.090000,833.978438,4.757619,376.600000
1990-04-20,335.120000,826.764155,4.728844,376.800000
1990-04-23,331.050000,816.834136,4.719175,375.650000
1990-04-24,330.360000,815.241246,4.713306,377.950000
1990-04-25,332.030000,819.471770,4.711218,374.800000
1990-04-26,332.920000,821.778321,4.690289,371.350000
1990-04-27,329.110000,812.484016,4.695729,371.400000
1990-04-30,330.800000,816.765207,4.704931,371.550000
1990-05-01,332.250000,820.452256,4.691563,368.950000
1990-05-02,334.480000,826.066372,4.689500,370.500000
1990-05-03,335.570000,828.866478,4.709950,369.150000
1990-05-04,338.390000,835.940446,4.786998,371.400000
1990-05-08,342.010000,844.992520,4.790336,372.100000
1990-05-09,342.860000,847.203193,4.776687,369.700000
1990-05-10,343.820000,849.686238,4.801298,371.000000
1990-05-11,352.000000,870.012785,4.872117,368.250000
1990-05-14,354.750000,876.923641,4.885481,368.300000
1990-05-15,354.280000,875.876612,4.871516,367.400000
1990-05-16,354.000000,875.299024,4.861497,369.600000
1990-05-17,354.470000,876.575718,4.859282,369.100000
1990-05-18,354.640000,877.110855,4.837633,369.700000
1990-05-21,358.000000,885.535761,4.843183,373.400000
1990-05-22,358.430000,886.715307,4.879734,372.400000
1990-05-23,359.290000,888.958918,4.897024,363.250000
1990-05-24,358.410000,886.897974,4.890862,367.650000
1990-05-25,354.580000,877.536598,4.869061,366.350000
1990-05-29,360.650000,892.673877,4.882426,368.350000
1990-05-30,360.860000,893.310513,4.899727,365.700000
1990-05-31,361.230000,894.343380,4.909243,363.700000
1990-06-01,363.160000,899.236552,4.973756,363.100000
1990-06-04,367.400000,909.850855,4.975422,358.750000
1990-06-05,366.640000,908.085561,4.965148,357.850000
1990-06-06,364.960000,904.041163,4.970789,359.800000
1990-06-07,363.150000,899.673686,4.972457,353.250000
1990-06-08,358.710000,888.789466,4.974127,353.600000
1990-06-11,361.630000,896.138571,4.967838,354.700000
1990-06-12,366.250000,907.702233,4.969510,356.000000
1990-06-13,364.900000,904.472975,5.002987,353.000000
1990-06-14,362.900000,899.631724,5.012659,346.750000
1990-06-15,362.910000,899.772016,4.982245,347.050000
1990-06-18,356.880000,884.937204,4.967975,349.000000
1990-06-19,358.470000,888.993462,4.965676,348.450000
1990-06-20,359.100000,890.669977,4.951463,347.050000
1990-06-21,360.470000,894.182317,4.965026,350.000000
1990-06-22,355.430000,881.794890,4.970677,349.350000
1990-06-25,352.310000,874.167618,4.944520,351.400000
1990-06-26,352.060000,873.659540,4.954114,353.100000
1990-06-27,355.140000,881.414925,4.971650,350.300000
1990-06-28,357.630000,887.707970,4.993218,350.900000
1990-06-29,358.020000,888.789998,5.010874,352.400000
1990-07-02,359.540000,892.678299,5.012551,357.100000
1990-07-03,360.160000,894.333036,5.026258,357.400000
1990-07-05,355.680000,883.324097,5.019891,358.850000
1990-07-06,358.420000,890.243003,4.985425,360.350000
1990-07-09,359.520000,893.090247,4.963179,359.900000
1990-07-10,356.490000,885.678801,4.964866,357.550000
1990-07-11,361.230000,897.569533,4.966555,353.700000
1990-07-12,365.440000,908.146381,4.996057,353.200000
1990-07-13,367.310000,912.910854,5.017726,359.100000
1990-07-16,368.950000,917.104899,5.023423,362.500000
1990-07-17,367.520000,913.668863,5.025105,361.300000
1990-07-18,364.220000,905.583029,5.002668,360.100000
1990-07-19,365.320000,908.435076,5.000353,361.550000
1990-07-20,361.610000,899.326899,5.014042,360.750000
1990-07-23,355.310000,883.774989,5.015730,361.800000
1990-07-24,355.790000,885.083139,4.997355,368.250000
1990-07-25,357.090000,888.431491,5.015038,367.400000
1990-07-26,355.910000,885.610510,5.016727,370.600000
1990-07-27,353.440000,879.578878,5.046511,368.500000
1990-07-30,355.550000,884.943560,5.080495,367.800000
1990-07-31,356.150000,886.551306,5.074048,371.100000
1990-08-01,355.520000,885.108404,5.104146,371.100000
1990-08-02,351.480000,875.175484,5.056825,382.600000
1990-08-03,344.860000,858.815594,5.050422,375.800000
1990-08-06,334.430000,832.962853,4.938982,380.000000
1990-08-07,334.830000,834.076889,4.913030,383.950000
1990-08-08,338.350000,842.963287,4.918673,384.750000
1990-08-09,339.940000,847.043776,4.963669,385.850000
1990-08-10,335.520000,836.150013,4.957433,388.750000
1990-08-13,338.840000,844.542000,4.947242,399.900000
1990-08-14,339.390000,846.032243,4.968741,411.000000
1990-08-15,340.060000,847.822027,4.978399,401.500000
1990-08-16,332.390000,828.819393,4.932313,399.250000
1990-08-17,327.830000,817.566138,4.918244,410.500000
1990-08-20,328.510000,819.377553,4.916027,410.900000
1990-08-21,321.860000,802.906801,4.905947,407.850000
1990-08-22,316.550000,789.774069,4.880195,410.000000
1990-08-23,307.060000,766.208717,4.846783,415.700000
1990-08-24,311.510000,777.421151,4.829127,412.000000
1990-08-28,321.340000,802.063335,4.874893,392.550000
1990-08-29,324.190000,809.290314,4.915622,389.100000
1990-08-30,318.710000,795.724751,4.909481,385.800000
1990-08-31,322.560000,805.449558,4.911207,388.100000
1990-09-04,323.090000,806.892877,4.897218,386.750000
1990-09-05,324.390000,810.259623,4.914619,384.600000
1990-09-06,320.460000,800.563886,4.924210,388.250000
1990-09-07,323.400000,808.027662,4.937755,388.850000
1990-09-10,321.630000,803.725511,4.923681,382.500000
1990-09-11,321.040000,802.370776,4.933288,378.400000
1990-09-12,322.540000,806.239126,4.938963,380.650000
1990-09-13,318.650000,796.635461,4.940692,382.150000
1990-09-14,316.830000,792.203970,4.922658,384.300000
1990-09-17,317.770000,794.672261,4.912577,387.900000
1990-09-18,318.600000,796.866183,4.914312,390.550000
1990-09-19,316.600000,791.982487,4.923910,386.450000
1990-09-20,311.480000,779.292560,4.913828,386.000000
1990-09-21,311.320000,779.008242,4.884117,390.100000
1990-09-24,304.590000,762.283877,4.866323,390.150000
1990-09-25,308.260000,771.582078,4.875854,406.350000
1990-09-26,305.060000,763.687242,4.885401,401.750000
1990-09-27,300.970000,753.562000,4.922321,401.900000
1990-09-28,306.050000,766.393348,4.959502,406.100000
1990-10-01,314.940000,788.773294,5.004881,400.000000
1990-10-02,315.210000,789.571067,5.014619,389.250000
1990-10-03,311.400000,780.149055,5.008325,389.850000
1990-10-04,312.690000,783.501110,5.026082,392.750000
1990-10-05,311.500000,780.640090,5.035853,393.000000
1990-10-09,305.100000,764.721556,4.965066,394.800000
1990-10-10,300.390000,753.033966,4.942973,392.200000
1990-10-11,295.460000,740.791219,4.932854,389.600000
1990-10-12,300.030000,752.363497,4.966170,388.300000
1990-10-15,303.230000,760.503847,4.983804,381.850000
1990-10-16,298.920000,749.811520,4.989531,375.150000
1990-10-17,298.760000,749.525724,5.003247,365.750000
1990-10-18,305.740000,767.152574,5.024999,370.000000
1990-10-19,312.480000,784.182577,5.062916,371.750000
1990-10-22,314.760000,790.025184,5.060597,368.500000
1990-10-23,312.360000,784.123100,5.054233,370.750000
1990-10-24,312.600000,784.846413,5.051925,371.100000
1990-10-25,310.170000,778.866347,5.069827,373.900000
1990-10-26,304.710000,765.275794,5.067505,377.300000
1990-10-29,301.880000,758.286211,5.040863,371.000000
1990-10-30,304.060000,763.878963,5.042603,373.350000
1990-10-31,304.000000,763.845944,5.064514,379.250000
1990-11-01,307.020000,771.549643,5.098666,380.100000
1990-11-02,311.850000,783.804224,5.100400,379.750000
1990-11-05,314.590000,790.809454,5.130696,377.050000
1990-11-06,311.620000,783.463104,5.124218,381.400000
1990-11-07,306.010000,769.477116,5.105453,383.500000
1990-11-08,307.610000,773.616739,5.103105,386.300000
1990-11-09,313.740000,789.150213,5.141585,384.850000
1990-11-13,317.670000,799.154661,5.192677,383.200000
1990-11-14,320.400000,806.143288,5.198555,383.450000
1990-11-15,317.020000,797.760918,5.196121,378.500000
1990-11-16,317.120000,798.133184,5.226945,380.300000
1990-11-19,319.340000,803.841196,5.207759,377.600000
1990-11-20,315.310000,793.818439,5.226150,379.500000
1990-11-21,316.030000,795.751123,5.244597,377.350000
1990-11-23,315.100000,793.529737,5.242122,380.000000
1990-11-26,316.510000,797.200581,5.248038,387.050000
1990-11-27,318.100000,801.325886,5.245562,384.250000
1990-11-28,317.950000,801.069181,5.238893,384.750000
1990-11-29,316.420000,797.335496,5.232236,385.250000
1990-11-30,322.220000,812.071266,5.259078,384.800000
1990-12-03,324.100000,816.927824,5.277631,381.750000
1990-12-04,326.350000,822.718402,5.287797,377.000000
1990-12-05,329.920000,831.838327,5.306438,377.300000
1990-12-06,329.070000,829.816588,5.299666,373.800000
1990-12-07,327.750000,826.609041,5.364983,371.100000
1990-12-10,328.890000,829.604834,5.388152,372.250000
1990-12-11,326.440000,823.545928,5.407100,374.300000
1990-12-12,330.190000,833.126648,5.421781,371.900000
1990-12-13,329.340000,831.103533,5.393121,373.000000
1990-12-14,326.820000,824.865492,5.364627,373.150000
1990-12-17,326.020000,822.966738,5.379216,376.850000
1990-12-18,330.050000,833.259699,5.393838,376.000000
1990-12-19,330.200000,833.759998,5.391233,376.800000
1990-12-20,330.120000,833.679671,5.371380,384.450000
1990-12-21,331.750000,837.917710,5.347313,383.250000
1990-12-24,329.900000,833.367353,5.310533,382.000000
1990-12-27,328.290000,829.421916,5.352296,383.750000
1990-12-28,328.720000,830.629349,5.341173,385.400000
1990-12-31,330.220000,834.540857,5.368536,391.000000
1991-01-02,326.450000,825.136390,5.417500,392.500000
1991-01-03,321.910000,813.782857,5.436549,386.750000
1991-01-04,321.000000,811.602508,5.399117,388.100000
1991-01-07,315.440000,797.664638,5.353323,391.000000
1991-01-08,314.900000,796.416855,5.342202,392.800000
1991-01-09,311.490000,787.910141,5.305468,390.700000
1991-01-10,314.530000,795.716079,5.345405,388.500000
1991-01-11,315.230000,797.604428,5.330030,390.400000
1991-01-14,312.490000,790.789324,5.318972,395.350000
1991-01-15,313.730000,794.043997,5.324965,398.000000
1991-01-16,316.170000,800.336787,5.318182,403.700000
1991-01-17,327.970000,830.324841,5.400757,383.500000
1991-01-18,332.230000,841.232481,5.411123,380.000000
1991-01-22,328.310000,831.430899,5.395532,381.250000
1991-01-23,330.210000,836.365287,5.410209,377.900000
1991-01-24,334.780000,848.063761,5.429248,377.050000
1991-01-25,336.070000,851.456760,5.404911,373.800000
1991-01-28,336.030000,851.481092,5.406640,374.500000
1991-01-29,335.840000,851.125322,5.421345,377.600000
1991-01-30,340.910000,864.099940,5.414399,369.750000
1991-01-31,343.930000,871.882235,5.424791,369.600000
1991-02-01,343.050000,869.767075,5.478598,367.950000
1991-02-04,348.340000,883.294722,5.493466,367.000000
1991-02-05,351.260000,890.816247,5.508368,367.150000
1991-02-06,358.070000,908.205015,5.536524,360.900000
1991-02-07,356.520000,904.394122,5.524948,363.500000
1991-02-08,359.350000,911.693066,5.548762,368.300000
1991-02-11,368.580000,935.231118,5.546034,368.000000
1991-02-12,365.500000,927.540054,5.547746,362.050000
1991-02-13,369.020000,936.595937,5.549459,367.050000
1991-02-14,364.220000,924.537514,5.542293,366.850000
1991-02-15,369.060000,936.946067,5.552877,366.250000
1991-02-19,369.390000,937.908174,5.545706,361.600000
1991-02-20,365.140000,927.241566,5.529677,363.750000
1991-02-21,364.970000,926.932902,5.513702,361.500000
1991-02-22,365.650000,928.782929,5.502193,358.900000
1991-02-25,367.260000,932.995710,5.503920,357.500000
1991-02-26,362.810000,921.814629,5.483632,359.100000
1991-02-27,367.740000,934.462912,5.476590,360.000000
1991-02-28,367.070000,932.884372,5.460800,363.000000
1991-03-01,370.470000,941.645671,5.418851,367.450000
1991-03-04,369.330000,938.869616,5.420597,365.500000
1991-03-05,376.720000,957.776845,5.439690,364.300000
1991-03-06,376.170000,956.502154,5.428379,363.600000
1991-03-07,375.910000,955.964511,5.447496,366.250000
1991-03-08,374.950000,953.646566,5.423093,367.500000
1991-03-11,372.960000,948.708308,5.455212,369.250000
1991-03-12,370.030000,941.377652,5.443864,363.950000
1991-03-13,374.570000,953.049191,5.476097,365.200000
1991-03-14,373.500000,950.449726,5.477840,365.700000
1991-03-15,373.590000,950.801439,5.444525,363.600000
1991-03-18,372.110000,947.157513,5.424497,363.400000
1991-03-19,366.590000,933.229336,5.382856,362.000000
1991-03-20,367.920000,936.735587,5.406149,364.200000
1991-03-21,366.580000,933.444823,5.425208,362.100000
1991-03-22,367.480000,935.857041,5.439985,362.950000
1991-03-25,369.830000,941.962563,5.441741,361.750000
1991-03-26,376.300000,958.563343,5.443496,358.000000
1991-03-27,375.350000,956.267108,5.467026,357.100000
1991-03-28,375.220000,956.059350,5.481900,354.000000
1991-04-02,379.500000,967.085983,5.494153,357.900000
1991-04-03,378.940000,965.781531,5.487113,357.850000
1991-04-04,379.770000,968.019341,5.510814,358.100000
1991-04-05,375.360000,956.901142,5.516973,358.300000
1991-04-08,378.660000,965.435109,5.523135,358.800000
1991-04-09,373.560000,952.554497,5.502792,361.200000
1991-04-10,373.150000,951.629785,5.473730,363.650000
1991-04-11,377.630000,963.175598,5.479868,360.750000
1991-04-12,380.400000,970.362814,5.529850,361.450000
1991-04-15,381.190000,972.501047,5.544873,360.600000
1991-04-16,387.620000,989.028708,5.537750,360.300000
1991-04-17,390.450000,996.374958,5.548362,361.000000
1991-04-18,388.460000,991.423069,5.519042,361.200000
1991-04-19,384.200000,980.676437,5.485476,357.100000
1991-04-22,380.950000,972.505089,5.465298,356.250000
1991-04-23,381.760000,974.696183,5.480182,356.900000
1991-04-24,382.760000,977.372918,5.508253,355.900000
1991-04-25,379.250000,968.534085,5.505608,353.000000
1991-04-26,379.020000,968.069496,5.511775,354.150000
1991-04-29,373.660000,954.502045,5.509129,351.300000
1991-04-30,375.340000,958.914558,5.532930,353.450000
1991-05-01,380.290000,971.682977,5.539117,356.250000
1991-05-02,380.520000,972.394493,5.558603,355.350000
1991-05-03,380.800000,973.233947,5.529232,356.450000
1991-05-07,377.320000,964.463935,5.523917,356.250000
1991-05-08,378.510000,967.628603,5.534522,356.400000
1991-05-09,383.250000,979.869333,5.545143,356.850000
1991-05-10,375.740000,960.793124,5.502547,356.300000
1991-05-13,376.760000,963.523787,5.526330,356.750000
1991-05-14,371.620000,950.501582,5.497152,358.000000
1991-05-15,368.570000,942.821663,5.503326,360.250000
1991-05-16,372.190000,952.201978,5.509504,358.350000
1991-05-17,372.390000,952.835011,5.528910,354.950000
1991-05-20,372.280000,952.674992,5.521836,353.900000
1991-05-21,375.350000,960.652626,5.541281,356.750000
1991-05-22,376.190000,962.924916,5.543053,356.750000
1991-05-23,374.960000,959.899237,5.527088,355.000000
1991-05-24,377.490000,966.498387,5.528865,355.500000
1991-05-28,381.940000,978.015028,5.543911,356.300000
1991-05-29,382.790000,980.316229,5.545687,360.750000
1991-05-30,386.960000,991.120442,5.569645,360.800000
1991-05-31,389.830000,998.597689,5.553595,361.550000
1991-06-03,388.060000,994.190890,5.519828,361.500000
1991-06-04,387.740000,993.497779,5.521611,362.000000
1991-06-05,385.090000,986.834366,5.501309,361.600000
1991-06-06,383.630000,983.218735,5.485492,363.400000
1991-06-07,379.430000,972.579722,5.460953,365.800000
1991-06-10,378.570000,970.499272,5.462750,367.600000
1991-06-11,381.050000,976.980676,5.464547,372.750000
1991-06-12,376.650000,965.823959,5.435743,370.700000
1991-06-13,377.630000,968.460019,5.446244,368.400000
1991-06-14,382.290000,980.534367,5.469831,369.000000
1991-06-17,380.130000,975.119162,5.467255,367.300000
1991-06-18,378.590000,971.292997,5.460308,368.000000
1991-06-19,375.090000,962.437353,5.457742,367.300000
1991-06-20,375.420000,963.406761,5.472645,367.800000
1991-06-21,377.750000,969.508820,5.465691,367.400000
1991-06-24,370.940000,952.154280,5.463123,365.200000
1991-06-25,370.650000,951.531243,5.464929,363.250000
1991-06-26,371.590000,954.065683,5.466735,366.000000
1991-06-27,374.400000,961.402020,5.472916,365.300000
1991-06-28,371.160000,953.204729,5.509749,366.900000
1991-07-01,377.920000,970.686908,5.502735,368.650000
1991-07-02,377.470000,969.654609,5.500137,366.650000
1991-07-03,373.330000,959.143064,5.506342,367.750000
1991-07-05,374.080000,961.191986,5.472906,370.250000
1991-07-08,377.940000,971.232505,5.474718,371.350000
1991-07-09,376.110000,966.653354,5.467770,369.000000
1991-07-10,375.740000,965.825415,5.473958,370.200000
1991-07-11,376.970000,969.109990,5.497668,368.850000
1991-07-12,380.250000,977.665499,5.517071,367.900000
1991-07-15,382.390000,983.292092,5.518879,369.100000
1991-07-16,381.540000,981.231498,5.516273,368.500000
1991-07-17,381.180000,980.430529,5.504844,369.200000
1991-07-18,385.370000,991.332365,5.502254,370.350000
1991-07-19,384.220000,988.500237,5.517274,370.300000
1991-07-22,382.880000,985.178550,5.519086,370.100000
1991-07-23,379.420000,976.401083,5.507654,368.050000
1991-07-24,378.640000,974.518079,5.540313,367.000000
1991-07-25,380.960000,980.613151,5.559854,365.100000
1991-07-26,380.930000,980.660717,5.561663,364.700000
1991-07-29,383.150000,986.500646,5.563473,366.000000
1991-07-30,386.690000,995.740662,5.560832,362.300000
1991-07-31,387.810000,998.751415,5.567092,363.600000
1991-08-01,387.120000,997.098959,5.568904,364.300000
1991-08-02,387.180000,997.377839,5.633088,360.350000
1991-08-05,385.060000,992.041080,5.643902,355.600000
1991-08-06,390.620000,1006.489175,5.677309,357.200000
1991-08-07,390.560000,1006.460086,5.697272,355.850000
1991-08-08,389.320000,1003.390153,5.676276,357.000000
1991-08-09,387.120000,997.845241,5.678073,357.850000
1991-08-12,388.020000,1000.289523,5.693499,357.750000
1991-08-13,389.620000,1004.538953,5.713514,357.250000
1991-08-14,389.900000,1005.386130,5.756445,356.500000
1991-08-15,389.330000,1004.041715,5.749021,358.000000
1991-08-16,385.580000,994.496058,5.750809,357.250000
1991-08-19,376.470000,971.123368,5.757199,360.750000
1991-08-20,379.430000,978.879937,5.768199,358.500000
1991-08-21,390.590000,1007.793349,5.774602,356.200000
1991-08-22,391.330000,1009.828356,5.785628,356.500000
1991-08-23,394.170000,1017.282911,5.741130,354.400000
1991-08-27,393.060000,1014.545053,5.740111,354.100000
1991-08-28,396.640000,1023.912068,5.774053,355.300000
1991-08-29,396.470000,1023.600902,5.812799,353.500000
1991-08-30,395.430000,1021.043487,5.777382,347.000000
1991-09-03,392.150000,1012.702670,5.783797,349.150000
1991-09-04,389.970000,1007.200408,5.785589,348.600000
1991-09-05,389.140000,1005.183473,5.778125,347.300000
1991-09-06,389.100000,1005.206655,5.812278,347.000000
1991-09-09,388.570000,1003.963953,5.828018,350.100000
1991-09-10,384.560000,993.729506,5.829805,351.200000
1991-09-11,385.090000,995.224126,5.826930,347.500000
1991-09-12,387.340000,1001.164263,5.861350,345.450000
1991-09-13,383.590000,991.597574,5.867823,343.500000
1991-09-16,385.780000,997.383618,5.883690,344.900000
1991-09-17,385.500000,996.785239,5.890178,346.350000
1991-09-18,386.940000,1000.634087,5.891959,348.000000
1991-09-19,387.560000,1002.363351,5.898454,349.550000
1991-09-20,387.920000,1003.420585,5.919111,347.550000
1991-09-23,385.920000,998.373530,5.930359,349.050000
1991-09-24,387.710000,1003.129901,5.927392,351.250000
1991-09-25,386.880000,1001.108672,5.919686,352.400000
1991-09-26,386.490000,1000.225482,5.930938,352.300000
1991-09-27,385.900000,998.824459,5.965931,348.400000
1991-09-30,387.860000,1004.023229,5.977249,350.500000
1991-10-01,389.200000,1007.618173,5.988585,353.000000
1991-10-02,388.260000,1005.311203,5.980774,354.400000
1991-10-03,384.470000,995.624208,5.982546,357.200000
1991-10-04,381.250000,987.410823,6.022608,357.000000
1991-10-07,379.500000,983.002546,6.019556,359.200000
1991-10-08,380.670000,986.156693,6.006877,358.500000
1991-10-09,376.800000,976.255086,5.970204,357.600000
1991-10-10,380.550000,986.093699,5.938550,359.550000
1991-10-11,381.450000,988.549744,5.983094,357.250000
1991-10-15,391.010000,1013.449281,5.999232,358.600000
1991-10-16,392.800000,1018.216111,6.005807,356.400000
1991-10-17,391.920000,1016.062948,5.959536,357.750000
1991-10-18,392.500000,1017.694315,5.970857,360.250000
1991-10-21,390.020000,1011.391949,5.929651,363.100000
1991-10-22,387.830000,1005.840000,5.907725,362.900000
1991-10-23,387.940000,1006.251703,5.900071,362.900000
1991-10-24,385.070000,998.933870,5.920752,359.800000
1991-10-25,384.200000,996.802498,5.908339,362.000000
1991-10-28,389.520000,1010.730458,5.924320,359.500000
1991-10-29,391.480000,1015.943318,5.992471,358.600000
1991-10-30,392.960000,1019.911804,6.008638,359.800000
1991-10-31,392.450000,1018.716305,6.015229,357.400000
1991-11-01,391.320000,1015.911141,6.012200,357.500000
1991-11-04,390.280000,1013.338906,6.004365,356.650000
1991-11-05,388.710000,1009.389893,5.977331,356.450000
1991-11-06,389.970000,1012.788724,6.003033,354.400000
1991-11-07,393.720000,1022.655156,6.043242,355.300000
1991-11-08,392.890000,1020.627870,6.054693,353.350000
1991-11-12,396.740000,1030.757502,6.075848,355.100000
1991-11-13,397.410000,1032.627796,6.058182,356.450000
1991-11-14,397.150000,1032.082038,6.089043,356.150000
1991-11-15,382.620000,994.452378,6.100562,355.300000
1991-11-18,385.240000,1001.386940,6.102336,360.050000
1991-11-19,379.420000,986.384417,6.084584,359.850000
1991-11-20,378.530000,984.194680,6.081495,362.550000
1991-11-21,380.060000,988.296482,6.078411,363.750000
1991-11-22,376.140000,978.227284,6.055880,367.200000
1991-11-25,375.340000,976.269709,6.052823,368.400000
1991-11-26,377.960000,983.207140,6.069140,367.000000
1991-11-27,376.550000,979.662844,6.070927,366.500000
1991-11-29,375.220000,976.325774,6.092141,366.850000
1991-12-02,381.400000,992.527850,6.123167,368.250000
1991-12-03,380.960000,991.506506,6.144540,366.000000
1991-12-04,380.070000,989.313698,6.200387,365.700000
1991-12-05,377.390000,982.460997,6.182310,365.750000
1991-12-06,379.100000,987.035073,6.159350,367.900000
1991-12-09,378.260000,984.971022,6.180834,370.200000
1991-12-10,377.900000,984.156338,6.187550,370.750000
1991-12-11,377.700000,983.758119,6.184370,367.700000
1991-12-12,381.550000,993.908424,6.200984,366.100000
1991-12-13,384.470000,1001.638651,6.187871,358.900000
1991-12-16,384.460000,1001.737414,6.194594,360.050000
1991-12-17,382.740000,997.380662,6.211234,357.100000
1991-12-18,383.480000,999.433309,6.208035,357.500000
1991-12-19,382.520000,997.055879,6.249537,357.950000
1991-12-20,387.040000,1008.961710,6.321295,356.250000
1991-12-23,396.820000,1034.582595,6.368557,359.200000
1991-12-24,399.330000,1041.255546,6.370296,359.400000
1991-12-27,406.460000,1059.976819,6.404389,356.100000
1991-12-30,415.140000,1082.744831,6.436864,353.300000
1991-12-31,417.090000,1087.965633,6.464338,353.400000
1992-01-02,417.260000,1088.536077,6.429859,351.200000
1992-01-03,419.340000,1094.089394,6.395582,352.400000
1992-01-06,417.960000,1090.616590,6.412669,351.150000
1992-01-07,417.400000,1089.282651,6.445186,349.300000
1992-01-08,418.100000,1091.236589,6.441759,350.300000
1992-01-09,417.610000,1090.085080,6.433182,351.750000
1992-01-10,415.100000,1083.660493,6.404036,356.650000
1992-01-13,414.340000,1081.802938,6.369915,354.900000
1992-01-14,420.440000,1097.855752,6.315609,353.400000
1992-01-15,420.770000,1098.845610,6.307265,355.600000
1992-01-16,418.210000,1092.288415,6.268663,354.600000
1992-01-17,418.860000,1094.113606,6.290497,357.300000
1992-01-21,412.640000,1077.993927,6.322461,357.350000
1992-01-22,418.130000,1092.462019,6.293877,356.850000
1992-01-23,414.960000,1084.307185,6.240262,356.550000
1992-01-24,415.480000,1085.792543,6.217084,354.500000
1992-01-27,414.990000,1084.638755,6.223846,354.850000
1992-01-28,414.960000,1084.686962,6.265467,356.300000
1992-01-29,410.340000,1072.737109,6.222135,355.400000
1992-01-30,411.620000,1076.208594,6.194059,356.500000
1992-01-31,408.780000,1068.908852,6.195856,354.150000
1992-02-03,409.530000,1070.996265,6.172870,357.100000
1992-02-04,413.850000,1082.420362,6.209241,356.350000
1992-02-05,413.840000,1082.522058,6.250776,354.950000
1992-02-06,413.820000,1082.597606,6.257565,356.250000
1992-02-07,411.090000,1075.583505,6.259353,355.400000
1992-02-10,413.770000,1082.722551,6.256134,354.700000
1992-02-11,413.760000,1082.824271,6.247914,355.250000
1992-02-12,417.130000,1091.771578,6.214718,356.350000
1992-02-13,413.690000,1082.896880,6.166801,356.650000
1992-02-14,412.480000,1079.857428,6.163678,355.350000
1992-02-18,407.380000,1066.633365,6.135905,353.500000
1992-02-19,408.260000,1069.063435,6.162268,352.350000
1992-02-20,413.900000,1083.958528,6.169012,353.050000
1992-02-21,411.430000,1077.617903,6.151085,353.250000
1992-02-24,412.270000,1079.945316,6.143062,349.000000
1992-02-25,410.450000,1075.305368,6.159626,350.650000
1992-02-26,415.350000,1088.269500,6.215649,348.800000
1992-02-27,413.860000,1084.494054,6.207512,350.850000
1992-02-28,412.700000,1081.582444,6.249051,353.050000
1992-03-02,412.450000,1081.057062,6.195862,350.550000
1992-03-03,412.850000,1082.235229,6.172893,351.000000
1992-03-04,409.330000,1073.137868,6.174713,350.200000
1992-03-05,406.510000,1065.873483,6.137016,349.600000
1992-03-06,404.440000,1060.573841,6.153573,350.550000
1992-03-09,405.210000,1062.720316,6.184937,349.000000
1992-03-10,406.890000,1067.253894,6.181810,348.900000
1992-03-11,404.030000,1059.880330,6.144069,349.000000
1992-03-12,403.890000,1059.640273,6.091832,348.650000
1992-03-13,405.840000,1064.883438,6.049813,347.250000
1992-03-16,406.390000,1066.454383,6.061344,346.750000
1992-03-17,409.580000,1074.953616,6.097137,343.350000
1992-03-18,409.150000,1073.954079,6.098981,340.000000
1992-03-19,409.800000,1075.789116,6.125221,338.500000
1992-03-20,411.300000,1079.855960,6.092760,337.600000
1992-03-23,409.910000,1076.336154,6.104355,338.000000
1992-03-24,408.880000,1073.760769,6.150153,337.750000
1992-03-25,407.520000,1070.318136,6.151990,340.100000
1992-03-26,407.860000,1071.339572,6.134142,340.750000
1992-03-27,403.500000,1060.015589,6.150707,340.350000
1992-03-30,403.000000,1058.829279,6.152547,342.750000
1992-03-31,403.690000,1060.769238,6.154388,341.500000
1992-04-01,404.230000,1062.315478,6.195618,343.750000
1992-04-02,400.500000,1052.640524,6.192495,341.250000
1992-04-03,401.550000,1055.526571,6.219101,340.250000
1992-04-06,405.590000,1066.272901,6.225907,340.500000
1992-04-07,398.060000,1046.604914,6.227738,338.500000
1992-04-08,394.500000,1037.370325,6.214623,337.700000
1992-04-09,400.640000,1053.640446,6.261203,338.400000
1992-04-10,404.290000,1063.365992,6.253011,341.000000
1992-04-13,406.080000,1068.201664,6.274849,342.000000
1992-04-14,412.390000,1084.928430,6.266635,338.800000
1992-04-15,416.280000,1095.292554,6.258436,339.600000
1992-04-16,416.040000,1094.792513,6.220212,336.800000
1992-04-21,410.260000,1079.714050,6.159160,338.200000
1992-04-22,409.810000,1078.659314,6.165940,338.300000
1992-04-23,411.600000,1083.500205,6.157926,338.600000
1992-04-24,409.020000,1076.838604,6.179486,336.550000
1992-04-27,408.450000,1075.467169,6.156620,336.500000
1992-04-28,409.110000,1077.334034,6.173253,336.850000
1992-04-29,412.020000,1085.126392,6.160291,334.750000
1992-04-30,414.950000,1092.973271,6.157221,336.250000
1992-05-01,412.530000,1086.727837,6.183709,337.100000
1992-05-05,416.840000,1098.209750,6.187409,336.500000
1992-05-06,416.790000,1098.207453,6.238764,336.750000
1992-05-07,415.850000,1095.860063,6.225638,336.250000
1992-05-08,416.050000,1096.516266,6.267333,334.850000
1992-05-11,418.490000,1103.076216,6.274190,336.500000
1992-05-12,416.290000,1097.407357,6.296109,334.900000
1992-05-13,416.450000,1097.958481,6.308022,334.750000
1992-05-14,413.140000,1089.361165,6.309859,336.500000
1992-05-15,410.090000,1081.447362,6.341985,338.150000
1992-05-18,412.810000,1088.747726,6.343817,339.200000
1992-05-19,416.370000,1098.265211,6.386250,340.000000
1992-05-20,415.390000,1095.809690,6.362529,337.450000
1992-05-21,412.600000,1088.578748,6.293100,337.450000
1992-05-22,414.020000,1092.453488,6.315083,337.200000
1992-05-26,411.410000,1085.695369,6.261352,337.000000
1992-05-27,412.170000,1087.828938,6.273224,338.450000
1992-05-28,416.740000,1100.018623,6.315225,337.200000
1992-05-29,415.350000,1096.479253,6.332226,337.550000
1992-06-01,417.300000,1101.758343,6.303673,336.800000
1992-06-02,413.500000,1091.857488,6.325693,337.750000
1992-06-03,414.590000,1094.866408,6.332599,339.850000
1992-06-04,413.260000,1091.485195,6.334443,338.650000
1992-06-05,413.480000,1092.196951,6.351491,338.850000
1992-06-08,413.360000,1092.010761,6.353333,338.500000
1992-06-09,410.060000,1083.423615,6.345011,337.700000
1992-06-10,407.250000,1076.129022,6.336704,337.850000
1992-06-11,409.050000,1081.014256,6.348691,338.000000
1992-06-12,409.760000,1083.020052,6.370854,340.250000
1992-06-15,410.290000,1084.550561,6.377794,342.250000
1992-06-16,408.320000,1079.472982,6.400045,342.150000
1992-06-17,402.260000,1063.581462,6.407004,342.100000
1992-06-18,400.960000,1060.271603,6.429344,340.900000
1992-06-19,403.670000,1067.564708,6.405461,343.500000
1992-06-22,403.400000,1066.978490,6.407302,341.600000
1992-06-23,404.040000,1068.799034,6.404017,344.100000
1992-06-24,403.840000,1068.397963,6.431475,344.000000
1992-06-25,403.120000,1066.621070,6.464184,343.150000
1992-06-26,403.450000,1067.621946,6.460844,343.350000
1992-06-29,408.940000,1082.277599,6.478183,342.550000
1992-06-30,408.140000,1080.289962,6.469648,343.400000
1992-07-01,412.880000,1092.963573,6.492184,343.600000
1992-07-02,411.770000,1090.154199,6.582307,344.650000
1992-07-06,413.840000,1095.763142,6.599915,346.200000
1992-07-07,409.160000,1083.500779,6.617562,345.800000
1992-07-08,410.280000,1086.594530,6.598190,347.700000
1992-07-09,414.230000,1097.184029,6.599999,347.200000
1992-07-10,414.620000,1098.346516,6.591249,348.750000
1992-07-13,414.870000,1099.138397,6.571969,348.900000
1992-07-14,417.680000,1106.712800,6.573787,350.400000
1992-07-15,417.100000,1105.306600,6.612418,350.950000
1992-07-16,417.540000,1106.603032,6.630099,353.150000
1992-07-17,415.620000,1101.645064,6.615994,352.650000
1992-07-20,413.750000,1096.818439,6.617806,358.800000
1992-07-21,413.760000,1096.974387,6.624912,357.400000
1992-07-22,410.930000,1089.600854,6.647923,357.100000
1992-07-23,412.080000,1092.778722,6.718868,359.300000
1992-07-24,411.600000,1091.634791,6.715285,357.900000
1992-07-27,411.540000,1091.604488,6.738567,358.000000
1992-07-28,417.520000,1107.595183,6.772701,359.250000
1992-07-29,422.230000,1120.220561,6.790738,358.200000
1992-07-30,423.920000,1124.836509,6.743623,356.750000
1992-07-31,424.210000,1125.738746,6.729228,357.950000
1992-08-03,425.090000,1128.206215,6.731023,357.300000
1992-08-04,424.360000,1126.401241,6.765127,352.750000
1992-08-05,422.190000,1120.773559,6.777739,352.900000
1992-08-06,420.590000,1116.657697,6.774103,349.250000
1992-08-07,418.880000,1112.248803,6.819244,349.850000
1992-08-10,419.420000,1113.813263,6.848299,350.750000
1992-08-11,418.900000,1112.563135,6.861028,348.500000
1992-08-12,417.780000,1109.719149,6.873776,346.500000
1992-08-13,417.730000,1109.716643,6.837050,339.250000
1992-08-14,419.910000,1115.638207,6.849767,336.000000
1992-08-17,420.740000,1117.974393,6.835102,337.500000
1992-08-18,421.340000,1119.699966,6.880626,336.550000
1992-08-19,418.190000,1111.460401,6.887900,338.600000
1992-08-20,418.260000,1111.776956,6.895179,336.700000
1992-08-21,414.850000,1102.843382,6.858333,337.350000
1992-08-24,410.720000,1091.993627,6.777810,341.850000
1992-08-25,411.610000,1094.488121,6.752496,340.850000
1992-08-26,413.510000,1099.668817,6.781309,340.350000
1992-08-27,413.530000,1099.851129,6.804807,338.750000
1992-08-28,414.840000,1103.464437,6.812044,340.500000
1992-09-01,416.070000,1106.865957,6.853810,342.650000
1992-09-02,417.980000,1112.077255,6.866560,340.400000
1992-09-03,417.980000,1112.208017,6.868342,339.050000
1992-09-04,417.080000,1109.943974,6.947050,341.300000
1992-09-08,414.440000,1103.048849,7.009948,341.900000
1992-09-09,416.360000,1108.288708,7.000482,343.100000
1992-09-10,419.950000,1117.975073,7.002235,341.750000
1992-09-11,419.580000,1117.121528,6.970377,341.050000
1992-09-14,425.270000,1132.402370,7.000021,342.750000
1992-09-15,419.770000,1117.890207,6.956976,346.200000
1992-09-16,419.920000,1118.421117,6.953178,346.200000
1992-09-17,419.930000,1118.579259,6.960509,350.750000
1992-09-18,422.930000,1126.701970,6.956708,348.650000
1992-09-21,422.140000,1124.729860,6.952912,348.250000
1992-09-22,417.140000,1111.540347,6.910185,347.500000
1992-09-23,417.440000,1112.470446,6.889855,348.900000
1992-09-24,418.470000,1115.346187,6.924714,348.900000
1992-09-25,414.350000,1104.496316,6.965273,348.350000
1992-09-28,416.620000,1110.677126,6.989334,349.000000
1992-09-29,416.800000,1111.287589,6.991101,347.700000
1992-09-30,417.800000,1114.084495,6.992868,349.000000
1992-10-01,416.290000,1110.190760,7.072956,347.600000
1992-10-02,410.470000,1094.801874,7.057729,348.000000
1992-10-05,407.570000,1087.197477,7.070775,348.750000
1992-10-06,407.180000,1086.286699,7.038586,350.500000
1992-10-07,404.250000,1078.599401,6.950252,349.500000
1992-10-08,407.750000,1088.066450,6.979834,350.000000
1992-10-09,402.660000,1074.613620,6.920187,349.800000
1992-10-13,409.300000,1092.462414,6.927514,343.450000
1992-10-14,409.370000,1092.779429,6.929303,343.300000
1992-10-15,409.600000,1093.523611,6.920007,341.750000
1992-10-16,411.730000,1099.340452,6.883048,341.750000
1992-10-19,414.980000,1108.149118,6.835292,342.250000
1992-10-20,415.480000,1109.616349,6.744147,342.550000
1992-10-21,415.670000,1110.256001,6.778355,343.500000
1992-10-22,414.900000,1108.331627,6.812720,342.800000
1992-10-23,414.100000,1106.326638,6.765491,343.600000
1992-10-26,418.160000,1117.305331,6.767324,341.300000
1992-10-27,418.490000,1118.320215,6.796228,339.100000
1992-10-28,420.130000,1122.836005,6.808930,338.200000
1992-10-29,420.860000,1124.920794,6.837992,339.500000
1992-10-30,418.680000,1119.227897,6.790580,338.800000
1992-11-02,422.750000,1130.238013,6.748952,339.300000
1992-11-03,419.920000,1122.803251,6.756194,338.750000
1992-11-04,417.110000,1115.420218,6.747226,336.900000
1992-11-05,418.340000,1118.839066,6.759866,337.450000
1992-11-06,417.580000,1116.936492,6.707630,336.700000
1992-11-09,418.590000,1119.767828,6.693387,335.000000
1992-11-10,418.620000,1119.978214,6.743439,330.200000
1992-11-12,422.870000,1131.478845,6.810025,333.200000
1992-11-13,422.430000,1130.433025,6.795516,334.250000
1992-11-16,420.680000,1125.881355,6.753864,336.000000
1992-11-17,419.270000,1122.238563,6.777325,333.850000
1992-11-18,422.850000,1131.951386,6.822545,335.400000
1992-11-19,423.610000,1134.117423,6.808007,333.600000
1992-11-20,426.650000,1142.388118,6.793507,335.550000
1992-11-23,425.120000,1138.424187,6.784481,334.250000
1992-11-24,427.590000,1145.170875,6.808039,333.950000
1992-11-25,429.190000,1149.589077,6.798988,334.750000
1992-11-27,430.160000,1152.320829,6.751881,334.000000
1992-11-30,431.350000,1155.642540,6.742935,333.700000
1992-12-01,430.780000,1154.245863,6.750189,334.600000
1992-12-02,429.890000,1151.991438,6.757448,335.100000
1992-12-03,429.910000,1152.175047,6.770118,335.900000
1992-12-04,432.060000,1158.067164,6.809887,335.900000
1992-12-07,435.310000,1166.908965,6.844423,335.500000
1992-12-08,436.990000,1171.544137,6.873642,335.250000
1992-12-09,435.650000,1168.083898,6.858981,333.400000
1992-12-10,434.640000,1165.507672,6.855334,333.900000
1992-12-11,433.730000,1163.199005,6.840723,334.200000
1992-12-14,432.840000,1160.943437,6.826151,335.300000
1992-12-15,432.570000,1160.350281,6.828001,334.700000
1992-12-16,431.520000,1157.664659,6.862626,334.900000
1992-12-17,435.430000,1168.284906,6.864470,337.750000
1992-12-18,441.280000,1184.112662,6.871806,337.150000
1992-12-21,440.700000,1182.689954,6.901136,336.350000
1992-12-22,440.310000,1181.776805,6.936099,334.350000
1992-12-23,439.030000,1178.474705,6.921283,332.550000
1992-12-24,439.770000,1180.594068,6.917581,332.900000
1992-12-29,437.980000,1175.921928,6.921222,332.900000
1992-12-30,438.820000,1178.309939,6.928597,332.300000
1992-12-31,435.710000,1170.092019,6.919348,332.900000
1993-01-04,435.380000,1169.338240,6.976542,329.400000
1993-01-05,434.340000,1166.677366,6.972788,328.800000
1993-01-06,434.520000,1167.292907,6.963460,328.850000
1993-01-07,430.730000,1157.243578,6.892873,329.700000
1993-01-08,429.050000,1152.860894,6.900236,329.100000
1993-01-11,430.950000,1158.096690,6.924165,328.400000
1993-01-12,431.040000,1158.469621,6.920469,328.500000
1993-01-13,433.030000,1163.949090,6.927851,327.850000
1993-01-14,435.940000,1171.902666,6.962949,328.200000
1993-01-15,437.150000,1175.288048,6.992639,327.450000
1993-01-19,435.130000,1169.990249,7.000064,329.050000
1993-01-20,433.370000,1165.390328,6.990695,328.650000
1993-01-21,435.490000,1171.223192,6.998121,329.850000
1993-01-22,436.110000,1173.023202,7.016749,329.400000
1993-01-25,440.010000,1183.645957,7.069099,328.600000
1993-01-26,439.950000,1183.618518,7.059606,329.100000
1993-01-27,438.110000,1178.802240,7.072723,330.600000
1993-01-28,438.660000,1180.415516,7.097174,329.700000
1993-01-29,438.780000,1180.872029,7.127377,330.750000
1993-02-01,442.520000,1191.069397,7.134886,329.500000
1993-02-02,442.550000,1191.283331,7.091029,329.350000
1993-02-03,447.200000,1203.933699,7.098519,329.600000
1993-02-04,449.560000,1210.421821,7.134409,328.150000
1993-02-05,448.930000,1208.860924,7.176171,327.800000
1993-02-08,447.850000,1206.087919,7.149266,327.600000
1993-02-09,445.330000,1199.436269,7.128196,327.750000
1993-02-10,446.230000,1201.994421,7.135711,328.700000
1993-02-11,447.660000,1205.980772,7.154649,331.650000
1993-02-12,444.580000,1197.818212,7.167905,330.000000
1993-02-16,433.910000,1169.204302,7.175446,329.200000
1993-02-17,433.300000,1167.691351,7.211693,331.500000
1993-02-18,431.900000,1164.049093,7.276953,329.000000
1993-02-19,434.220000,1170.432081,7.290378,331.100000
1993-02-22,435.240000,1173.312353,7.327151,328.900000
1993-02-23,434.800000,1172.257410,7.428571,329.200000
1993-02-24,440.870000,1188.753725,7.376830,330.350000
1993-02-25,442.340000,1192.850334,7.366787,329.750000
1993-02-26,443.380000,1195.788270,7.368550,328.750000
1993-03-01,442.010000,1192.224957,7.423366,328.400000
1993-03-02,447.900000,1208.243100,7.419177,328.900000
1993-03-03,449.260000,1212.044724,7.462477,329.550000
1993-03-04,447.340000,1206.998156,7.494068,328.500000
1993-03-05,446.110000,1203.812197,7.453835,329.700000
1993-03-08,454.710000,1227.151432,7.485395,328.700000
1993-03-09,454.400000,1226.449821,7.451203,327.200000
1993-03-10,456.330000,1231.793920,7.417185,326.500000
1993-03-11,453.720000,1224.884133,7.424876,326.650000
1993-03-12,449.830000,1214.517258,7.337533,326.500000
1993-03-15,451.430000,1218.970787,7.304092,327.900000
1993-03-16,451.370000,1218.942876,7.370156,329.000000
1993-03-17,448.310000,1210.813324,7.395513,328.650000
1993-03-18,451.890000,1220.615535,7.450528,329.500000
1993-03-19,450.180000,1216.130880,7.440360,331.300000
1993-03-22,448.880000,1212.752809,7.436165,332.200000
1993-03-23,448.760000,1212.562021,7.467668,331.900000
1993-03-24,448.070000,1210.831020,7.445523,331.300000
1993-03-25,450.880000,1218.557763,7.429411,332.650000
1993-03-26,447.780000,1210.313696,7.365796,332.700000
1993-03-29,450.770000,1218.528579,7.385254,331.600000
1993-03-30,451.970000,1221.906493,7.410662,333.200000
1993-03-31,451.670000,1221.229866,7.406504,336.900000
1993-04-01,450.300000,1217.662291,7.390501,337.000000
1993-04-02,441.390000,1193.704885,7.333154,339.400000
1993-04-05,442.290000,1196.272430,7.352546,339.350000
1993-04-06,441.160000,1193.349943,7.383745,338.450000
1993-04-07,442.730000,1197.730361,7.391433,337.150000
1993-04-08,441.840000,1195.456634,7.452345,337.850000
1993-04-13,449.220000,1215.557962,7.479691,336.950000
1993-04-14,448.660000,1214.178650,7.499402,337.550000
1993-04-15,448.400000,1213.610885,7.513157,339.200000
1993-04-16,448.940000,1215.208207,7.508900,337.000000
1993-04-19,447.460000,1211.338056,7.522669,340.400000
1993-04-20,445.100000,1205.084737,7.524421,341.550000
1993-04-21,443.630000,1201.239627,7.532194,339.150000
1993-04-22,439.460000,1190.082713,7.539971,337.700000
1993-04-23,437.030000,1183.635294,7.517593,340.950000
1993-04-26,433.540000,1174.315550,7.489280,348.550000
1993-04-27,438.010000,1186.554687,7.443114,352.800000
1993-04-28,438.020000,1186.714541,7.438938,349.700000
1993-04-29,438.890000,1189.204389,7.464522,354.800000
1993-04-30,440.190000,1192.859894,7.430467,353.450000
1993-05-04,444.050000,1203.452974,7.511475,353.400000
1993-05-05,444.520000,1204.860899,7.507230,352.750000
1993-05-06,443.260000,1201.579999,7.533020,356.100000
1993-05-07,442.310000,1199.138692,7.516702,357.500000
1993-05-10,442.800000,1200.600784,7.536508,356.250000
1993-05-11,444.360000,1204.964368,7.538269,355.350000
1993-05-12,444.800000,1206.291821,7.497817,356.000000
1993-05-13,439.230000,1191.320513,7.463600,367.000000
1993-05-14,439.560000,1192.348360,7.459413,366.600000
1993-05-17,440.370000,1194.678467,7.437327,367.850000
1993-05-18,440.320000,1194.675987,7.391520,366.600000
1993-05-19,447.570000,1214.479847,7.416977,378.750000
1993-05-20,450.590000,1222.809980,7.430642,376.050000
1993-05-21,445.840000,1210.055743,7.390826,374.050000
1993-05-24,448.000000,1216.053084,7.392633,380.000000
1993-05-25,448.850000,1218.495875,7.388526,374.350000
1993-05-26,453.440000,1231.092196,7.419889,377.250000
1993-05-27,452.410000,1228.432964,7.427627,377.000000
1993-05-28,450.190000,1222.541905,7.399717,381.000000
1993-06-01,453.830000,1232.562297,7.454804,378.250000
1993-06-02,453.850000,1232.753286,7.462564,368.250000
1993-06-03,452.490000,1229.195929,7.488238,370.400000
1993-06-04,450.060000,1222.731095,7.436112,377.500000
1993-06-07,447.690000,1216.427817,7.455762,375.450000
1993-06-08,444.710000,1208.465679,7.451596,373.750000
1993-06-09,445.780000,1211.507322,7.465319,370.650000
1993-06-10,445.380000,1210.554569,7.467117,369.600000
1993-06-11,447.260000,1215.798689,7.528653,370.200000
1993-06-14,447.710000,1217.156748,7.530436,366.300000
1993-06-15,446.270000,1213.376887,7.538245,365.000000
1993-06-16,447.430000,1216.665390,7.540028,370.000000
1993-06-17,448.540000,1219.818644,7.559907,369.400000
1993-06-18,443.680000,1206.736979,7.537494,370.650000
1993-06-21,446.220000,1213.779171,7.569430,369.550000
1993-06-22,445.930000,1213.124919,7.577264,369.100000
1993-06-23,443.190000,1205.805435,7.579041,367.000000
1993-06-24,446.620000,1215.271283,7.599008,374.100000
1993-06-25,447.600000,1218.072656,7.625098,374.600000
1993-06-28,451.850000,1229.773424,7.651265,378.100000
1993-06-29,450.690000,1226.752683,7.659147,375.250000
1993-06-30,450.530000,1226.453198,7.654780,379.000000
1993-07-01,449.020000,1222.478836,7.656542,377.850000
1993-07-02,445.840000,1213.956917,7.682805,390.000000
1993-07-06,441.430000,1202.083974,7.659976,388.000000
1993-07-07,442.830000,1206.029917,7.661739,397.250000
1993-07-08,448.640000,1221.987180,7.675761,398.400000
1993-07-09,448.110000,1220.679320,7.689803,389.400000
1993-07-12,448.980000,1223.184840,7.697712,394.400000
1993-07-13,448.090000,1220.896021,7.680994,390.400000
1993-07-14,450.080000,1226.453719,7.719625,395.700000
1993-07-15,449.220000,1224.246474,7.721377,391.800000
1993-07-16,445.750000,1214.925764,7.729307,393.650000
1993-07-19,446.030000,1215.823873,7.731058,392.800000
1993-07-20,447.310000,1219.448045,7.708070,391.500000
1993-07-21,447.180000,1219.229092,7.660498,391.600000
1993-07-22,444.510000,1212.084805,7.619371,389.000000
1993-07-23,447.100000,1219.281819,7.590677,392.600000
1993-07-26,449.090000,1224.844159,7.604615,389.750000
1993-07-27,448.240000,1222.661925,7.612488,393.600000
1993-07-28,447.190000,1219.933652,7.626456,391.800000
1993-07-29,450.240000,1228.389551,7.683152,394.300000
1993-07-30,448.130000,1222.769282,7.672631,403.700000
1993-08-02,450.150000,1228.414835,7.662129,406.700000
1993-08-03,449.270000,1226.147793,7.676168,404.950000
1993-08-04,448.540000,1224.289619,7.653380,400.650000
1993-08-05,448.130000,1223.304464,7.661285,396.450000
1993-08-06,448.680000,1224.939684,7.663067,381.900000
1993-08-09,450.720000,1230.643091,7.689371,382.500000
1993-08-10,449.450000,1227.310125,7.691146,382.200000
1993-08-11,450.460000,1230.202395,7.735993,381.350000
1993-08-12,448.960000,1226.240494,7.725381,375.350000
1993-08-13,450.140000,1229.597570,7.758051,370.450000
1993-08-16,452.380000,1235.850850,7.784638,373.500000
1993-08-17,453.130000,1238.034969,7.773937,372.500000
1993-08-18,456.040000,1246.121070,7.781915,372.850000
1993-08-19,456.430000,1247.323066,7.814799,373.650000
1993-08-20,456.160000,1246.721674,7.835304,370.350000
1993-08-23,455.230000,1244.316303,7.843316,373.600000
1993-08-24,459.770000,1256.861976,7.882707,372.750000
1993-08-25,460.130000,1257.983602,7.903359,371.750000
1993-08-26,461.040000,1260.609144,7.961991,371.600000
1993-08-27,460.540000,1259.379920,7.925486,370.050000
1993-08-31,463.560000,1267.776107,7.947926,370.600000
1993-09-01,463.150000,1266.791964,7.943286,371.800000
1993-09-02,461.300000,1261.868954,7.976780,369.200000
1993-09-03,461.340000,1262.114887,8.042307,363.700000
1993-09-07,458.520000,1254.536589,8.095472,362.950000
1993-09-08,456.650000,1249.555884,8.097153,352.250000
1993-09-09,457.500000,1252.016967,8.021100,351.350000
1993-09-10,461.720000,1263.701075,8.061305,356.000000
1993-09-13,462.060000,1264.768348,8.082344,348.250000
1993-09-14,459.900000,1258.992741,8.012906,342.050000
1993-09-15,461.600000,1263.782755,8.001793,345.250000
1993-09-16,459.430000,1257.978383,8.016308,350.400000
1993-09-17,458.830000,1256.471600,8.011603,352.300000
1993-09-20,455.050000,1246.256283,7.987676,353.500000
1993-09-21,452.950000,1240.639789,7.957443,354.300000
1993-09-22,456.200000,1249.675826,7.971902,355.000000
1993-09-23,457.740000,1254.029568,7.992759,353.750000
1993-09-24,457.630000,1253.863877,7.994478,357.400000
1993-09-27,461.800000,1265.424939,8.072945,357.250000
1993-09-28,461.530000,1264.821984,8.087559,354.250000
1993-09-29,460.110000,1261.067311,8.043963,354.550000
1993-09-30,458.930000,1257.969600,8.013495,352.650000
1993-10-01,461.280000,1264.546108,8.053677,353.900000
1993-10-04,461.340000,1264.846237,8.055384,355.500000
1993-10-05,461.200000,1264.598081,8.050647,353.950000
1993-10-06,460.740000,1263.472425,8.052356,353.500000
1993-10-07,459.180000,1259.330018,8.066949,356.900000
1993-10-08,460.310000,1262.564200,8.113830,357.850000
1993-10-12,461.120000,1264.921348,8.109033,359.600000
1993-10-13,461.490000,1266.071999,8.110729,366.600000
1993-10-14,466.830000,1280.857801,8.138379,365.900000
1993-10-15,469.500000,1288.320969,8.166111,365.350000
1993-10-18,468.450000,1285.577936,8.115530,365.000000
1993-10-19,466.210000,1279.568556,8.117227,368.850000
1993-10-20,466.070000,1279.321567,8.125418,371.600000
1993-10-21,465.360000,1277.509909,8.068611,371.550000
1993-10-22,463.270000,1271.909462,8.025140,370.650000
1993-10-25,464.200000,1274.599216,7.994765,371.500000
1993-10-26,464.300000,1275.010520,8.022084,368.500000
1993-10-27,464.610000,1275.998577,8.017395,368.650000
1993-10-28,467.730000,1284.704178,8.038367,369.100000
1993-10-29,467.830000,1285.116654,8.027232,369.100000
1993-11-01,469.100000,1288.743684,7.945478,367.950000
1993-11-02,468.440000,1287.069251,7.902737,362.500000
1993-11-03,463.020000,1272.316034,7.879213,363.000000
1993-11-04,457.490000,1257.257341,7.880986,369.100000
1993-11-05,459.570000,1263.108895,7.832321,374.400000
1993-11-08,460.210000,1265.003913,7.865437,377.900000
1993-11-09,460.330000,1265.469971,7.904971,376.350000
1993-11-10,463.720000,1274.925508,7.856148,375.500000
1993-11-12,465.390000,1279.654187,7.895641,376.750000
1993-11-15,463.750000,1275.282566,7.878465,373.900000
1993-11-16,466.740000,1283.642188,7.899152,375.250000
1993-11-17,464.810000,1278.472460,7.907245,373.700000
1993-11-18,463.620000,1275.336991,7.864738,374.250000
1993-11-19,462.600000,1272.668472,7.791021,375.750000
1993-11-22,459.130000,1263.259116,7.761663,378.150000
1993-11-23,461.030000,1268.622833,7.806942,378.050000
1993-11-24,462.360000,1272.419211,7.796254,376.100000
1993-11-26,463.060000,1274.482624,7.835483,376.300000
1993-11-29,461.900000,1271.427178,7.849817,376.700000
1993-11-30,461.790000,1271.261292,7.807652,370.800000
1993-12-01,461.890000,1271.672781,7.815705,370.100000
1993-12-02,463.110000,1275.167922,7.823762,374.500000
1993-12-03,464.890000,1280.205749,7.831825,372.750000
1993-12-06,466.430000,1284.583731,7.883751,376.150000
1993-12-07,466.760000,1285.630203,7.891848,374.350000
1993-12-08,466.290000,1284.473387,7.893636,377.150000
1993-12-09,464.180000,1278.798656,7.914369,382.500000
1993-12-10,463.930000,1278.246923,7.884496,382.300000
1993-12-13,465.700000,1283.260678,7.854750,387.550000
1993-12-14,463.060000,1276.123505,7.831417,387.600000
1993-12-15,461.840000,1272.898089,7.826960,385.900000
1993-12-16,463.340000,1277.168682,7.822510,386.500000
1993-12-17,466.380000,1285.685091,7.843096,385.800000
1993-12-20,465.850000,1284.361767,7.832356,389.750000
1993-12-21,465.300000,1282.983004,7.821636,388.650000
1993-12-22,467.320000,1288.690255,7.892282,386.400000
1993-12-23,467.380000,1288.993779,7.906707,385.750000
1993-12-29,470.580000,1297.957202,7.899436,385.650000
1993-12-30,468.640000,1292.745340,7.850679,391.500000
1993-12-31,466.450000,1286.842717,7.846212,390.650000
1994-01-04,466.890000,1288.192874,7.818298,395.000000
1994-01-05,467.550000,1290.150303,7.807613,394.000000
1994-01-06,467.120000,1289.100402,7.846917,390.600000
1994-01-07,469.900000,1296.908828,7.936621,390.700000
1994-01-10,475.270000,1311.867205,7.957464,382.200000
1994-01-11,474.130000,1308.859447,7.959255,384.350000
1994-01-12,474.170000,1309.108485,8.005617,386.800000
1994-01-13,472.470000,1304.553696,7.936947,384.750000
1994-01-14,474.910000,1311.429026,7.894298,389.500000
1994-01-18,474.250000,1309.745373,7.921371,392.500000
1994-01-19,474.300000,1310.022169,7.910501,392.700000
1994-01-20,474.980000,1312.039076,7.943951,392.400000
1994-01-21,474.720000,1311.459830,7.933041,387.850000
1994-01-24,471.970000,1304.001581,7.928498,381.500000
1994-01-25,470.920000,1301.238647,7.904933,382.900000
1994-01-26,473.200000,1307.676515,7.913070,381.000000
1994-01-27,477.050000,1318.454386,7.940204,384.500000
1994-01-28,478.700000,1323.154231,7.973770,378.150000
1994-01-31,481.610000,1331.337768,7.962809,378.200000
1994-02-01,479.620000,1325.978619,7.920018,382.100000
1994-02-02,482.000000,1332.699806,7.921832,384.950000
1994-02-03,480.710000,1329.275086,7.898296,384.000000
1994-02-04,469.810000,1299.275732,7.817975,387.650000
1994-02-07,471.760000,1304.807012,7.807309,383.950000
1994-02-08,471.050000,1302.982350,7.777926,380.450000
1994-02-09,472.770000,1307.878964,7.835782,380.250000
1994-02-10,468.930000,1297.395327,7.843891,382.200000
1994-02-11,470.180000,1300.992006,7.864556,381.100000
1994-02-14,470.230000,1301.269027,7.853808,381.900000
1994-02-15,472.520000,1307.744851,7.868213,384.500000
1994-02-16,472.790000,1308.631491,7.863754,383.600000
1994-02-17,470.340000,1301.989641,7.796391,384.750000
1994-02-18,467.690000,1294.792719,7.742113,382.050000
1994-02-22,471.460000,1305.367916,7.768759,378.100000
1994-02-23,470.690000,1303.375093,7.720904,377.500000
1994-02-24,464.260000,1285.708876,7.667192,376.000000
1994-02-25,466.070000,1290.858481,7.675218,377.600000
1994-02-28,467.140000,1293.959614,7.713951,380.750000
1994-03-01,464.440000,1286.621430,7.635608,381.100000
1994-03-02,464.810000,1287.786340,7.625294,376.450000
1994-03-03,463.010000,1282.939361,7.596699,377.700000
1994-03-04,464.740000,1287.872474,7.580381,375.650000
1994-03-07,466.910000,1294.025956,7.618686,377.000000
1994-03-08,465.880000,1291.312062,7.584027,375.450000
1994-03-09,467.060000,1294.723172,7.585947,376.250000
1994-03-10,463.900000,1286.104223,7.527180,379.050000
1994-03-11,466.440000,1293.285909,7.541159,387.100000
1994-03-14,467.390000,1296.060586,7.518961,386.300000
1994-03-15,467.010000,1295.147794,7.538946,386.250000
1994-03-16,469.420000,1301.972230,7.583099,385.300000
1994-03-17,470.900000,1306.218704,7.585025,383.000000
1994-03-18,471.060000,1306.804568,7.532340,385.900000
1994-03-21,468.540000,1299.955745,7.498124,386.800000
1994-03-22,468.800000,1300.818472,7.566057,386.950000
1994-03-23,468.540000,1300.238485,7.567990,388.400000
1994-03-24,464.350000,1288.752270,7.485163,390.300000
1994-03-25,460.580000,1278.429195,7.469153,391.800000
1994-03-28,460.000000,1276.958313,7.459161,390.900000
1994-03-29,452.480000,1256.221682,7.413385,387.900000
1994-03-30,445.550000,1237.118507,7.373844,386.750000
1994-03-31,445.770000,1237.863891,7.381727,389.700000
1994-04-05,448.290000,1245.001784,7.264164,387.400000
1994-04-06,448.050000,1244.476134,7.289419,385.100000
1994-04-07,450.880000,1252.477392,7.332244,384.950000
1994-04-08,447.100000,1242.118846,7.287314,384.850000
1994-04-11,449.870000,1249.954928,7.300981,384.900000
1994-04-12,447.570000,1243.705868,7.332189,378.400000
1994-04-13,446.260000,1240.206382,7.298994,379.200000
1994-04-14,446.380000,1240.680217,7.277644,378.550000
1994-04-15,446.180000,1240.264726,7.279657,376.200000
1994-04-18,442.460000,1230.064438,7.182667,377.350000
1994-04-19,442.540000,1230.426037,7.207687,375.950000
1994-04-20,441.960000,1228.952655,7.238548,372.400000
1994-04-21,448.730000,1247.916977,7.321645,373.750000
1994-04-22,447.630000,1244.999094,7.311938,372.850000
1994-04-25,452.710000,1259.269047,7.354896,370.250000
1994-04-26,451.870000,1257.074981,7.356898,374.150000
1994-04-28,449.100000,1249.511258,7.252961,373.200000
1994-04-29,450.910000,1254.688536,7.243383,376.450000
1994-05-03,453.030000,1260.728888,7.206932,375.700000
1994-05-04,451.720000,1257.225297,7.203205,374.500000
1994-05-05,451.380000,1256.420599,7.222534,374.500000
1994-05-06,447.820000,1246.652803,7.085899,372.800000
1994-05-09,442.320000,1231.482161,7.008604,381.400000
1994-05-10,446.010000,1241.894339,7.100397,381.650000
1994-05-11,441.490000,1229.448469,7.062700,378.500000
1994-05-12,443.750000,1235.880512,7.087375,382.150000
1994-05-13,444.140000,1237.105880,7.129134,381.450000
1994-05-16,444.490000,1238.220092,7.159713,380.650000
1994-05-17,449.370000,1251.953804,7.282053,382.550000
1994-05-18,453.690000,1264.130406,7.284085,379.650000
1994-05-19,456.480000,1272.046636,7.326907,383.000000
1994-05-20,454.920000,1267.842732,7.293762,381.550000
1994-05-23,453.200000,1263.191950,7.196599,386.750000
1994-05-24,454.810000,1267.821720,7.210166,388.100000
1994-05-25,456.340000,1272.229508,7.229522,386.400000
1994-05-26,457.060000,1274.380074,7.260489,385.900000
1994-05-27,457.330000,1275.276413,7.245106,383.400000
1994-05-31,456.500000,1273.105559,7.218173,386.250000
1994-06-01,457.630000,1276.399568,7.249099,387.250000
1994-06-02,457.650000,1276.598340,7.280144,383.600000
1994-06-03,460.130000,1283.659222,7.334603,382.750000
1994-06-06,458.880000,1280.315805,7.377709,380.250000
1994-06-07,458.210000,1278.589874,7.356123,380.500000
1994-06-08,457.060000,1275.524146,7.352267,381.900000
1994-06-09,457.860000,1277.899609,7.342534,382.200000
1994-06-10,458.670000,1280.303497,7.315198,383.300000
1994-06-13,459.100000,1281.647199,7.293830,382.500000
1994-06-14,462.370000,1290.919476,7.336722,383.500000
1994-06-15,460.610000,1286.150239,7.280066,383.500000
1994-06-16,461.930000,1289.980124,7.299589,387.100000
1994-06-17,458.450000,1280.406428,7.260759,385.750000
1994-06-20,455.480000,1272.254944,7.251199,391.000000
1994-06-21,451.340000,1260.833546,7.218454,389.950000
1994-06-22,453.090000,1265.863475,7.272495,393.100000
1994-06-23,449.630000,1256.338578,7.292006,389.500000
1994-06-24,442.800000,1237.395200,7.224058,390.700000
1994-06-27,447.310000,1250.136919,7.249244,390.250000
1994-06-28,446.070000,1246.811428,7.204915,385.900000
1994-06-29,447.630000,1251.311462,7.218518,385.800000
1994-06-30,444.270000,1242.059047,7.162844,385.400000
1994-07-01,446.200000,1247.595333,7.164930,386.800000
1994-07-05,446.370000,1248.211813,7.184213,387.800000
1994-07-06,446.130000,1247.681910,7.180550,385.750000
1994-07-07,448.380000,1254.115598,7.194124,383.900000
1994-07-08,449.550000,1257.529970,7.127145,383.400000
1994-07-11,448.060000,1253.504257,7.100735,384.400000
1994-07-12,447.950000,1253.338340,7.125562,385.750000
1994-07-13,448.730000,1255.662538,7.139064,384.850000
1994-07-14,453.410000,1268.900454,7.232543,384.000000
1994-07-15,454.160000,1271.142946,7.234624,384.850000
1994-07-18,455.220000,1274.253584,7.265644,386.400000
1994-07-19,453.860000,1270.590836,7.296782,384.250000
1994-07-20,451.600000,1264.407672,7.240478,386.400000
1994-07-21,452.610000,1267.378566,7.230977,385.400000
1994-07-22,453.110000,1268.922035,7.221493,384.100000
1994-07-25,454.250000,1272.258139,7.235136,384.850000
1994-07-26,453.360000,1269.909381,7.231436,385.850000
1994-07-27,452.570000,1267.840185,7.198814,387.000000
1994-07-28,454.240000,1272.662006,7.229706,387.350000
1994-07-29,458.260000,1284.068986,7.330121,384.050000
1994-08-01,461.010000,1291.916224,7.326328,384.000000
1994-08-02,460.560000,1290.797618,7.340123,383.750000
1994-08-03,461.450000,1293.434327,7.353938,378.600000
1994-08-04,458.400000,1285.027866,7.338358,377.500000
1994-08-05,457.090000,1281.497254,7.246500,378.600000
1994-08-08,457.890000,1283.881440,7.248594,377.700000
1994-08-09,457.920000,1284.107128,7.221694,377.400000
1994-08-10,460.300000,1290.922760,7.241126,378.300000
1994-08-11,458.880000,1287.082681,7.208466,376.700000
1994-08-12,461.940000,1295.807399,7.262473,377.700000
1994-08-15,461.230000,1293.958633,7.247138,376.450000
1994-08-16,465.010000,1304.705923,7.313012,376.600000
1994-08-17,465.170000,1305.298711,7.338500,377.800000
1994-08-18,463.170000,1299.830506,7.264262,377.850000
1994-08-19,463.680000,1301.405088,7.272172,381.050000
1994-08-22,462.320000,1297.731495,7.250999,381.600000
1994-08-23,464.510000,1304.021919,7.270505,381.250000
1994-08-24,469.030000,1316.854735,7.307504,382.600000
1994-08-25,468.080000,1314.332709,7.268675,383.400000
1994-08-26,473.800000,1330.538957,7.299853,383.300000
1994-08-30,476.070000,1337.060352,7.327414,386.150000
1994-08-31,475.490000,1335.578835,7.335369,386.250000
1994-09-01,473.170000,1329.208949,7.337462,386.000000
1994-09-02,470.990000,1323.230926,7.327816,387.100000
1994-09-06,471.860000,1325.820447,7.294739,387.800000
1994-09-07,470.990000,1323.521511,7.285172,388.400000
1994-09-08,473.140000,1329.708507,7.281451,391.000000
1994-09-09,468.180000,1315.914962,7.202008,389.500000
1994-09-12,466.210000,1310.522358,7.192611,391.500000
1994-09-13,467.510000,1314.320564,7.206249,390.450000
1994-09-14,468.800000,1318.091473,7.225671,390.400000
1994-09-15,474.810000,1335.134081,7.262479,387.800000
1994-09-16,471.190000,1325.101473,7.165828,388.250000
1994-09-19,470.850000,1324.290799,7.185164,390.150000
1994-09-20,463.360000,1303.370174,7.164307,392.250000
1994-09-21,461.460000,1298.168830,7.149254,394.800000
1994-09-22,461.270000,1297.776858,7.151398,393.950000
1994-09-23,459.670000,1293.417769,7.147823,396.500000
1994-09-26,460.820000,1296.795646,7.149970,395.400000
1994-09-27,462.050000,1300.399376,7.129238,394.150000
1994-09-28,464.840000,1308.394365,7.154204,397.500000
1994-09-29,462.240000,1301.219748,7.116290,394.500000
1994-09-30,462.710000,1302.685680,7.129833,395.350000
1994-10-03,461.740000,1300.099840,7.109174,393.450000
1994-10-04,454.590000,1280.112670,7.088585,394.100000
1994-10-05,453.520000,1277.242106,7.051055,392.150000
1994-10-06,452.360000,1274.117421,7.047589,391.900000
1994-10-07,455.100000,1281.976765,7.094869,392.850000
1994-10-11,465.790000,1312.232291,7.125416,389.450000
1994-10-12,465.470000,1311.476883,7.104778,388.200000
1994-10-13,467.790000,1318.159577,7.135365,388.850000
1994-10-14,469.100000,1321.997716,7.154653,387.100000
1994-10-17,468.960000,1321.750364,7.151090,388.950000
1994-10-18,467.660000,1318.233513,7.141811,390.000000
1994-10-19,470.280000,1325.765503,7.121122,389.000000
1994-10-20,466.850000,1316.243606,7.054930,390.550000
1994-10-21,464.890000,1310.864102,7.051469,391.650000
1994-10-24,460.830000,1299.561950,7.025449,389.200000
1994-10-25,461.530000,1301.680675,7.016400,389.600000
1994-10-26,462.620000,1304.899794,7.018594,388.800000
1994-10-27,465.850000,1314.155855,7.020788,389.900000
1994-10-28,473.770000,1336.644372,7.056683,388.400000
1994-10-31,472.350000,1332.786956,7.064519,387.400000
1994-11-01,468.420000,1321.848282,7.010192,383.450000
1994-11-02,466.510000,1316.607412,6.984352,383.850000
1994-11-03,467.910000,1320.706986,6.986558,383.900000
1994-11-04,462.280000,1304.964825,6.944051,383.900000
1994-11-07,463.070000,1307.342019,6.940711,383.200000
1994-11-08,465.650000,1314.773271,6.965138,383.100000
1994-11-09,465.400000,1314.215609,7.006357,384.350000
1994-11-10,464.370000,1311.455208,6.986144,384.300000
1994-11-14,466.040000,1316.319400,7.010712,384.900000
1994-11-15,465.030000,1313.615070,7.024138,386.450000
1994-11-16,465.620000,1315.429788,6.998249,385.500000
1994-11-17,463.570000,1309.786596,6.966871,386.400000
1994-11-18,461.470000,1304.000840,6.980238,385.250000
1994-11-21,458.300000,1295.190202,6.971288,383.600000
1994-11-22,450.090000,1272.134137,6.990241,383.700000
1994-11-23,449.930000,1271.825324,7.098712,384.500000
1994-11-25,452.290000,1278.639756,7.106591,384.550000
1994-11-28,454.160000,1284.070457,7.063308,384.700000
1994-11-29,455.170000,1287.070840,7.025962,383.700000
1994-11-30,453.690000,1283.030983,7.050662,383.350000
1994-12-01,448.920000,1269.688777,7.047234,381.200000
1994-12-02,453.300000,1282.222590,7.111465,378.950000
1994-12-05,453.320000,1282.426379,7.102291,377.300000
1994-12-06,453.110000,1281.979536,7.161316,376.550000
1994-12-07,451.230000,1276.807660,7.117680,377.000000
1994-12-08,445.450000,1260.599074,7.131274,376.450000
1994-12-09,446.960000,1265.017024,7.133479,376.100000
1994-12-12,449.470000,1272.266240,7.101443,376.850000
1994-12-13,450.150000,1274.337116,7.115018,378.700000
1994-12-14,454.970000,1288.128445,7.134304,378.350000
1994-12-15,455.340000,1289.323898,7.142220,380.100000
1994-12-16,458.800000,1299.269137,7.133000,379.700000
1994-12-19,457.910000,1296.897933,7.135211,379.000000
1994-12-20,457.100000,1294.752743,7.137422,380.600000
1994-12-21,459.610000,1302.011066,7.145344,382.500000
1994-12-22,459.680000,1302.358854,7.124691,381.500000
1994-12-23,459.830000,1302.933361,7.121208,381.300000
1994-12-28,460.860000,1306.001471,7.153949,381.800000
1994-12-29,461.170000,1307.029907,7.144717,383.150000
1994-12-30,459.270000,1301.795066,7.135503,382.500000
1995-01-03,459.110000,1301.487890,7.114889,381.400000
1995-01-04,460.710000,1306.169889,7.151265,378.250000
1995-01-05,460.340000,1305.267727,7.119158,375.000000
1995-01-06,460.680000,1306.378511,7.127080,375.900000
1995-01-09,460.830000,1306.950733,7.117902,372.450000
1995-01-10,461.680000,1309.508323,7.148602,374.100000
1995-01-11,461.660000,1309.598805,7.179421,375.000000
1995-01-12,461.640000,1309.689291,7.175897,377.600000
1995-01-13,465.970000,1322.120887,7.241266,379.800000
1995-01-17,470.050000,1333.845910,7.237682,377.900000
1995-01-18,469.710000,1333.031049,7.234104,382.000000
1995-01-19,466.950000,1325.348058,7.218955,383.100000
1995-01-20,464.780000,1319.337919,7.174971,383.000000
1995-01-23,465.820000,1322.438408,7.171458,385.100000
1995-01-24,465.860000,1322.700630,7.156474,381.500000
1995-01-25,467.440000,1327.335363,7.193058,381.700000
1995-01-26,468.320000,1329.983411,7.218302,380.500000
1995-01-27,470.390000,1336.011522,7.278271,380.000000
1995-01-30,468.510000,1330.822096,7.286306,375.900000
1995-01-31,470.420000,1336.397136,7.317663,375.850000
1995-02-01,470.400000,1336.485355,7.284745,376.250000
1995-02-02,472.790000,1343.420792,7.275304,375.250000
1995-02-03,478.650000,1360.217631,7.388106,376.350000
1995-02-06,481.140000,1367.441282,7.366660,375.250000
1995-02-07,480.810000,1366.651799,7.374754,375.200000
1995-02-08,481.190000,1367.880228,7.371055,374.800000
1995-02-09,480.190000,1365.185978,7.343774,375.850000
1995-02-10,481.460000,1368.944764,7.322483,376.400000
1995-02-13,481.650000,1369.633563,7.330555,375.600000
1995-02-14,482.550000,1372.341471,7.391413,376.000000
1995-02-15,484.540000,1378.149841,7.429094,376.900000
1995-02-16,485.220000,1380.233494,7.461007,376.100000
1995-02-17,481.970000,1371.138494,7.445292,376.550000
1995-02-21,482.720000,1373.420947,7.441531,379.000000
1995-02-22,485.070000,1380.256153,7.503260,379.000000
1995-02-23,486.910000,1385.641629,7.505445,379.000000
1995-02-24,488.110000,1389.206952,7.513636,379.600000
1995-02-27,483.810000,1377.119515,7.569919,376.800000
1995-02-28,487.390000,1387.459102,7.584206,375.700000
1995-03-01,485.650000,1382.652860,7.580312,376.300000
1995-03-02,485.130000,1381.318940,7.540037,374.450000
1995-03-03,485.420000,1382.291048,7.506029,376.350000
1995-03-06,485.630000,1383.035537,7.478197,376.600000
1995-03-07,482.120000,1373.185905,7.462448,379.000000
1995-03-08,483.140000,1376.236618,7.512411,383.100000
1995-03-09,483.160000,1376.439436,7.550665,381.000000
1995-03-10,489.570000,1394.846289,7.595136,383.500000
1995-03-13,490.050000,1396.361689,7.621619,382.750000
1995-03-14,492.890000,1404.602042,7.684767,385.200000
1995-03-15,491.880000,1401.872671,7.686929,386.600000
1995-03-16,495.410000,1412.081841,7.713690,385.150000
1995-03-17,495.520000,1412.545023,7.672651,382.750000
1995-03-20,496.140000,1414.462110,7.674819,382.450000
1995-03-21,495.070000,1411.561510,7.652428,382.600000
1995-03-22,495.670000,1413.421843,7.623993,381.400000
1995-03-23,495.950000,1414.370062,7.626174,383.100000
1995-03-24,500.970000,1428.836188,7.701567,383.250000
1995-03-27,503.200000,1435.347880,7.728379,382.300000
1995-03-28,503.900000,1437.496700,7.662531,382.350000
1995-03-29,503.120000,1435.423901,7.664708,383.000000
1995-03-30,502.220000,1433.008281,7.654623,382.100000
1995-03-31,500.710000,1428.851590,7.644556,386.550000
1995-04-03,501.850000,1432.252593,7.683434,392.250000
1995-04-04,505.240000,1442.075662,7.697905,391.950000
1995-04-05,505.570000,1443.166771,7.700080,392.500000
1995-04-06,506.080000,1444.771905,7.720735,393.750000
1995-04-07,506.420000,1445.892036,7.710555,392.000000
1995-04-10,507.010000,1447.726164,7.706562,390.900000
1995-04-11,505.530000,1443.649938,7.727235,389.100000
1995-04-12,507.170000,1448.482684,7.747954,389.800000
1995-04-13,509.230000,1454.515937,7.768720,389.900000
1995-04-18,505.370000,1443.641099,7.766841,394.100000
1995-04-19,504.920000,1442.504999,7.756584,396.950000
1995-04-20,505.290000,1443.711306,7.783578,393.350000
1995-04-21,508.490000,1453.003704,7.791973,390.350000
1995-04-24,512.890000,1465.726988,7.794141,391.050000
1995-04-25,512.100000,1463.620999,7.796309,390.200000
1995-04-26,512.660000,1465.372960,7.798478,389.850000
1995-04-27,513.550000,1468.068532,7.781931,386.600000
1995-04-28,514.710000,1471.536485,7.765428,389.500000
1995-05-01,514.260000,1470.398295,7.755182,386.500000
1995-05-02,514.860000,1472.262073,7.788385,388.350000
1995-05-03,520.480000,1488.481097,7.840406,388.800000
1995-05-04,520.540000,1488.802737,7.911567,390.300000
1995-05-05,520.120000,1487.751574,8.014986,391.350000
1995-05-09,523.560000,1497.741330,8.070509,389.900000
1995-05-10,524.360000,1500.180864,8.040343,383.400000
1995-05-11,524.370000,1500.360704,8.029604,383.100000
1995-05-12,525.550000,1503.888244,8.038156,384.100000
1995-05-15,527.740000,1510.306646,8.072436,383.900000
1995-05-16,528.190000,1511.746724,8.106847,384.100000
1995-05-17,527.070000,1508.693539,8.134902,383.400000
1995-05-18,519.580000,1487.406133,8.084947,383.050000
1995-05-19,519.190000,1486.439619,8.087067,382.600000
1995-05-22,523.650000,1499.358433,8.076249,382.350000
1995-05-23,528.590000,1513.654201,8.117140,381.850000
1995-05-24,528.610000,1513.864061,8.203675,382.900000
1995-05-25,528.590000,1513.959394,8.238586,383.750000
1995-05-26,523.650000,1499.963128,8.234084,385.800000
1995-05-30,523.580000,1499.913826,8.302048,386.100000
1995-05-31,533.400000,1528.196650,8.304123,384.250000
1995-06-01,533.490000,1528.604717,8.372632,383.200000
1995-06-02,532.510000,1525.946986,8.441673,384.600000
1995-06-05,535.600000,1534.951605,8.457224,383.400000
1995-06-06,535.550000,1534.959191,8.459264,384.200000
1995-06-07,533.130000,1528.174022,8.380096,384.650000
1995-06-08,532.350000,1526.088428,8.368750,385.950000
1995-06-09,527.940000,1513.596284,8.250305,386.400000
1995-06-12,530.880000,1522.174001,8.272201,387.600000
1995-06-13,536.050000,1537.147388,8.426501,387.500000
1995-06-14,536.470000,1538.502852,8.421813,386.800000
1995-06-15,537.120000,1540.518168,8.403656,388.000000
1995-06-16,539.830000,1548.442167,8.385548,391.300000
1995-06-19,545.220000,1564.054987,8.441282,390.500000
1995-06-20,544.980000,1563.520247,8.423076,390.600000
1995-06-21,543.980000,1560.804984,8.445350,390.700000
1995-06-22,551.070000,1581.301262,8.508211,389.800000
1995-06-23,549.710000,1577.554163,8.496637,389.400000
1995-06-26,544.130000,1561.695782,8.464694,389.300000
1995-06-27,542.430000,1556.970157,8.439659,389.350000
1995-06-28,544.730000,1563.725032,8.475478,389.300000
1995-06-29,543.870000,1561.409988,8.355483,387.450000
1995-06-30,544.750000,1564.089882,8.404355,387.600000
1995-07-03,547.090000,1570.958169,8.406427,384.350000
1995-07-05,547.260000,1571.596642,8.421948,384.600000
1995-07-06,553.990000,1591.073935,8.518343,384.450000
1995-07-07,556.370000,1598.061604,8.527203,384.800000
1995-07-10,557.190000,1600.569805,8.529247,385.750000
1995-07-11,554.780000,1593.800055,8.497174,384.950000
1995-07-12,560.890000,1611.505678,8.492430,385.850000
1995-07-13,561.000000,1611.975923,8.501279,389.300000
1995-07-14,559.890000,1608.940698,8.462528,388.200000
1995-07-17,562.720000,1617.227147,8.417203,388.200000
1995-07-18,558.460000,1605.138884,8.399079,389.300000
1995-07-19,550.980000,1583.793283,8.280215,389.250000
1995-07-20,553.540000,1591.303559,8.282328,387.850000
1995-07-21,553.620000,1591.685809,8.218183,385.850000
1995-07-24,556.630000,1600.492017,8.266334,386.450000
1995-07-25,561.100000,1613.497866,8.288292,386.650000
1995-07-26,561.610000,1615.118812,8.257254,385.800000
1995-07-27,565.220000,1625.655259,8.292406,386.100000
1995-07-28,562.930000,1619.224439,8.254719,383.200000
1995-07-31,562.060000,1616.876891,8.283260,383.350000
1995-08-01,559.640000,1610.070319,8.252247,381.750000
1995-08-02,558.800000,1607.808044,8.293986,382.650000
1995-08-03,558.750000,1607.818348,8.236389,382.750000
1995-08-04,558.940000,1608.519246,8.258291,384.350000
1995-08-07,560.030000,1611.810287,8.273634,383.750000
1995-08-08,560.390000,1613.000946,8.282380,384.350000
1995-08-09,559.710000,1611.198330,8.284507,384.500000
1995-08-10,557.450000,1604.847117,8.260124,384.050000
1995-08-11,555.110000,1598.264357,8.209393,383.900000
1995-08-14,559.740000,1611.748235,8.211539,383.500000
1995-08-15,558.570000,1608.533813,8.226825,384.500000
1995-08-16,559.970000,1612.719679,8.248714,384.100000
1995-08-17,559.040000,1610.195907,8.231058,383.000000
1995-08-18,559.210000,1610.839952,8.233204,384.850000
1995-08-21,558.110000,1607.825790,8.255110,385.550000
1995-08-22,559.520000,1612.041944,8.237441,383.550000
1995-08-23,557.140000,1605.339461,8.219818,383.450000
1995-08-24,557.460000,1606.415437,8.287730,383.100000
1995-08-25,560.100000,1614.177078,8.369430,382.600000
1995-08-29,560.000000,1614.043662,8.387006,383.250000
1995-08-30,560.920000,1616.850070,8.409252,381.900000
1995-08-31,561.880000,1619.772301,8.445001,381.650000
1995-09-01,563.840000,1625.573351,8.487642,381.800000
1995-09-05,569.170000,1641.091311,8.516897,379.400000
1995-09-06,570.170000,1644.127418,8.525799,379.000000
1995-09-07,570.290000,1644.626531,8.500604,380.550000
1995-09-08,572.680000,1651.672044,8.482298,383.050000
1995-09-11,573.910000,1655.373286,8.484398,381.900000
1995-09-12,576.510000,1663.026799,8.540799,382.900000
1995-09-13,578.770000,1669.700940,8.529222,385.400000
1995-09-14,583.610000,1683.819382,8.599547,384.700000
1995-09-15,583.350000,1683.226015,8.580983,385.250000
1995-09-18,582.770000,1681.709179,8.541875,384.950000
1995-09-19,584.200000,1685.992337,8.564467,385.650000
1995-09-20,586.770000,1693.566300,8.593960,385.000000
1995-09-21,583.000000,1682.842815,8.520413,382.950000
1995-09-22,581.730000,1679.333620,8.495247,383.250000
1995-09-25,581.810000,1679.720925,8.490558,382.200000
1995-09-26,581.410000,1678.722498,8.479082,383.250000
1995-09-27,581.040000,1677.810491,8.467629,383.200000
1995-09-28,585.870000,1691.913813,8.483294,383.550000
1995-09-29,584.410000,1687.855063,8.560061,383.750000
1995-10-02,581.720000,1680.242820,8.575853,383.100000
1995-10-03,582.340000,1682.189764,8.591667,382.250000
1995-10-04,581.470000,1679.832932,8.600631,382.600000
1995-10-05,582.630000,1683.340200,8.644002,383.350000
1995-10-06,582.490000,1683.092132,8.646081,382.500000
1995-10-10,577.520000,1668.887823,8.641243,384.700000
1995-10-11,579.460000,1674.649014,8.629499,384.700000
1995-10-12,583.100000,1685.324288,8.645392,384.600000
1995-10-13,584.500000,1689.527290,8.716637,384.000000
1995-10-16,583.030000,1685.435175,8.718702,384.000000
1995-10-17,586.780000,1696.432369,8.720768,383.800000
1995-10-18,587.440000,1698.498124,8.708880,383.750000
1995-10-19,590.650000,1707.937206,8.717918,383.400000
1995-10-20,587.460000,1698.871635,8.678140,381.850000
1995-10-23,585.060000,1692.088955,8.659393,382.550000
1995-10-24,586.540000,1696.526591,8.696116,382.550000
1995-10-25,582.470000,1684.912042,8.712107,382.400000
1995-10-26,576.720000,1668.435573,8.672364,382.700000
1995-10-27,579.700000,1677.211670,8.681387,382.550000
1995-10-30,583.250000,1687.638526,8.690416,382.050000
1995-10-31,581.500000,1682.731708,8.699452,382.400000
1995-11-01,584.220000,1690.756621,8.736331,382.500000
1995-11-02,589.720000,1706.828419,8.780339,382.200000
1995-11-03,590.570000,1709.444618,8.768353,382.800000
1995-11-06,588.460000,1703.493361,8.756390,382.500000
1995-11-07,586.320000,1697.454155,8.737446,382.300000
1995-11-08,591.710000,1713.213921,8.788452,384.700000
1995-11-09,593.260000,1717.858355,8.755363,384.400000
1995-11-10,592.720000,1716.451767,8.736424,386.650000
1995-11-13,592.300000,1715.392415,8.752483,389.600000
1995-11-14,589.290000,1706.831814,8.761562,386.100000
1995-11-15,593.960000,1720.514140,8.742610,385.600000
1995-11-16,597.340000,1730.462223,8.793650,384.650000
1995-11-17,600.070000,1738.529090,8.802754,386.600000
1995-11-20,596.850000,1729.359012,8.797780,386.550000
1995-11-21,600.240000,1739.339559,8.806888,386.800000
1995-11-22,598.400000,1734.166731,8.801912,385.300000
1995-11-24,599.970000,1738.875141,8.818066,383.500000
1995-11-27,601.320000,1742.946777,8.841297,385.200000
1995-11-28,606.450000,1757.975602,8.843360,387.300000
1995-11-29,607.640000,1761.585888,8.866648,388.950000
1995-11-30,605.370000,1755.166066,8.932546,387.850000
1995-12-01,606.980000,1759.990266,8.970318,387.150000
1995-12-04,613.680000,1779.574199,9.029761,386.250000
1995-12-05,617.680000,1791.332018,9.017330,386.300000
1995-12-06,620.180000,1798.741764,9.004924,387.600000
1995-12-07,616.170000,1787.271505,8.970931,388.400000
1995-12-08,617.480000,1791.230451,8.965790,389.350000
1995-12-11,619.520000,1797.307724,8.982174,389.700000
1995-12-12,618.780000,1795.320923,8.977024,388.450000
1995-12-13,621.690000,1803.923821,8.964698,388.100000
1995-12-14,616.920000,1790.243597,8.966740,385.700000
1995-12-15,616.340000,1788.719898,8.961609,385.850000
1995-12-18,606.810000,1761.221543,8.891961,387.000000
1995-12-19,611.930000,1776.238789,8.922480,388.000000
1995-12-20,605.940000,1759.009877,8.960227,387.100000
1995-12-21,610.490000,1772.374897,8.955106,388.400000
1995-12-22,611.950000,1776.771385,9.000141,387.200000
1995-12-27,614.530000,1784.420514,9.040257,387.350000
1995-12-28,614.120000,1783.388878,9.063984,386.850000
1995-12-29,615.930000,1788.803867,9.102265,386.700000
1996-01-02,620.730000,1802.904693,9.089717,387.100000
1996-01-03,621.320000,1804.780118,9.106280,390.500000
1996-01-04,617.700000,1794.426862,9.057301,393.600000
1996-01-05,616.710000,1791.711913,9.030349,396.400000
1996-01-08,618.460000,1796.956915,9.039612,396.000000
1996-01-09,609.450000,1770.939290,9.027186,395.650000
1996-01-10,598.480000,1739.221580,8.957010,396.750000
1996-01-11,602.690000,1751.612173,8.973403,399.400000
1996-01-12,601.810000,1749.211781,8.996997,396.350000
1996-01-16,608.440000,1768.639396,9.063829,397.800000
1996-01-17,606.370000,1762.780932,9.123873,398.900000
1996-01-18,608.240000,1768.375392,9.162389,397.500000
1996-01-19,611.830000,1778.971508,9.157070,396.800000
1996-01-22,613.400000,1783.696105,9.107803,401.800000
1996-01-23,612.790000,1782.082348,9.073399,402.650000
1996-01-24,619.960000,1803.093656,9.104472,403.000000
1996-01-25,617.030000,1794.733827,9.048234,403.350000
1996-01-26,621.620000,1808.245644,9.086474,407.400000
1996-01-29,624.220000,1815.971102,9.059434,405.450000
1996-01-30,630.150000,1833.385513,9.104965,406.700000
1996-01-31,636.020000,1850.628454,9.128851,403.200000
1996-02-01,638.460000,1857.886374,9.108970,406.600000
1996-02-02,635.840000,1850.421175,9.089144,416.250000
1996-02-05,641.430000,1866.847420,9.062100,415.250000
1996-02-06,646.330000,1881.268241,9.078649,412.200000
1996-02-07,649.930000,1891.907604,9.095221,414.750000
1996-02-08,656.070000,1909.942557,9.097264,406.950000
1996-02-09,656.370000,1910.979233,9.099307,408.300000
1996-02-12,661.450000,1925.932737,9.137748,405.250000
1996-02-13,660.510000,1923.360442,9.161713,403.000000
1996-02-14,655.580000,1909.169083,9.134424,403.900000
1996-02-15,651.320000,1896.926436,9.078001,404.550000
1996-02-16,647.980000,1887.361114,9.036480,403.050000
1996-02-20,640.650000,1866.172528,8.857816,405.400000
1996-02-21,648.100000,1888.033479,8.881187,398.500000
1996-02-22,658.860000,1919.540768,8.925925,399.350000
1996-02-23,659.080000,1920.345863,8.892318,397.750000
1996-02-26,650.460000,1895.394182,8.865969,399.550000
1996-02-27,647.240000,1886.173407,8.832620,398.750000
1996-02-28,644.750000,1879.078388,8.799413,397.700000
1996-02-29,640.430000,1866.648733,8.787468,400.350000
1996-03-01,644.370000,1878.293984,8.888025,400.300000
1996-03-04,650.810000,1897.228555,8.939910,398.650000
1996-03-05,655.790000,1911.910208,8.913403,392.900000
1996-03-06,652.000000,1901.026049,8.851334,393.600000
1996-03-07,653.650000,1906.001311,8.839297,394.200000
1996-03-08,633.500000,1847.410021,8.600998,394.850000
1996-03-11,640.020000,1866.583363,8.658232,396.600000
1996-03-12,637.090000,1858.199583,8.639627,396.000000
1996-03-13,638.550000,1862.618642,8.648719,397.400000
1996-03-14,640.870000,1869.547028,8.643979,396.100000
1996-03-15,641.430000,1871.342321,8.577009,395.600000
1996-03-18,652.650000,1904.237967,8.599793,395.450000
1996-03-19,651.690000,1901.601634,8.615747,395.050000
1996-03-20,649.980000,1896.776364,8.666186,394.700000
1996-03-21,649.190000,1894.634996,8.709964,395.300000
1996-03-22,650.620000,1898.972223,8.684263,397.300000
1996-03-25,650.040000,1897.443575,8.728126,398.000000
1996-03-26,652.970000,1906.160213,8.737276,399.450000
1996-03-27,648.910000,1894.473024,8.676535,400.000000
1996-03-28,648.940000,1894.724424,8.630129,398.600000
1996-03-29,645.500000,1884.844418,8.680653,396.700000
1996-04-01,653.730000,1909.039432,8.703671,395.000000
1996-04-02,655.260000,1913.673092,8.747628,394.350000
1996-04-03,655.880000,1915.649905,8.735801,393.800000
1996-04-04,655.860000,1915.757777,8.696043,394.300000
1996-04-09,642.190000,1875.994198,8.542330,397.600000
1996-04-10,633.500000,1850.771425,8.496716,394.550000
1996-04-11,631.180000,1844.154197,8.464965,395.150000
1996-04-12,636.710000,1860.471591,8.575560,395.200000
1996-04-15,642.490000,1877.522293,8.612081,393.750000
1996-04-16,645.000000,1885.020142,8.607403,393.500000
1996-04-17,641.610000,1875.276455,8.582072,391.400000
1996-04-18,643.610000,1881.284772,8.543099,391.300000
1996-04-19,645.070000,1885.715685,8.579502,389.900000
1996-04-22,647.890000,1894.123003,8.616043,390.700000
1996-04-23,651.580000,1905.075232,8.590687,391.450000
1996-04-24,650.170000,1901.118074,8.558547,391.100000
1996-04-25,652.870000,1909.177987,8.567626,390.350000
1996-04-26,653.460000,1911.069041,8.583564,393.100000
1996-04-29,654.160000,1913.282108,8.551457,390.750000
1996-04-30,654.170000,1913.477438,8.505806,390.150000
1996-05-01,654.580000,1914.839923,8.494444,391.000000
1996-05-02,643.380000,1882.239947,8.381171,392.800000
1996-05-03,641.630000,1877.280788,8.349925,394.000000
1996-05-07,638.260000,1867.580973,8.374509,393.750000
1996-05-08,644.770000,1886.788864,8.437088,393.650000
1996-05-09,645.440000,1888.910423,8.398860,393.200000
1996-05-10,652.090000,1908.533081,8.461612,392.800000
1996-05-13,661.510000,1936.266276,8.484186,391.250000
1996-05-14,665.600000,1948.403031,8.527173,391.250000
1996-05-15,665.420000,1948.042315,8.536248,391.850000
1996-05-16,664.850000,1946.539783,8.504356,392.000000
1996-05-17,668.910000,1958.592639,8.540634,392.500000
1996-05-20,673.150000,1971.174578,8.563385,391.650000
1996-05-21,672.760000,1970.200685,8.545083,391.200000
1996-05-22,678.420000,1986.944244,8.561010,391.000000
1996-05-23,676.000000,1980.026075,8.529018,391.350000
1996-05-24,678.510000,1987.546841,8.551749,390.650000
1996-05-28,672.230000,1969.320487,8.540323,392.150000
1996-05-29,667.930000,1956.891472,8.474261,391.650000
1996-05-30,671.700000,1968.103683,8.469758,391.550000
1996-05-31,669.120000,1960.712072,8.424606,390.550000
1996-06-03,667.680000,1956.658549,8.413417,390.800000
1996-06-04,672.560000,1971.125296,8.422441,390.350000
1996-06-05,678.440000,1988.525251,8.451686,387.950000
1996-06-06,673.030000,1972.836844,8.494541,385.700000
1996-06-07,673.310000,1973.824715,8.381294,385.850000
1996-06-10,672.160000,1970.620660,8.356779,385.550000
1996-06-11,670.970000,1967.298776,8.345719,385.400000
1996-06-12,669.040000,1961.806619,8.321328,384.500000
1996-06-13,667.920000,1958.688655,8.336963,384.800000
1996-06-14,665.850000,1952.784255,8.379300,383.200000
1996-06-17,665.160000,1950.926059,8.415128,384.550000
1996-06-18,662.060000,1941.998963,8.397236,384.900000
1996-06-19,661.960000,1941.870138,8.379392,386.000000
1996-06-20,662.100000,1942.445321,8.368299,384.300000
1996-06-21,666.840000,1956.515903,8.384006,384.200000
1996-06-24,668.850000,1962.578997,8.399736,383.700000
1996-06-25,668.480000,1961.659567,8.422209,384.850000
1996-06-26,664.390000,1949.823598,8.424518,384.000000
1996-06-27,668.550000,1962.197355,8.480745,383.000000
1996-06-28,670.630000,1968.468377,8.550890,381.300000
1996-07-01,675.880000,1984.053098,8.546333,380.600000
1996-07-02,673.610000,1977.565517,8.507596,381.750000
1996-07-03,672.400000,1974.188685,8.523504,382.500000
1996-07-05,657.440000,1930.440782,8.334871,381.000000
1996-07-08,652.540000,1916.224186,8.343874,382.300000
1996-07-09,654.750000,1922.883998,8.379583,381.000000
1996-07-10,656.060000,1926.901836,8.415429,383.400000
1996-07-11,645.670000,1896.556514,8.451412,382.500000
1996-07-12,646.190000,1898.252200,8.487532,384.000000
1996-07-15,629.800000,1850.273239,8.462679,383.550000
1996-07-16,628.370000,1846.236237,8.498843,384.650000
1996-07-17,634.070000,1863.147411,8.507949,383.650000
1996-07-18,643.560000,1891.198070,8.585125,383.850000
1996-07-19,638.730000,1877.172177,8.546206,384.350000
1996-07-22,633.770000,1862.761712,8.507483,384.500000
1996-07-23,626.870000,1842.646663,8.537017,385.200000
1996-07-24,626.650000,1842.163469,8.491513,384.400000
1996-07-25,631.170000,1855.614355,8.493828,385.050000
1996-07-26,635.900000,1869.684998,8.509734,384.900000
1996-07-29,630.910000,1855.179188,8.457584,385.050000
1996-07-30,635.260000,1868.134877,8.486975,384.900000
1996-07-31,639.950000,1882.092694,8.550401,385.500000
1996-08-01,650.020000,1911.872318,8.655313,386.650000
1996-08-02,662.490000,1948.716074,8.754537,387.150000
1996-08-05,660.230000,1942.237832,8.742791,387.950000
1996-08-06,662.380000,1948.731606,8.738062,388.850000
1996-08-07,664.160000,1954.137948,8.733340,388.250000
1996-08-08,662.590000,1949.688611,8.728623,387.750000
1996-08-09,662.100000,1948.416412,8.772793,388.400000
1996-08-12,665.770000,1959.385953,8.782074,387.200000
1996-08-13,660.200000,1943.163718,8.728130,387.700000
1996-08-14,662.050000,1948.777887,8.723423,387.150000
1996-08-15,662.280000,1949.624464,8.697786,386.300000
1996-08-16,665.210000,1958.419452,8.741820,386.200000
1996-08-19,666.580000,1962.623215,8.723116,386.250000
1996-08-20,665.690000,1960.173537,8.725397,387.100000
1996-08-21,665.070000,1958.518453,8.713718,387.450000
1996-08-22,670.680000,1975.209360,8.709032,386.900000
1996-08-23,667.030000,1964.631661,8.641648,387.500000
1996-08-27,666.400000,1962.947035,8.604705,389.000000
1996-08-28,664.810000,1958.434326,8.600137,388.650000
1996-08-29,657.400000,1936.775935,8.554293,388.050000
1996-08-30,651.990000,1921.005969,8.488188,387.250000
1996-09-03,654.720000,1929.215159,8.517694,387.200000
1996-09-04,655.610000,1932.003955,8.506405,385.950000
1996-09-05,649.440000,1913.988244,8.481527,386.000000
1996-09-06,655.680000,1932.543361,8.511017,385.600000
1996-09-09,663.760000,1956.524841,8.540596,385.000000
1996-09-10,663.810000,1956.840875,8.515605,382.450000
1996-09-11,667.280000,1967.238743,8.517950,383.150000
1996-09-12,671.150000,1978.817644,8.561182,382.200000
1996-09-13,680.540000,2006.673679,8.659404,382.500000
1996-09-16,683.980000,2016.990007,8.668648,382.650000
1996-09-17,682.940000,2014.097014,8.615484,383.300000
1996-09-18,681.470000,2009.935368,8.604027,382.900000
1996-09-19,683.000000,2014.621224,8.578826,383.100000
1996-09-20,687.030000,2026.682034,8.594891,382.500000
1996-09-23,686.480000,2025.234279,8.610979,381.200000
1996-09-24,685.610000,2022.842205,8.654646,381.600000
1996-09-25,685.830000,2023.665667,8.698513,383.250000
1996-09-26,685.860000,2023.928628,8.735623,382.050000
1996-09-27,686.190000,2025.076899,8.723955,380.300000
1996-09-30,687.330000,2028.615817,8.698351,379.300000
1996-10-01,689.080000,2033.950002,8.749381,377.050000
1996-10-02,694.010000,2048.671433,8.779688,379.200000
1996-10-03,692.780000,2045.211385,8.781991,379.500000
1996-10-04,701.460000,2071.006852,8.875627,380.200000
1996-10-07,703.340000,2076.730101,8.842407,379.600000
1996-10-08,700.640000,2068.931066,8.844699,381.000000
1996-10-09,696.740000,2057.587213,8.832839,380.900000
1996-10-10,694.610000,2051.468549,8.792737,381.600000
1996-10-11,700.660000,2069.507748,8.837249,381.850000
1996-10-15,702.570000,2075.321796,8.832476,381.000000
1996-10-16,704.410000,2080.930026,8.827709,380.800000
1996-10-17,706.990000,2088.725244,8.872384,380.550000
1996-10-18,710.820000,2100.214734,8.881774,379.600000
1996-10-21,709.850000,2097.523866,8.869854,380.000000
1996-10-22,706.570000,2088.006753,8.843765,382.400000
1996-10-23,707.270000,2090.249455,8.846067,383.950000
1996-10-24,702.290000,2075.705976,8.841293,383.700000
1996-10-25,700.920000,2071.829855,8.864817,382.200000
1996-10-28,697.260000,2061.184125,8.852934,382.800000
1996-10-29,701.500000,2073.889947,8.968556,382.350000
1996-10-30,700.900000,2072.289062,8.970834,380.300000
1996-10-31,705.270000,2085.382255,8.994642,379.300000
1996-11-01,703.770000,2081.113676,8.989720,377.200000
1996-11-04,706.730000,2090.033037,9.006380,378.650000
1996-11-05,714.140000,2112.113921,9.066294,379.250000
1996-11-06,724.590000,2143.189296,9.054047,377.900000
1996-11-07,727.650000,2152.411478,9.085283,377.900000
1996-11-08,730.820000,2161.960501,9.065736,378.350000
1996-11-12,729.560000,2158.405912,9.140524,381.600000
1996-11-13,731.130000,2163.223306,9.135457,382.500000
1996-11-14,735.880000,2177.450247,9.174247,382.650000
1996-11-15,737.620000,2182.772929,9.147128,379.850000
1996-11-18,737.020000,2181.171894,9.142057,379.700000
1996-11-19,742.160000,2196.557816,9.166247,378.300000
1996-11-20,743.950000,2202.031240,9.190491,378.600000
1996-11-21,742.750000,2198.655369,9.185377,378.500000
1996-11-22,748.730000,2216.532859,9.187619,376.900000
1996-11-25,757.030000,2241.281286,9.204562,375.100000
1996-11-26,755.960000,2238.292586,9.206801,374.500000
1996-11-27,755.000000,2235.629089,9.201675,373.950000
1996-11-29,757.020000,2241.789224,9.262807,371.900000
1996-12-02,756.560000,2240.605349,9.250214,370.500000
1996-12-03,748.280000,2216.261794,9.267247,369.000000
1996-12-04,745.100000,2207.019552,9.232406,370.400000
1996-12-05,744.380000,2205.062453,9.153399,368.300000
1996-12-06,739.600000,2191.078168,9.126368,373.000000
1996-12-09,749.760000,2221.351654,9.165140,368.500000
1996-12-10,747.540000,2214.951061,9.152735,368.800000
1996-12-11,740.730000,2194.949325,9.045165,369.600000
1996-12-12,729.300000,2161.254281,9.032982,368.600000
1996-12-13,728.640000,2159.470327,9.085861,369.050000
1996-12-16,720.980000,2136.940175,9.044531,368.600000
1996-12-17,726.040000,2152.107700,9.025118,368.300000
1996-12-18,731.540000,2168.581853,8.998537,369.000000
1996-12-19,745.760000,2210.908227,9.072832,369.600000
1996-12-20,748.870000,2220.304132,9.082380,369.200000
1996-12-23,746.920000,2214.699260,9.091935,368.700000
1996-12-24,751.030000,2227.062042,9.079675,368.900000
1996-12-27,756.790000,2244.319588,9.127877,369.550000
1996-12-30,753.850000,2235.779330,9.122857,369.600000
1996-12-31,740.740000,2197.075361,9.037562,369.550000
1997-01-02,737.010000,2186.182125,8.960337,367.800000
1997-01-03,748.030000,2219.039897,8.976999,364.300000
1997-01-06,747.650000,2218.084472,8.964959,359.250000
1997-01-07,753.230000,2234.810667,8.945770,357.650000
1997-01-08,748.410000,2220.682943,8.926632,355.800000
1997-01-09,754.850000,2239.963694,8.986100,354.500000
1997-01-10,759.500000,2253.935709,8.909348,358.550000
1997-01-13,759.510000,2254.139937,8.911692,359.600000
1997-01-14,768.860000,2282.064249,8.985330,357.300000
1997-01-15,767.200000,2277.313910,8.987658,352.450000
1997-01-16,769.750000,2285.059551,8.961227,354.000000
1997-01-17,776.170000,2304.294756,8.970732,354.100000
1997-01-21,782.720000,2323.918858,9.001773,353.400000
1997-01-22,786.230000,2334.520124,8.975297,350.100000
1997-01-23,777.560000,2308.957445,8.948912,349.800000
1997-01-24,770.520000,2288.231041,8.922620,352.950000
1997-01-27,765.020000,2272.074772,8.889280,353.100000
1997-01-28,765.020000,2272.250728,8.927197,357.250000
1997-01-29,772.500000,2294.643681,8.936691,350.150000
1997-01-30,784.170000,2329.486099,8.953341,349.300000
1997-01-31,786.160000,2335.578074,9.012991,345.000000
1997-02-03,786.730000,2337.445675,9.058589,343.750000
1997-02-04,789.260000,2345.136879,9.075408,346.300000
1997-02-05,778.280000,2312.686804,9.063210,343.150000
1997-02-06,780.150000,2318.416075,9.051036,343.400000
1997-02-07,789.560000,2346.553232,9.096812,340.900000
1997-02-10,785.430000,2334.453997,9.099133,341.000000
1997-02-11,789.590000,2346.992466,9.101455,338.850000
1997-02-12,802.770000,2386.344009,9.132902,336.900000
1997-02-13,811.820000,2413.424369,9.186362,343.000000
1997-02-14,808.480000,2403.675041,9.218062,342.500000
1997-02-18,816.290000,2427.074075,9.220360,346.000000
1997-02-19,812.490000,2415.956570,9.207905,346.100000
1997-02-20,802.800000,2387.323347,9.151276,344.850000
1997-02-21,801.770000,2384.438455,9.168235,350.750000
1997-02-24,810.280000,2409.924775,9.148545,352.450000
1997-02-25,812.030000,2415.309355,9.143546,353.450000
1997-02-26,805.680000,2396.602011,9.028831,353.850000
1997-02-27,795.070000,2365.219917,9.016735,356.600000
1997-02-28,790.820000,2352.753190,9.033516,360.600000
1997-03-03,795.310000,2366.288797,9.021414,361.800000
1997-03-04,790.950000,2353.494990,9.009336,361.750000
1997-03-05,801.990000,2386.522386,9.011695,355.750000
1997-03-06,798.560000,2376.495604,8.999637,352.150000
1997-03-07,804.970000,2395.750899,9.037999,351.700000
1997-03-10,813.650000,2421.765046,9.047586,349.900000
1997-03-11,811.340000,2415.072215,9.042703,352.600000
1997-03-12,804.260000,2394.179756,9.023358,353.150000
1997-03-13,789.560000,2350.600347,8.939097,351.450000
1997-03-14,793.170000,2361.525017,8.948632,353.000000
1997-03-17,795.710000,2369.265580,8.943856,352.050000
1997-03-18,789.660000,2351.430150,8.946241,347.400000
1997-03-19,785.770000,2340.023999,8.934313,348.950000
1997-03-20,782.650000,2330.909171,8.929555,352.700000
1997-03-21,784.100000,2335.403447,8.939091,351.700000
1997-03-24,790.890000,2355.803317,8.955784,350.650000
1997-03-25,789.070000,2350.559856,8.936678,350.900000
1997-03-26,790.500000,2354.997012,8.903325,346.800000
1997-03-27,773.880000,2305.661647,8.834501,349.500000
1997-04-01,759.640000,2263.416431,8.839324,349.850000
1997-04-02,750.110000,2235.198387,8.855887,350.700000
1997-04-03,750.320000,2235.999396,8.872475,349.100000
1997-04-04,757.900000,2258.763567,8.832302,347.350000
1997-04-07,762.130000,2271.547296,8.870057,347.850000
1997-04-08,766.120000,2283.617685,8.844091,349.100000
1997-04-09,760.600000,2267.342947,8.846516,348.000000
1997-04-10,758.340000,2260.783669,8.848942,348.050000
1997-04-11,737.650000,2199.279334,8.801814,348.650000
1997-04-14,743.730000,2217.579084,8.804252,346.650000
1997-04-15,754.720000,2250.521821,8.877125,345.600000
1997-04-16,763.530000,2276.969066,8.865345,341.450000
1997-04-17,761.770000,2271.898984,8.896141,341.200000
1997-04-18,766.340000,2285.706651,8.912797,342.000000
1997-04-21,760.370000,2268.079571,8.893825,342.150000
1997-04-22,774.610000,2310.733364,8.917595,342.000000
1997-04-23,773.640000,2308.020932,8.884345,340.700000
1997-04-24,771.180000,2300.862902,8.858344,341.150000
1997-04-25,765.370000,2283.708804,8.853694,341.350000
1997-04-28,772.960000,2306.534873,8.870298,341.250000
1997-04-29,794.050000,2369.648878,8.979177,338.950000
1997-04-30,801.340000,2391.589894,9.017506,340.450000
1997-05-01,798.530000,2383.375803,9.041553,339.550000
1997-05-02,812.970000,2426.646660,9.051187,339.800000
1997-05-06,827.760000,2470.968405,9.063225,342.800000
1997-05-07,815.620000,2434.907009,9.000369,340.650000
1997-05-08,820.260000,2448.934452,9.031584,342.400000
1997-05-09,824.780000,2462.605630,9.070119,344.800000
1997-05-12,837.660000,2501.239821,9.087032,348.200000
1997-05-13,833.130000,2487.893533,9.045812,347.300000
1997-05-14,836.040000,2496.762637,9.069931,349.000000
1997-05-15,841.880000,2514.383202,9.079591,348.100000
1997-05-16,829.750000,2478.336561,9.060203,347.000000
1997-05-19,833.270000,2489.028835,9.055364,343.350000
1997-05-20,841.660000,2514.269624,9.065019,342.500000
1997-05-21,839.350000,2507.550180,9.038421,342.250000
1997-05-22,835.660000,2496.707016,9.026377,342.950000
1997-05-23,847.030000,2530.857137,9.043241,341.650000
1997-05-27,849.710000,2539.047116,9.009487,343.550000
1997-05-28,847.210000,2531.759727,9.004707,344.700000
1997-05-29,844.080000,2522.588613,9.043155,345.700000
1997-05-30,848.280000,2535.322350,9.103454,345.750000
1997-06-02,846.360000,2529.757946,9.113146,344.000000
1997-06-03,845.480000,2527.301310,9.137426,343.800000
1997-06-04,840.110000,2511.422857,9.147140,342.400000
1997-06-05,843.430000,2521.520071,9.149543,340.700000
1997-06-06,858.010000,2565.281575,9.232462,343.800000
1997-06-09,862.910000,2580.107725,9.205304,343.850000
1997-06-10,865.270000,2587.341272,9.192968,344.000000
1997-06-11,869.570000,2600.376812,9.202719,343.700000
1997-06-12,883.460000,2642.092222,9.264012,341.800000
1997-06-13,893.270000,2671.611578,9.303450,341.200000
1997-06-16,893.900000,2673.679206,9.328152,340.950000
1997-06-17,894.420000,2675.418093,9.308134,341.400000
1997-06-18,889.060000,2659.568759,9.332848,342.050000
1997-06-19,897.990000,2686.464893,9.335219,340.150000
1997-06-20,898.700000,2688.773389,9.359994,339.550000
1997-06-23,878.620000,2628.881679,9.339896,336.950000
1997-06-24,896.340000,2682.081418,9.327324,338.650000
1997-06-25,888.990000,2660.272443,9.307315,338.700000
1997-06-26,883.680000,2644.565080,9.272468,337.900000
1997-06-27,887.300000,2655.580109,9.304531,337.300000
1997-06-30,885.140000,2649.297804,9.269698,334.050000
1997-07-01,891.030000,2667.099956,9.316588,333.600000
1997-07-02,904.030000,2706.186615,9.341332,331.450000
1997-07-03,916.920000,2744.949046,9.425916,332.300000
1997-07-07,912.200000,2730.998093,9.458439,318.750000
1997-07-08,918.750000,2750.786091,9.460792,317.600000
1997-07-09,907.540000,2717.402273,9.478283,315.750000
1997-07-10,913.780000,2736.263733,9.473051,319.650000
1997-07-11,916.680000,2745.126189,9.498140,320.600000
1997-07-14,918.380000,2750.396221,9.477693,321.350000
1997-07-15,925.760000,2772.677589,9.480047,319.000000
1997-07-16,936.590000,2805.294691,9.527906,319.500000
1997-07-17,931.610000,2790.561558,9.537873,318.750000
1997-07-18,915.300000,2741.888397,9.502064,323.450000
1997-07-21,912.940000,2734.997674,9.481612,328.050000
1997-07-22,933.980000,2798.208067,9.574995,326.000000
1997-07-23,936.560000,2806.120367,9.584991,324.350000
1997-07-24,940.300000,2817.509278,9.571991,321.800000
1997-07-25,938.790000,2813.168591,9.559015,324.500000
1997-07-28,936.450000,2806.340156,9.576654,325.400000
1997-07-29,942.290000,2824.024526,9.617302,327.500000
1997-07-30,952.290000,2854.178622,9.665796,326.400000
1997-07-31,954.310000,2860.419174,9.691315,326.000000
1997-08-01,947.140000,2839.115008,9.554075,325.300000
1997-08-04,950.300000,2848.772894,9.533496,324.050000
1997-08-05,952.370000,2855.164469,9.535853,323.350000
1997-08-06,960.320000,2879.184854,9.553468,318.850000
1997-08-07,951.190000,2851.999926,9.532894,318.950000
1997-08-08,933.540000,2799.265479,9.428486,321.600000
1997-08-11,937.000000,2809.823431,9.445958,326.200000
1997-08-12,926.530000,2778.610240,9.425672,327.600000
1997-08-13,922.020000,2765.266630,9.450684,328.600000
1997-08-14,924.770000,2773.695014,9.521114,327.300000
1997-08-15,900.810000,2702.012248,9.523483,323.500000
1997-08-18,912.490000,2737.223446,9.571565,326.050000
1997-08-19,926.010000,2777.958710,9.573924,322.100000
1997-08-20,939.350000,2818.159262,9.553306,322.000000
1997-08-21,925.050000,2775.441805,9.509815,321.900000
1997-08-22,923.540000,2771.092744,9.451330,321.800000
1997-08-26,913.020000,2739.708489,9.456114,325.400000
1997-08-27,913.700000,2741.928051,9.458508,325.300000
1997-08-28,903.670000,2712.008185,9.521437,324.700000
1997-08-29,899.470000,2699.580814,9.493349,325.400000
1997-09-02,927.580000,2784.122667,9.518521,324.500000
1997-09-03,927.860000,2785.143835,9.505675,322.000000
1997-09-04,930.870000,2794.359726,9.508063,321.800000
1997-09-05,929.050000,2789.077721,9.480025,321.600000
1997-09-08,931.200000,2795.713255,9.512758,322.050000
1997-09-09,933.620000,2803.160250,9.507537,321.000000
1997-09-10,919.030000,2759.536290,9.487111,321.000000
1997-09-11,912.590000,2740.378303,9.474330,321.050000
1997-09-12,923.910000,2774.548569,9.552527,323.250000
1997-09-15,919.770000,2762.296068,9.562553,323.150000
1997-09-16,945.640000,2840.169390,9.694987,321.800000
1997-09-17,943.000000,2832.424709,9.705094,319.950000
1997-09-18,947.290000,2845.494176,9.699679,320.650000
1997-09-19,950.510000,2855.351231,9.717550,321.150000
1997-09-22,955.430000,2870.316385,9.743221,321.100000
1997-09-23,951.930000,2859.987983,9.714385,320.700000
1997-09-24,944.480000,2837.790805,9.763366,322.000000
1997-09-25,937.910000,2818.234775,9.695410,323.150000
1997-09-26,945.220000,2840.382851,9.736550,325.450000
1997-09-29,953.340000,2864.967827,9.723320,327.050000
1997-09-30,947.280000,2846.942375,9.710117,328.750000
1997-10-01,955.410000,2871.558921,9.774620,336.800000
1997-10-02,960.460000,2886.921424,9.800422,331.750000
1997-10-03,965.030000,2900.843113,9.802759,331.100000
1997-10-06,972.690000,2924.054994,9.844308,334.150000
1997-10-07,983.120000,2955.596875,9.862387,331.500000
1997-10-08,973.840000,2927.887734,9.754253,331.900000
1997-10-09,970.620000,2918.394630,9.748803,333.750000
1997-10-10,966.980000,2907.637466,9.704365,327.900000
1997-10-14,970.280000,2917.746974,9.768841,328.100000
1997-10-15,965.720000,2904.221814,9.747749,325.600000
1997-10-16,955.250000,2872.921685,9.757907,327.300000
1997-10-17,944.160000,2839.752848,9.697814,324.200000
1997-10-20,955.610000,2874.373341,9.715705,324.250000
1997-10-21,972.280000,2924.699446,9.725849,323.000000
1997-10-22,968.490000,2913.486556,9.743780,322.700000
1997-10-23,950.690000,2860.126246,9.808506,323.300000
1997-10-24,941.640000,2833.083157,9.834398,321.900000
1997-10-27,876.990000,2638.754566,9.915418,311.800000
1997-10-28,921.850000,2773.902155,9.862217,313.750000
1997-10-29,919.160000,2765.985850,9.919786,313.700000
1997-10-30,903.680000,2719.580157,9.977663,314.000000
1997-10-31,914.620000,2752.678124,9.979976,310.400000
1997-11-03,938.990000,2826.202749,9.926400,313.500000
1997-11-04,940.760000,2831.714618,9.896964,313.300000
1997-11-05,942.760000,2837.919500,9.899301,314.600000
1997-11-06,938.030000,2823.866367,9.941235,312.250000
1997-11-07,927.510000,2792.381038,9.943563,313.250000
1997-11-10,921.130000,2773.355534,9.937936,309.700000
1997-11-12,905.960000,2727.862428,9.956167,310.100000
1997-11-13,916.660000,2760.258374,9.974424,308.350000
1997-11-14,928.350000,2795.639613,9.984727,304.500000
1997-11-17,946.200000,2849.575697,9.995037,303.000000
1997-11-18,938.230000,2825.759237,9.997357,303.650000
1997-11-19,944.590000,2845.098709,10.023672,306.400000
1997-11-20,958.980000,2888.626990,10.009949,303.050000
1997-11-21,963.090000,2901.195618,10.028284,303.400000
1997-11-24,946.670000,2851.921655,9.998510,305.500000
1997-11-25,950.820000,2864.610017,10.008834,301.700000
1997-11-26,951.640000,2867.267467,10.003150,297.000000
1997-11-28,955.400000,2878.783398,10.005476,296.900000
1997-12-01,974.770000,2937.332508,10.007803,293.350000
1997-12-02,971.680000,2928.208961,10.010130,293.500000
1997-12-03,976.770000,2943.735095,10.036482,291.100000
1997-12-04,973.100000,2932.862796,10.030775,289.850000
1997-12-05,983.790000,2965.269238,9.968903,287.050000
1997-12-08,982.370000,2961.178695,9.939344,288.100000
1997-12-09,975.780000,2941.503577,9.949646,285.500000
1997-12-10,969.790000,2923.634631,9.991794,285.050000
1997-12-11,954.940000,2879.053061,10.058081,286.150000
1997-12-12,953.390000,2874.563968,10.124776,283.050000
1997-12-15,963.390000,2904.898666,10.094683,283.200000
1997-12-16,968.040000,2919.105418,10.105074,283.250000
1997-12-17,965.540000,2911.753286,10.075051,286.100000
1997-12-18,955.300000,2881.058890,10.117674,287.050000
1997-12-19,946.780000,2855.547830,10.152363,289.250000
1997-12-22,953.700000,2876.601490,10.154668,290.450000
1997-12-23,939.130000,2832.838521,10.148849,292.200000
1997-12-24,932.700000,2813.623803,10.126799,296.100000
1997-12-29,953.350000,2876.097328,10.131419,293.900000
1997-12-30,970.840000,2929.045549,10.101314,290.900000
1997-12-31,970.430000,2927.995774,10.144044,289.200000
1998-01-02,975.040000,2942.092682,10.211281,287.700000
1998-01-05,977.070000,2948.406470,10.336114,287.350000
1998-01-06,966.580000,2916.940700,10.363184,281.800000
1998-01-07,964.000000,2909.341628,10.315699,282.100000
1998-01-08,956.050000,2885.534966,10.367486,282.900000
1998-01-09,927.690000,2800.124091,10.444391,281.900000
1998-01-12,939.210000,2835.075225,10.454984,278.500000
1998-01-13,952.120000,2874.226616,10.440492,279.050000
1998-01-14,957.940000,2891.979932,10.409324,285.900000
1998-01-15,950.730000,2870.398491,10.386593,281.100000
1998-01-16,961.510000,2903.128809,10.338996,287.350000
1998-01-20,978.600000,2954.915342,10.316455,287.200000
1998-01-21,970.810000,2931.582449,10.343495,291.900000
1998-01-22,963.040000,2908.306937,10.329220,293.800000
1998-01-23,957.590000,2892.034642,10.215811,291.450000
1998-01-26,956.950000,2890.287010,10.275331,304.500000
1998-01-27,969.020000,2926.927302,10.220084,300.000000
1998-01-28,977.460000,2952.607822,10.230572,298.250000
1998-01-29,985.490000,2977.053121,10.322911,304.250000
1998-01-30,980.280000,2961.504994,10.366489,301.800000
1998-02-02,1001.270000,3025.096558,10.335591,302.000000
1998-02-03,1006.000000,3039.570041,10.346144,299.700000
1998-02-04,1006.900000,3042.473138,10.340149,295.200000
1998-02-05,1003.540000,3032.504458,10.301074,298.900000
1998-02-06,1012.460000,3059.642352,10.303372,301.600000
1998-02-09,1010.740000,3054.629546,10.280941,300.000000
1998-02-10,1019.010000,3079.807615,10.291471,300.750000
1998-02-11,1020.010000,3083.016201,10.384339,298.950000
1998-02-12,1024.140000,3095.685699,10.394926,299.000000
1998-02-13,1020.090000,3083.630888,10.422151,298.000000
1998-02-17,1022.760000,3091.888498,10.466110,299.200000
1998-02-18,1032.080000,3120.250597,10.426505,297.800000
1998-02-19,1028.280000,3108.950872,10.412094,298.300000
1998-02-20,1034.210000,3127.067913,10.389381,298.350000
1998-02-23,1038.140000,3139.139868,10.358419,295.200000
1998-02-24,1030.560000,3116.409197,10.269559,292.350000
1998-02-25,1042.900000,3153.913753,10.321171,292.300000
1998-02-26,1048.670000,3171.553966,10.306963,293.000000
1998-02-27,1049.340000,3173.772068,10.334011,296.550000
1998-03-02,1047.700000,3168.994742,10.253644,299.750000
1998-03-03,1052.020000,3182.244160,10.214956,297.650000
1998-03-04,1047.330000,3168.240839,10.225467,296.000000
1998-03-05,1035.050000,3131.275649,10.211444,294.700000
1998-03-06,1055.690000,3193.897095,10.254632,294.250000
1998-03-09,1052.310000,3183.855284,10.306186,294.450000
1998-03-10,1064.250000,3220.164293,10.308505,294.300000
1998-03-11,1068.470000,3233.118593,10.343811,295.250000
1998-03-12,1069.920000,3237.692537,10.404048,294.000000
1998-03-13,1068.610000,3233.914943,10.389697,295.150000
1998-03-16,1079.270000,3266.361494,10.425244,294.150000
1998-03-17,1080.450000,3270.120968,10.410856,293.800000
1998-03-18,1085.520000,3285.654450,10.396495,289.100000
1998-03-19,1089.740000,3298.616926,10.398797,291.300000
1998-03-20,1099.160000,3327.321158,10.409419,291.100000
1998-03-23,1095.550000,3316.584921,10.411720,292.800000
1998-03-24,1105.650000,3347.352047,10.405692,298.850000
1998-03-25,1101.930000,3336.282684,10.358049,298.500000
1998-03-26,1100.800000,3333.053703,10.327221,299.200000
1998-03-27,1095.440000,3317.016546,10.329549,302.750000
1998-03-30,1093.600000,3311.636163,10.298822,302.200000
1998-03-31,1101.750000,3336.506835,10.342355,299.900000
1998-04-01,1108.150000,3356.075899,10.386052,301.600000
1998-04-02,1120.010000,3392.182970,10.438221,299.300000
1998-04-03,1122.700000,3400.520817,10.515679,305.950000
1998-04-06,1121.380000,3396.713791,10.484312,313.500000
1998-04-07,1109.550000,3361.071032,10.469829,309.150000
1998-04-08,1101.650000,3337.329069,10.430247,309.750000
1998-04-09,1110.670000,3364.841721,10.424213,308.350000
1998-04-14,1115.750000,3380.420974,10.395362,309.500000
1998-04-15,1119.320000,3391.427072,10.422633,308.350000
1998-04-16,1108.170000,3357.834274,10.433287,306.300000
1998-04-17,1122.720000,3402.110507,10.435602,308.200000
1998-04-20,1123.650000,3405.119811,10.387826,307.300000
1998-04-21,1126.670000,3414.462998,10.365224,307.200000
1998-04-22,1130.540000,3426.383217,10.367560,311.200000
1998-04-23,1119.580000,3393.358750,10.361603,314.600000
1998-04-24,1107.900000,3358.148281,10.380521,312.650000
1998-04-27,1086.540000,3293.592838,10.274899,311.400000
1998-04-28,1085.110000,3289.443210,10.277264,308.600000
1998-04-29,1094.620000,3318.457031,10.271408,307.550000
1998-04-30,1111.750000,3370.574930,10.380599,310.700000
1998-05-01,1121.000000,3398.810102,10.391243,306.100000
1998-05-05,1115.500000,3382.327270,10.370975,304.200000
1998-05-06,1104.920000,3350.439394,10.398211,303.500000
1998-05-07,1095.140000,3320.973703,10.400551,299.000000
1998-05-08,1108.140000,3360.584195,10.369609,299.150000
1998-05-11,1106.640000,3356.225938,10.305593,299.000000
1998-05-12,1115.790000,3384.166573,10.382161,299.900000
1998-05-13,1118.860000,3393.669848,10.434344,295.600000
1998-05-14,1117.370000,3389.343028,10.411637,296.900000
1998-05-15,1108.730000,3363.327452,10.405650,302.300000
1998-05-18,1105.820000,3354.690831,10.441294,299.700000
1998-05-19,1109.520000,3366.105764,10.435277,299.000000
1998-05-20,1119.060000,3395.239602,10.471010,298.100000
1998-05-21,1114.640000,3382.021938,10.439834,300.050000
1998-05-22,1110.470000,3369.561305,10.450526,300.700000
1998-05-26,1094.020000,3319.837353,10.494667,298.850000
1998-05-27,1092.230000,3314.593926,10.522183,292.600000
1998-05-28,1097.600000,3331.078368,10.507669,293.400000
1998-05-29,1090.820000,3310.690939,10.526808,292.400000
1998-06-01,1090.980000,3311.365600,10.554395,292.350000
1998-06-02,1093.220000,3318.353589,10.531380,289.200000
1998-06-03,1082.730000,3286.701796,10.525279,293.350000
1998-06-04,1094.830000,3323.619867,10.510765,292.050000
1998-06-05,1113.860000,3381.579803,10.521505,292.200000
1998-06-08,1115.720000,3387.419699,10.523834,290.300000
1998-06-09,1118.410000,3395.780201,10.517746,296.250000
1998-06-10,1112.280000,3377.361859,10.587392,294.150000
1998-06-11,1094.580000,3323.809885,10.648997,292.900000
1998-06-12,1098.840000,3336.935636,10.659815,288.100000
1998-06-15,1077.010000,3270.833276,10.704751,286.100000
1998-06-16,1087.590000,3303.151061,10.647090,286.400000
1998-06-17,1107.110000,3362.624442,10.572733,288.400000
1998-06-18,1106.370000,3360.568860,10.608890,293.050000
1998-06-19,1100.650000,3343.386417,10.636667,293.400000
1998-06-22,1103.210000,3351.353716,10.647485,294.750000
1998-06-23,1119.490000,3401.000806,10.658310,295.550000
1998-06-24,1132.880000,3441.873720,10.652089,293.900000
1998-06-25,1129.280000,3431.132879,10.654397,293.250000
1998-06-26,1133.200000,3443.239091,10.656705,294.500000
1998-06-29,1138.490000,3459.509430,10.650489,293.000000
1998-06-30,1133.840000,3445.577110,10.678362,295.750000
1998-07-01,1148.560000,3490.498425,10.680667,297.100000
1998-07-02,1146.420000,3484.186735,10.700062,295.750000
1998-07-06,1157.330000,3517.535753,10.728043,293.150000
1998-07-07,1154.660000,3509.613979,10.704590,293.100000
1998-07-08,1166.380000,3545.430038,10.698329,294.350000
1998-07-09,1158.560000,3521.854521,10.717752,292.200000
1998-07-10,1164.330000,3539.588023,10.711478,291.350000
1998-07-13,1165.190000,3542.396955,10.679505,290.700000
1998-07-14,1177.580000,3580.259555,10.656189,292.200000
1998-07-15,1174.810000,3572.034525,10.667035,292.800000
1998-07-16,1183.990000,3600.142804,10.652287,294.350000
1998-07-17,1186.750000,3608.732941,10.646090,293.600000
1998-07-20,1184.100000,3600.872992,10.673969,294.650000
1998-07-21,1165.070000,3543.200243,10.701908,295.200000
1998-07-22,1164.080000,3540.384176,10.695661,294.400000
1998-07-23,1139.750000,3466.582490,10.706534,292.900000
1998-07-24,1140.800000,3469.966597,10.708850,293.750000
1998-07-27,1147.270000,3489.837056,10.694032,290.750000
1998-07-28,1130.240000,3438.225925,10.670687,290.350000
1998-07-29,1125.210000,3423.113449,10.655943,291.000000
1998-07-30,1142.950000,3477.270183,10.675327,289.150000
1998-07-31,1120.670000,3409.677397,10.677657,289.400000
1998-08-03,1112.440000,3384.839840,10.714156,286.650000
1998-08-04,1072.120000,3262.358529,10.742191,285.700000
1998-08-05,1081.430000,3290.881722,10.744506,288.850000
1998-08-06,1089.630000,3316.030454,10.738225,286.850000
1998-08-07,1089.450000,3315.679609,10.774906,286.200000
1998-08-10,1083.140000,3296.672401,10.768595,286.200000
1998-08-11,1068.980000,3253.770458,10.805366,284.500000
1998-08-12,1084.220000,3300.351344,10.781736,285.500000
1998-08-13,1074.910000,3272.207838,10.749545,282.700000
1998-08-14,1062.750000,3235.385081,10.786264,284.800000
1998-08-17,1083.670000,3299.265077,10.788575,283.300000
1998-08-18,1101.200000,3352.831622,10.782256,284.400000
1998-08-19,1098.060000,3343.470369,10.775945,285.750000
1998-08-20,1091.600000,3323.998960,10.812746,283.700000
1998-08-21,1081.240000,3292.649445,10.866955,284.450000
1998-08-24,1088.140000,3313.857244,10.886637,284.300000
1998-08-25,1092.850000,3328.398046,10.932473,283.900000
1998-08-26,1084.190000,3302.220715,10.926004,282.500000
1998-08-27,1042.590000,3175.711755,11.050656,280.900000
1998-08-28,1027.140000,3128.839921,11.079423,273.400000
1998-09-01,994.260000,3028.878294,11.119343,277.700000
1998-09-02,990.480000,3017.553106,11.077094,280.000000
1998-09-03,982.260000,2992.699772,11.141367,279.650000
1998-09-04,973.890000,2967.386281,11.152504,285.400000
1998-09-08,1023.460000,3118.609403,11.136882,287.300000
1998-09-09,1006.200000,3066.211745,11.219295,284.150000
1998-09-10,980.190000,2987.143407,11.392032,285.650000
1998-09-11,1009.060000,3075.312606,11.312161,293.750000
1998-09-14,1029.720000,3138.471080,11.296239,290.300000
1998-09-15,1037.680000,3162.929214,11.271311,290.350000
1998-09-16,1045.480000,3186.902701,11.291537,289.150000
1998-09-17,1018.870000,3105.988289,11.365989,287.650000
1998-09-18,1020.090000,3109.902323,11.459082,290.850000
1998-09-21,1023.890000,3121.682365,11.470386,292.100000
1998-09-22,1029.630000,3139.378631,11.435816,288.500000
1998-09-23,1066.090000,3250.743477,11.474557,288.000000
1998-09-24,1042.720000,3179.687186,11.522591,290.600000
1998-09-25,1044.750000,3186.077033,11.561585,296.350000
1998-09-28,1048.690000,3198.292419,11.554446,293.800000
1998-09-29,1049.020000,3199.499553,11.575047,296.850000
1998-09-30,1017.010000,3102.070179,11.716056,294.100000
1998-10-01,986.390000,3008.866218,11.821221,299.000000
1998-10-02,1002.600000,3058.499868,11.842166,301.400000
1998-10-05,988.560000,3015.859931,11.986298,298.750000
1998-10-06,984.590000,3003.935805,11.911564,296.350000
1998-10-07,970.680000,2961.683730,11.818276,298.850000
1998-10-08,959.440000,2927.572907,11.612309,302.350000
1998-10-09,984.390000,3003.885624,11.419324,299.650000
1998-10-13,994.800000,3035.838595,11.458027,296.800000
1998-10-14,1005.530000,3068.772051,11.597674,296.600000
1998-10-15,1047.490000,3197.020250,11.599782,296.000000
1998-10-16,1056.420000,3224.473948,11.731808,300.450000
1998-10-19,1062.390000,3242.896327,11.705719,298.350000
1998-10-20,1063.930000,3247.798607,11.614149,295.850000
1998-10-21,1069.920000,3266.285744,11.597673,296.900000
1998-10-22,1078.480000,3292.620938,11.571951,293.750000
1998-10-23,1070.670000,3268.981443,11.500012,292.850000
1998-10-26,1072.320000,3274.222362,11.474557,291.200000
1998-10-27,1065.340000,3253.113074,11.568507,293.000000
1998-10-28,1068.090000,3261.712586,11.598397,293.750000
1998-10-29,1085.930000,3316.394703,11.656186,293.500000
1998-10-30,1098.670000,3355.508314,11.565037,293.100000
1998-11-02,1111.600000,3395.186830,11.446890,292.750000
1998-11-03,1110.840000,3393.056064,11.439899,290.100000
1998-11-04,1118.670000,3417.163166,11.396309,290.100000
1998-11-05,1133.850000,3463.724749,11.407611,290.900000
1998-11-06,1141.010000,3485.791734,11.309406,293.600000
1998-11-09,1130.200000,3452.962730,11.356856,292.400000
1998-11-10,1128.260000,3447.229446,11.422653,291.750000
1998-11-12,1117.690000,3415.127834,11.461386,293.000000
1998-11-13,1125.720000,3439.855326,11.417710,297.200000
1998-11-16,1135.870000,3471.063642,11.392491,295.350000
1998-11-17,1139.320000,3481.801149,11.376456,294.600000
1998-11-18,1144.480000,3497.765667,11.396857,294.400000
1998-11-19,1152.610000,3522.808891,11.399050,297.850000
1998-11-20,1163.550000,3556.443320,11.428602,296.050000
1998-11-23,1188.210000,3632.017297,11.412502,295.600000
1998-11-24,1182.990000,3616.265063,11.405564,295.950000
1998-11-25,1186.870000,3628.328705,11.426008,296.200000
1998-11-27,1192.330000,3645.223837,11.446480,295.700000
1998-11-30,1163.630000,3557.685964,11.512765,295.750000
1998-12-01,1175.280000,3593.496894,11.579402,293.350000
1998-12-02,1171.250000,3581.369019,11.655656,293.900000
1998-12-03,1150.140000,3517.013752,11.667103,292.950000
1998-12-04,1176.740000,3598.543894,11.631889,292.400000
1998-12-07,1187.700000,3632.254645,11.568883,292.350000
1998-12-08,1181.380000,3613.122870,11.654332,294.500000
1998-12-09,1183.490000,3619.771255,11.693753,293.500000
1998-12-10,1165.020000,3563.475251,11.723934,294.900000
1998-12-11,1166.460000,3568.072311,11.651009,294.300000
1998-12-14,1141.200000,3490.997506,11.681102,291.250000
1998-12-15,1162.830000,3557.353521,11.645846,292.500000
1998-12-16,1161.940000,3554.822981,11.685248,292.550000
1998-12-17,1179.980000,3610.206334,11.687371,293.750000
1998-12-18,1188.030000,3635.030722,11.689496,292.350000
1998-12-21,1202.840000,3680.541432,11.635510,289.950000
1998-12-22,1203.570000,3682.973962,11.581802,288.700000
1998-12-23,1228.540000,3759.582146,11.482043,287.700000
1998-12-24,1226.270000,3752.838575,11.438306,286.650000
1998-12-29,1241.810000,3800.599434,11.580378,286.700000
1998-12-30,1231.930000,3770.566682,11.638128,286.800000
1998-12-31,1229.230000,3762.506479,11.640276,287.450000
1999-01-04,1228.100000,3759.242389,11.605175,288.250000
1999-01-05,1244.780000,3810.494772,11.560914,287.000000
1999-01-06,1272.340000,3895.058044,11.572337,287.150000
1999-01-07,1269.730000,3887.269507,11.537478,288.600000
1999-01-08,1275.090000,3903.880253,11.456592,290.900000
1999-01-11,1263.880000,3869.761150,11.422140,291.250000
1999-01-12,1239.510000,3795.345064,11.497463,291.400000
1999-01-13,1234.400000,3779.894773,11.573246,288.200000
1999-01-14,1212.190000,3712.080425,11.677267,285.700000
1999-01-15,1243.260000,3807.417933,11.651387,285.850000
1999-01-19,1252.000000,3834.380732,11.606936,287.300000
1999-01-20,1256.620000,3848.728371,11.562678,285.900000
1999-01-21,1235.160000,3783.200640,11.620363,287.100000
1999-01-22,1225.190000,3752.859051,11.678308,287.750000
1999-01-25,1233.980000,3779.977741,11.652430,286.300000
1999-01-26,1252.310000,3836.322534,11.635946,287.300000
1999-01-27,1243.170000,3808.521594,11.647420,285.800000
1999-01-28,1265.370000,3876.729617,11.658901,282.300000
1999-01-29,1279.640000,3920.649389,11.670389,285.650000
1999-02-01,1273.000000,3900.509565,11.588520,287.100000
1999-02-02,1261.990000,3866.977818,11.553621,289.750000
1999-02-03,1272.070000,3898.066329,11.518846,287.550000
1999-02-04,1248.490000,3826.012072,11.465763,287.250000
1999-02-05,1239.400000,3798.354997,11.422125,289.750000
1999-02-08,1243.770000,3811.945511,11.424364,288.850000
1999-02-09,1216.140000,3727.462819,11.454022,287.650000
1999-02-10,1223.550000,3750.368632,11.465417,287.100000
1999-02-11,1254.040000,3844.020559,11.440129,287.500000
1999-02-12,1230.130000,3770.929286,11.323390,287.400000
1999-02-16,1241.870000,3807.114396,11.352840,288.050000
1999-02-17,1224.030000,3752.621902,11.400517,285.350000
1999-02-18,1237.280000,3793.439164,11.348048,285.650000
1999-02-19,1239.220000,3799.584747,11.323082,287.050000
1999-02-22,1272.140000,3900.719045,11.361594,287.200000
1999-02-23,1271.180000,3897.978658,11.300237,286.650000
1999-02-24,1253.410000,3843.691364,11.230202,286.100000
1999-02-25,1245.020000,3818.162952,11.106733,287.100000
1999-02-26,1238.330000,3797.845334,11.135733,286.800000
1999-03-01,1236.160000,3791.383574,11.040077,287.050000
1999-03-02,1225.500000,3758.881760,11.086603,286.400000
1999-03-03,1227.700000,3765.821099,11.053479,286.650000
1999-03-04,1246.640000,3824.109057,11.038158,286.700000
1999-03-05,1275.470000,3912.740797,11.102341,287.900000
1999-03-08,1282.730000,3935.211478,11.149103,288.500000
1999-03-09,1279.840000,3926.545847,11.249556,291.900000
1999-03-10,1286.840000,3948.221817,11.233869,291.500000
1999-03-11,1297.680000,3981.681686,11.227200,293.800000
1999-03-12,1294.590000,3972.403411,11.274430,293.650000
1999-03-15,1307.260000,4011.483179,11.285758,291.250000
1999-03-16,1306.380000,4008.987107,11.324179,286.800000
1999-03-17,1297.820000,3982.922575,11.299297,283.900000
1999-03-18,1316.550000,4040.606548,11.328720,284.350000
1999-03-19,1299.290000,3987.839903,11.276640,283.450000
1999-03-22,1297.010000,3981.045133,11.242868,284.500000
1999-03-23,1262.140000,3874.217847,11.254186,285.100000
1999-03-24,1268.590000,3894.213849,11.283519,284.250000
1999-03-25,1289.990000,3960.104160,11.249726,283.750000
1999-03-26,1282.800000,3938.233477,11.252052,282.000000
1999-03-29,1310.170000,4022.460760,11.191367,280.350000
1999-03-30,1300.750000,3993.744515,11.256384,280.050000
1999-03-31,1286.370000,3949.796439,11.222690,279.800000
1999-04-01,1293.720000,3972.557767,11.207072,280.500000
1999-04-06,1317.890000,4046.969594,11.339965,278.350000
1999-04-07,1326.890000,4074.804667,11.333202,280.250000
1999-04-08,1343.980000,4127.486379,11.435245,280.400000
1999-04-09,1348.350000,4141.108911,11.419232,281.600000
1999-04-12,1358.630000,4172.883802,11.412385,282.700000
1999-04-13,1349.820000,4146.028927,11.359897,282.500000
1999-04-14,1328.440000,4080.562123,11.353117,283.850000
1999-04-15,1322.850000,4063.590914,11.310016,281.250000
1999-04-16,1319.000000,4051.963042,11.267100,283.900000
1999-04-19,1289.480000,3961.475879,11.314507,284.650000
1999-04-20,1306.170000,4012.943801,11.334936,284.550000
1999-04-21,1336.120000,4105.155390,11.328189,283.900000
1999-04-22,1358.820000,4175.100661,11.258013,283.350000
1999-04-23,1356.850000,4169.251841,11.251352,283.700000
1999-04-26,1360.040000,4179.257794,11.280703,283.100000
1999-04-27,1362.800000,4187.943370,11.292069,281.500000
1999-04-28,1350.910000,4151.609701,11.249240,282.800000
1999-04-29,1342.830000,4126.981325,11.296589,283.700000
1999-04-30,1335.180000,4103.672062,11.172408,285.850000
1999-05-04,1332.000000,4094.099440,11.123588,285.600000
1999-05-05,1347.310000,4141.357625,11.143778,285.500000
1999-05-06,1332.050000,4094.654427,11.039186,288.100000
1999-05-07,1345.000000,4134.662730,11.023941,283.400000
1999-05-10,1340.300000,4120.417084,11.026365,280.650000
1999-05-11,1355.610000,4167.685770,10.984683,278.300000
1999-05-12,1364.000000,4193.684212,11.057422,278.000000
1999-05-13,1367.560000,4204.835116,11.148299,278.400000
1999-05-14,1337.800000,4113.538136,10.963401,277.200000
1999-05-17,1339.490000,4118.936220,10.930763,276.100000
1999-05-18,1333.320000,4100.165297,10.915729,274.700000
1999-05-19,1344.230000,4133.916163,10.988050,272.850000
1999-05-20,1338.830000,4117.512102,10.990492,274.400000
1999-05-21,1330.290000,4091.449489,11.063273,274.850000
1999-05-24,1306.650000,4018.942636,11.083398,272.200000
1999-05-25,1284.400000,3950.703909,11.094684,272.650000
1999-05-26,1304.760000,4013.523121,11.043846,269.500000
1999-05-27,1281.410000,3941.893747,10.984433,268.250000
1999-05-28,1301.840000,4004.934008,10.969308,271.050000
1999-06-01,1294.260000,3981.812841,10.848906,265.500000
1999-06-02,1294.810000,3983.701457,10.834037,267.050000
1999-06-03,1299.540000,3998.450726,10.836530,263.850000
1999-06-04,1327.750000,4085.445173,10.821686,266.500000
1999-06-07,1334.520000,4106.477899,10.832842,266.350000
1999-06-08,1317.330000,4053.784895,10.818007,263.850000
1999-06-09,1318.640000,4058.016208,10.785893,262.000000
1999-06-10,1302.820000,4009.531632,10.745261,258.350000
1999-06-11,1293.640000,3981.477356,10.661824,259.200000
1999-06-14,1294.000000,3982.781856,10.698488,259.300000
1999-06-15,1301.160000,4005.016085,10.701027,259.650000
1999-06-16,1330.410000,4095.246288,10.737810,258.900000
1999-06-17,1339.900000,4124.660382,10.869195,259.000000
1999-06-18,1342.840000,4133.914268,10.828215,260.500000
1999-06-21,1349.000000,4153.081782,10.778749,259.150000
1999-06-22,1335.880000,4112.895046,10.746781,259.150000
1999-06-23,1333.060000,4104.415858,10.697729,258.700000
1999-06-24,1315.780000,4051.414306,10.657485,260.700000
1999-06-25,1315.310000,4050.167098,10.685622,261.150000
1999-06-28,1331.350000,4099.758159,10.739466,260.000000
1999-06-29,1351.450000,4161.856437,10.767780,260.800000
1999-06-30,1372.710000,4227.533067,10.873685,261.200000
1999-07-01,1380.960000,4253.141180,10.841396,263.000000
1999-07-02,1391.220000,4284.942194,10.869932,262.900000
1999-07-06,1388.120000,4275.597552,10.820267,261.300000
1999-07-07,1395.860000,4299.640680,10.788167,256.200000
1999-07-08,1394.420000,4295.409098,10.851115,256.400000
1999-07-09,1403.280000,4322.905502,10.862315,257.000000
1999-07-12,1399.100000,4310.233835,10.951731,256.050000
1999-07-13,1393.560000,4293.371176,10.980509,254.250000
1999-07-14,1398.170000,4307.777691,10.956644,255.600000
1999-07-15,1409.620000,4343.259679,10.976671,253.750000
1999-07-16,1418.780000,4371.689163,11.014287,254.800000
1999-07-19,1407.650000,4337.601716,11.034393,253.150000
1999-07-20,1377.100000,4243.669271,11.045699,253.000000
1999-07-21,1379.290000,4250.619337,11.039339,252.900000
1999-07-22,1360.970000,4194.363474,10.935841,255.350000
1999-07-23,1356.940000,4182.142472,10.885857,254.900000
1999-07-26,1347.760000,4154.047797,10.870962,253.500000
1999-07-27,1362.840000,4200.724284,10.908277,254.200000
1999-07-28,1365.400000,4208.814379,10.919523,254.000000
1999-07-29,1341.030000,4133.894122,10.860891,254.500000
1999-07-30,1328.720000,4096.143151,10.828671,256.750000
1999-08-02,1328.050000,4094.280666,10.831215,255.350000
1999-08-03,1322.180000,4076.386769,10.807764,255.700000
1999-08-04,1305.330000,4024.638865,10.801670,257.500000
1999-08-05,1313.710000,4050.675804,10.873355,256.250000
1999-08-06,1300.290000,4009.497476,10.754111,255.300000
1999-08-09,1297.800000,4002.018140,10.662044,256.450000
1999-08-10,1281.430000,3951.736378,10.639048,257.000000
1999-08-11,1301.930000,4015.151097,10.735273,256.900000
1999-08-12,1298.160000,4003.723381,10.712085,260.200000
1999-08-13,1327.680000,4094.965956,10.800366,260.700000
1999-08-16,1330.770000,4104.699365,10.802929,259.250000
1999-08-17,1344.160000,4146.203607,10.883274,259.000000
1999-08-18,1332.840000,4111.491325,10.894524,261.500000
1999-08-19,1323.590000,4083.161031,10.879635,258.600000
1999-08-20,1336.610000,4123.528940,10.899590,258.600000
1999-08-23,1360.220000,4196.571659,10.893413,257.500000
1999-08-24,1363.500000,4206.899116,10.930818,254.200000
1999-08-25,1381.790000,4263.538957,11.038292,253.200000
1999-08-26,1362.010000,4202.718665,11.023140,253.150000
1999-08-27,1348.270000,4160.529761,10.937470,254.700000
1999-08-31,1320.410000,4074.764749,10.829026,254.600000
1999-09-01,1331.070000,4107.865462,10.822933,255.450000
1999-09-02,1319.110000,4071.161031,10.790872,254.050000
1999-09-03,1357.240000,4189.045353,10.914312,255.400000
1999-09-07,1350.450000,4168.298242,10.864474,254.900000
1999-09-08,1344.150000,4149.061470,10.884422,256.000000
1999-09-09,1347.660000,4160.103820,10.852154,256.800000
1999-09-10,1351.660000,4172.659850,10.924178,256.200000
1999-09-13,1344.130000,4149.623288,10.900514,256.600000
1999-09-14,1336.290000,4125.627362,10.868193,256.700000
1999-09-15,1317.970000,4069.273332,10.888152,257.400000
1999-09-16,1318.480000,4071.051817,10.925561,255.700000
1999-09-17,1335.420000,4123.561146,10.954340,255.200000
1999-09-20,1335.530000,4124.107372,10.921838,255.300000
1999-09-21,1307.580000,4038.004557,10.898187,255.200000
1999-09-22,1310.510000,4047.255117,10.918193,262.600000
1999-09-23,1280.410000,3954.499866,10.964430,263.400000
1999-09-24,1277.360000,3945.278146,11.072243,265.600000
1999-09-27,1283.310000,3963.853061,11.003907,281.700000
1999-09-28,1282.200000,3960.623086,10.953634,288.250000
1999-09-29,1268.370000,3918.101618,10.886091,317.250000
1999-09-30,1282.710000,3962.595355,10.949632,303.750000
1999-10-01,1282.810000,3963.105754,10.864599,303.000000
1999-10-04,1304.600000,4030.625154,10.910644,311.750000
1999-10-05,1301.350000,4020.789054,10.852120,326.250000
1999-10-06,1325.400000,4095.300920,10.837349,325.000000
1999-10-07,1317.640000,4071.531826,10.831277,318.000000
1999-10-08,1336.020000,4128.533377,10.842542,322.750000
1999-10-12,1313.040000,4057.731106,10.819119,323.500000
1999-10-13,1285.550000,3972.984158,10.778449,320.500000
1999-10-14,1283.420000,3966.603409,10.737953,322.650000
1999-10-15,1247.410000,3855.510742,10.809304,316.000000
1999-10-18,1254.130000,3876.477034,10.785974,317.650000
1999-10-19,1261.320000,3898.898198,10.736821,309.000000
1999-10-20,1289.430000,3985.987967,10.730865,309.750000
1999-10-21,1283.610000,3968.199387,10.724916,305.500000
1999-10-22,1301.650000,4024.170669,10.718975,303.250000
1999-10-25,1293.630000,3999.580707,10.713041,302.400000
1999-10-26,1281.910000,3963.548751,10.698544,297.950000
1999-10-27,1296.710000,4009.510524,10.743988,290.400000
1999-10-28,1342.440000,4151.114478,10.806793,300.900000
1999-10-29,1362.930000,4214.685044,10.895872,298.850000
1999-11-01,1354.120000,4187.641731,10.863608,293.850000
1999-11-02,1347.740000,4168.110649,10.883602,292.050000
1999-11-03,1354.930000,4190.545182,10.912332,291.750000
1999-11-04,1362.640000,4214.590098,10.967313,292.250000
1999-11-05,1370.230000,4238.266129,10.996224,292.000000
1999-11-08,1377.010000,4259.438982,10.972417,289.000000
1999-11-09,1365.280000,4223.357739,10.957451,291.250000
1999-11-10,1373.460000,4248.862642,10.933749,291.850000
1999-11-12,1396.060000,4318.978898,10.997582,292.800000
1999-11-15,1394.390000,4314.017869,10.991372,292.700000
1999-11-16,1420.070000,4393.672849,10.967583,292.000000
1999-11-17,1410.710000,4364.922154,10.908763,295.450000
1999-11-18,1424.940000,4409.159265,10.893924,293.650000
1999-11-19,1422.000000,4400.271815,10.887828,293.700000
1999-11-22,1420.940000,4397.201028,10.873030,294.400000
1999-11-23,1404.640000,4346.968662,10.884356,296.700000
1999-11-24,1417.080000,4385.673756,10.878275,297.850000
1999-11-26,1416.620000,4384.458725,10.854796,297.200000
1999-11-29,1407.830000,4357.462102,10.779278,293.100000
1999-11-30,1389.070000,4299.604127,10.807804,292.000000
1999-12-01,1397.720000,4326.577889,10.784516,291.400000
1999-12-02,1409.040000,4361.818998,10.761291,289.250000
1999-12-03,1433.300000,4437.120367,10.824219,280.850000
1999-12-06,1423.330000,4406.461560,10.835528,277.250000
1999-12-07,1409.170000,4362.828145,10.881519,280.000000
1999-12-08,1403.880000,4346.652413,10.849336,283.300000
1999-12-09,1408.110000,4359.950717,10.860664,279.600000
1999-12-10,1417.040000,4387.802918,10.915441,278.450000
1999-12-13,1415.220000,4382.370774,10.891878,279.750000
1999-12-14,1403.170000,4345.259896,10.798670,280.300000
1999-12-15,1413.330000,4376.924263,10.775419,279.850000
1999-12-16,1418.780000,4394.005204,10.726369,280.250000
1999-12-17,1421.030000,4401.177219,10.737636,283.050000
1999-12-20,1418.090000,4392.275555,10.688780,284.250000
1999-12-21,1433.430000,4439.992027,10.674375,284.600000
1999-12-22,1435.990000,4448.127352,10.668538,287.000000
1999-12-23,1458.340000,4517.564990,10.654174,286.400000
1999-12-29,1463.460000,4533.634866,10.670776,290.650000
1999-12-30,1464.470000,4536.973901,10.682023,290.850000
2000-01-04,1399.420000,4335.658039,10.604124,282.050000
2000-01-05,1402.110000,4344.193857,10.496572,282.100000
2000-01-06,1403.450000,4348.547718,10.541316,280.350000
2000-01-07,1441.470000,4466.553855,10.586230,282.000000
2000-01-10,1457.600000,4516.742238,10.546624,281.700000
2000-01-11,1438.560000,4457.952115,10.465000,281.700000
2000-01-12,1432.250000,4438.605460,10.425910,282.250000
2000-01-13,1449.680000,4492.828290,10.503757,282.200000
2000-01-14,1465.150000,4540.981721,10.456103,284.150000
2000-01-18,1455.140000,4510.168699,10.408689,286.850000
2000-01-19,1455.900000,4512.734126,10.428131,288.750000
2000-01-20,1445.570000,4480.925016,10.380861,288.350000
2000-01-21,1441.360000,4468.083478,10.383658,287.700000
2000-01-24,1401.530000,4344.822009,10.469525,287.450000
2000-01-25,1410.030000,4371.374622,10.463929,288.700000
2000-01-26,1404.090000,4353.162806,10.475082,284.900000
2000-01-27,1398.560000,4336.220422,10.486243,286.500000
2000-01-28,1360.160000,4217.363364,10.505801,286.150000
2000-01-31,1394.460000,4323.911442,10.491768,283.050000
2000-02-01,1409.280000,4370.071746,10.544910,283.650000
2000-02-02,1409.120000,4369.784573,10.564552,283.100000
2000-02-03,1424.970000,4419.145549,10.660287,285.250000
2000-02-04,1424.370000,4417.496139,10.628919,287.500000
2000-02-07,1424.240000,4417.304204,10.538139,316.600000
2000-02-08,1441.720000,4471.729951,10.583068,303.150000
2000-02-09,1411.710000,4378.862873,10.611235,306.000000
2000-02-10,1416.830000,4394.953561,10.520619,311.250000
2000-02-11,1387.120000,4303.004420,10.557069,316.500000
2000-02-14,1389.940000,4311.958150,10.618966,308.750000
2000-02-15,1402.050000,4349.732740,10.621731,307.000000
2000-02-16,1387.670000,4305.328099,10.624496,300.500000
2000-02-17,1388.260000,4307.364489,10.610262,306.250000
2000-02-18,1346.090000,4176.729297,10.689427,302.250000
2000-02-22,1352.170000,4195.794418,10.803349,305.400000
2000-02-23,1360.690000,4222.432688,10.736935,305.250000
2000-02-24,1353.430000,4200.105695,10.808395,299.900000
2000-02-25,1333.360000,4138.023217,10.811123,297.150000
2000-02-28,1348.050000,4183.810855,10.805202,292.750000
2000-02-29,1366.420000,4241.024095,10.764713,294.000000
2000-03-01,1379.190000,4280.854540,10.793291,293.750000
2000-03-02,1381.760000,4289.028951,10.787393,289.000000
2000-03-03,1409.170000,4374.308291,10.798762,289.300000
2000-03-06,1391.280000,4318.976348,10.775584,289.250000
2000-03-07,1355.620000,4208.475519,10.804190,288.350000
2000-03-08,1366.700000,4243.067072,10.815573,292.750000
2000-03-09,1401.690000,4351.892958,10.844269,289.000000
2000-03-10,1395.070000,4331.540221,10.812300,292.100000
2000-03-13,1383.620000,4296.188970,10.840991,289.650000
2000-03-14,1359.150000,4220.406876,10.887091,290.300000
2000-03-15,1392.140000,4323.041425,10.907236,288.700000
2000-03-16,1458.470000,4529.216718,10.936136,288.400000
2000-03-17,1464.470000,4548.058330,10.991346,285.500000
2000-03-20,1456.630000,4523.920159,11.011637,284.850000
2000-03-21,1493.870000,4639.786695,11.058384,286.150000
2000-03-22,1500.640000,4661.027494,11.061074,289.400000
2000-03-23,1527.350000,4744.204404,11.108009,286.500000
2000-03-24,1527.460000,4744.764863,11.004052,284.900000
2000-03-27,1523.860000,4733.800952,10.997956,284.350000
2000-03-28,1507.730000,4683.912150,11.035860,280.300000
2000-03-29,1508.520000,4686.582363,11.029733,279.100000
2000-03-30,1487.920000,4622.799602,11.138323,276.700000
2000-03-31,1498.580000,4656.132201,11.167734,275.900000
2000-04-03,1505.970000,4679.304801,11.197209,278.800000
2000-04-04,1494.730000,4644.592916,11.289452,276.750000
2000-04-05,1487.370000,4621.934225,11.292096,283.100000
2000-04-06,1501.340000,4665.555459,11.267638,278.850000
2000-04-07,1516.350000,4712.412528,11.333389,279.950000
2000-04-10,1504.460000,4675.675781,11.390424,281.500000
2000-04-11,1500.590000,4663.860840,11.311035,281.200000
2000-04-12,1467.170000,4560.202880,11.241288,280.250000
2000-04-13,1440.510000,4477.546557,11.270930,281.400000
2000-04-14,1356.560000,4216.807763,11.354738,280.650000
2000-04-17,1401.440000,4356.506973,11.212033,283.500000
2000-04-18,1441.610000,4481.577198,11.178828,281.800000
2000-04-19,1427.470000,4437.823464,11.235170,281.400000
2000-04-20,1434.540000,4460.004927,11.237841,280.500000
2000-04-25,1477.440000,4593.584365,11.108403,280.000000
2000-04-26,1460.990000,4542.647636,11.111110,277.700000
2000-04-27,1464.920000,4555.073656,11.033817,276.100000
2000-04-28,1452.430000,4516.443870,11.036545,275.850000
2000-05-02,1446.290000,4497.562319,10.962673,275.000000
2000-05-03,1415.100000,4400.780409,10.895261,277.600000
2000-05-04,1409.570000,4383.788661,10.845731,277.300000
2000-05-05,1432.630000,4455.710737,10.805128,280.500000
2000-05-08,1424.170000,4429.607185,10.756055,277.250000
2000-05-09,1412.140000,4392.397376,10.793279,276.900000
2000-05-10,1383.050000,4302.119705,10.847883,277.800000
2000-05-11,1407.810000,4379.339470,10.885382,277.000000
2000-05-12,1420.960000,4420.450625,10.818493,276.200000
2000-05-15,1452.360000,4518.339345,10.855907,275.650000
2000-05-16,1466.040000,4561.109616,10.893433,275.700000
2000-05-17,1447.800000,4504.575096,10.852639,274.850000
2000-05-18,1437.210000,4471.836875,10.785972,272.500000
2000-05-19,1406.950000,4377.892939,10.831924,273.750000
2000-05-22,1400.720000,4358.712326,10.895381,274.000000
2000-05-23,1373.860000,4275.334180,10.889449,275.150000
2000-05-24,1399.050000,4353.923272,10.874813,273.900000
2000-05-25,1381.520000,4299.572567,10.947204,273.000000
2000-05-26,1378.020000,4288.880964,11.002527,270.450000
2000-05-30,1422.450000,4427.363300,10.961280,274.400000
2000-05-31,1420.600000,4421.812280,11.042976,272.250000
2000-06-01,1448.810000,4509.820211,11.125242,272.800000
2000-06-02,1477.260000,4598.583101,11.172480,272.950000
2000-06-05,1467.630000,4568.814192,11.202021,281.700000
2000-06-06,1457.840000,4538.544477,11.186818,284.800000
2000-06-07,1471.360000,4580.840642,11.198493,286.950000
2000-06-08,1461.670000,4550.880047,11.201217,285.100000
2000-06-09,1456.950000,4536.390711,11.203942,285.150000
2000-06-12,1446.000000,4502.502188,11.242520,284.100000
2000-06-13,1469.440000,4575.692903,11.227249,293.000000
2000-06-14,1470.540000,4579.325610,11.274880,286.050000
2000-06-15,1478.730000,4605.037205,11.286611,289.150000
2000-06-16,1464.460000,4560.806544,11.343497,290.300000
2000-06-19,1486.000000,4628.095875,11.337118,288.100000
2000-06-20,1475.950000,4597.005285,11.312609,286.400000
2000-06-21,1479.130000,4607.118117,11.242915,286.600000
2000-06-22,1452.180000,4523.384480,11.236647,286.100000
2000-06-23,1441.480000,4490.260174,11.176450,285.300000
2000-06-26,1455.310000,4533.544644,11.250725,283.000000
2000-06-27,1450.550000,4518.921916,11.262453,284.200000
2000-06-28,1454.820000,4532.429157,11.256170,286.350000
2000-06-29,1442.390000,4493.909479,11.321933,290.850000
2000-06-30,1454.600000,4532.154655,11.333704,289.150000
2000-07-03,1469.540000,4578.906278,11.363617,288.050000
2000-07-05,1446.230000,4506.479744,11.375414,287.700000
2000-07-06,1456.670000,4539.212308,11.323516,285.400000
2000-07-07,1478.900000,4608.687268,11.362470,284.150000
2000-07-10,1475.620000,4598.671718,11.337910,284.250000
2000-07-11,1480.880000,4615.269606,11.322486,283.600000
2000-07-12,1492.920000,4652.999326,11.298035,282.850000
2000-07-13,1495.840000,4662.307995,11.373073,280.650000
2000-07-14,1509.980000,4706.588536,11.293899,280.650000
2000-07-17,1510.490000,4708.388468,11.233387,282.400000
2000-07-18,1493.740000,4656.386948,11.245124,282.650000
2000-07-19,1481.960000,4619.873564,11.247873,281.800000
2000-07-20,1495.570000,4662.507878,11.385597,277.900000
2000-07-21,1480.190000,4614.768324,11.388313,280.350000
2000-07-24,1464.290000,4565.403276,11.363697,280.050000
2000-07-25,1474.470000,4597.346719,11.366420,278.750000
2000-07-26,1452.420000,4528.800966,11.369145,280.150000
2000-07-27,1449.620000,4520.272593,11.390060,280.200000
2000-07-28,1419.890000,4427.769067,11.374557,278.450000
2000-07-31,1430.830000,4462.082053,11.377283,277.400000
2000-08-01,1438.100000,4484.950027,11.416418,277.300000
2000-08-02,1438.700000,4487.018514,11.437402,277.150000
2000-08-03,1452.560000,4530.442470,11.467566,276.650000
2000-08-04,1462.930000,4562.985132,11.506970,273.300000
2000-08-07,1479.320000,4614.307456,11.454435,273.500000
2000-08-08,1482.800000,4625.365280,11.493803,274.000000
2000-08-09,1472.870000,4594.593646,11.606848,272.300000
2000-08-10,1460.250000,4555.427876,11.655951,272.450000
2000-08-11,1471.840000,4591.784683,11.630641,273.150000
2000-08-14,1491.560000,4653.508300,11.642618,275.450000
2000-08-15,1484.430000,4631.468162,11.617346,274.700000
2000-08-16,1479.850000,4617.382152,11.601437,275.500000
2000-08-17,1496.070000,4668.194408,11.622683,277.150000
2000-08-18,1491.720000,4654.826432,11.653257,277.150000
2000-08-21,1499.480000,4679.245826,11.646608,276.400000
2000-08-22,1498.130000,4675.238880,11.658601,274.000000
2000-08-23,1505.970000,4699.910956,11.707909,272.450000
2000-08-24,1508.310000,4707.420496,11.710571,272.000000
2000-08-25,1506.450000,4701.822530,11.713234,273.350000
2000-08-29,1509.840000,4712.609980,11.643715,274.000000
2000-08-30,1502.590000,4690.188116,11.646400,272.600000
2000-08-31,1517.680000,4737.496396,11.723622,274.950000
2000-09-01,1520.770000,4747.351324,11.773182,276.600000
2000-09-05,1507.080000,4704.825390,11.766417,276.200000
2000-09-06,1492.250000,4658.736800,11.740835,275.300000
2000-09-07,1502.510000,4690.973949,11.705929,272.950000
2000-09-08,1494.500000,4666.173314,11.736699,274.100000
2000-09-11,1489.260000,4650.019050,11.701810,272.600000
2000-09-12,1481.990000,4627.524937,11.695128,272.800000
2000-09-13,1484.910000,4636.847174,11.735235,272.800000
2000-09-14,1480.870000,4624.436615,11.690967,272.800000
2000-09-15,1465.810000,4577.611871,11.646889,272.850000
2000-09-18,1444.510000,4511.295919,11.612318,272.450000
2000-09-19,1459.900000,4559.559239,11.633608,272.000000
2000-09-20,1451.340000,4533.026161,11.589778,271.100000
2000-09-21,1449.050000,4526.074054,11.620312,269.650000
2000-09-22,1448.720000,4525.243338,11.650912,272.350000
2000-09-25,1439.030000,4495.175504,11.662938,273.550000
2000-09-26,1427.210000,4458.451400,11.693631,274.050000
2000-09-27,1426.570000,4456.649151,11.677618,274.750000
2000-09-28,1458.290000,4555.940383,11.689661,277.200000
2000-09-29,1436.510000,4488.097393,11.711065,274.100000
2000-10-02,1436.230000,4487.431715,11.685653,274.300000
2000-10-03,1426.460000,4457.114916,11.650963,272.400000
2000-10-04,1434.320000,4481.881945,11.625714,271.300000
2000-10-05,1436.280000,4488.215281,11.656338,271.350000
2000-10-06,1408.990000,4403.146199,11.705679,270.800000
2000-10-10,1387.020000,4334.694301,11.727111,269.750000
2000-10-11,1364.590000,4264.798378,11.757955,273.000000
2000-10-12,1329.780000,4156.204253,11.798273,270.800000
2000-10-13,1374.170000,4295.138089,11.800956,275.850000
2000-10-16,1374.620000,4296.744757,11.794198,272.050000
2000-10-17,1349.970000,4219.894759,11.853497,270.550000
2000-10-18,1342.130000,4195.584197,11.875134,271.300000
2000-10-19,1388.760000,4341.548057,11.877801,270.500000
2000-10-20,1396.930000,4367.291449,11.899474,271.500000
2000-10-23,1395.780000,4363.899645,11.949735,271.250000
2000-10-24,1398.130000,4371.450250,11.914146,270.400000
2000-10-25,1364.900000,4267.755670,11.878683,269.300000
2000-10-26,1364.440000,4266.516208,11.862350,266.750000
2000-10-27,1379.580000,4314.056818,11.836558,266.050000
2000-10-30,1398.660000,4373.922520,11.820307,265.650000
2000-10-31,1429.400000,4470.257180,11.794630,263.800000
2000-11-01,1421.220000,4444.885108,11.825638,266.000000
2000-11-02,1428.320000,4467.299047,11.828332,265.750000
2000-11-03,1426.690000,4462.410605,11.745862,266.450000
2000-11-06,1432.190000,4479.822956,11.710993,265.750000
2000-11-07,1431.870000,4479.032242,11.713720,264.100000
2000-11-08,1409.280000,4408.578662,11.716449,265.000000
2000-11-09,1400.140000,4380.193355,11.766044,264.300000
2000-11-10,1365.980000,4273.532879,11.768761,265.150000
2000-11-13,1351.260000,4227.681215,11.818554,264.300000
2000-11-14,1382.950000,4327.027978,11.830715,264.500000
2000-11-15,1389.810000,4348.694874,11.871278,265.250000
2000-11-16,1372.320000,4294.173001,11.911960,265.400000
2000-11-17,1367.720000,4279.980504,11.886057,266.500000
2000-11-20,1342.620000,4201.636399,11.917276,265.750000
2000-11-21,1347.350000,4216.635783,11.929496,267.250000
2000-11-22,1322.360000,4138.625530,11.979899,266.450000
2000-11-24,1341.770000,4199.567747,11.972986,266.000000
2000-11-27,1348.970000,4222.299901,11.966083,266.200000
2000-11-28,1336.090000,4182.183420,12.016625,269.750000
2000-11-29,1341.930000,4200.659853,12.057744,269.000000
2000-11-30,1314.950000,4116.401160,12.127923,267.000000
2000-12-01,1315.230000,4117.477376,12.091751,271.200000
2000-12-04,1324.970000,4148.169295,12.084726,271.150000
2000-12-05,1376.540000,4309.824058,12.184056,271.850000
2000-12-06,1351.460000,4231.509883,12.293901,270.850000
2000-12-07,1343.550000,4206.948425,12.296496,275.100000
2000-12-08,1369.890000,4289.628796,12.269581,273.300000
2000-12-11,1380.200000,4322.121284,12.252554,272.500000
2000-12-12,1371.180000,4294.084657,12.264967,271.000000
2000-12-13,1359.990000,4259.249564,12.336260,269.950000
2000-12-14,1340.930000,4199.763612,12.398064,269.700000
2000-12-15,1312.150000,4109.829008,12.430392,270.300000
2000-12-18,1322.740000,4143.197670,12.462790,270.500000
2000-12-19,1305.600000,4089.711305,12.445406,269.450000
2000-12-20,1264.740000,3961.918273,12.557489,270.200000
2000-12-21,1274.860000,3993.812327,12.610250,273.000000
2000-12-22,1305.950000,4091.403135,12.622856,273.950000
2000-12-27,1328.920000,4163.564188,12.537106,274.700000
2000-12-28,1334.220000,4180.371293,12.519589,274.600000
2000-12-29,1320.280000,4136.897347,12.532153,272.650000
2001-01-02,1283.270000,4021.130865,12.735214,272.800000
2001-01-03,1347.560000,4222.776980,12.513560,269.000000
2001-01-04,1333.340000,4178.419396,12.626232,268.750000
2001-01-05,1298.350000,4068.968514,12.729762,268.000000
2001-01-08,1295.860000,4061.360452,12.722069,268.600000
2001-01-09,1300.800000,4077.038044,12.683852,267.750000
2001-01-10,1313.270000,4116.318066,12.564594,266.700000
2001-01-11,1326.820000,4158.986990,12.526930,264.800000
2001-01-12,1318.550000,4133.264048,12.419248,263.650000
2001-01-16,1326.650000,4158.853722,12.431770,264.500000
2001-01-17,1329.470000,4167.893810,12.484083,263.100000
2001-01-18,1347.970000,4226.091620,12.556565,264.100000
2001-01-19,1342.540000,4209.270772,12.488799,265.750000
2001-01-22,1342.900000,4210.601705,12.431425,266.100000
2001-01-23,1360.400000,4265.674443,12.384289,267.100000
2001-01-24,1364.300000,4278.108228,12.357171,265.700000
2001-01-25,1357.510000,4257.021993,12.399328,263.600000
2001-01-26,1354.950000,4249.198594,12.401931,264.500000
2001-01-29,1364.170000,4278.317168,12.374770,263.100000
2001-01-30,1373.730000,4308.504830,12.456581,263.400000
2001-01-31,1366.010000,4284.499161,12.508997,266.200000
2001-02-01,1373.470000,4308.106744,12.601638,266.850000
2001-02-02,1349.470000,4233.037331,12.533619,268.000000
2001-02-05,1354.310000,4248.426246,12.526164,266.250000
2001-02-06,1352.260000,4242.202946,12.488655,264.550000
2001-02-07,1340.890000,4206.741063,12.611133,262.900000
2001-02-08,1332.530000,4180.718889,12.613685,263.400000
2001-02-09,1314.760000,4125.170944,12.686875,260.500000
2001-02-12,1330.310000,4174.161851,12.669108,260.900000
2001-02-13,1318.800000,4138.250364,12.651376,261.500000
2001-02-14,1315.920000,4129.415341,12.593195,260.900000
2001-02-15,1326.610000,4163.162706,12.535311,259.500000
2001-02-16,1301.530000,4084.660060,12.618119,256.700000
2001-02-20,1278.940000,4013.964161,12.620678,258.300000
2001-02-21,1255.270000,3939.871695,12.592947,257.300000
2001-02-22,1252.820000,3932.374381,12.585441,258.000000
2001-02-23,1245.860000,3910.720254,12.638355,259.950000
2001-02-26,1267.650000,3979.309455,12.691466,262.800000
2001-02-27,1257.940000,3949.022909,12.785388,268.100000
2001-02-28,1239.940000,3892.708773,12.828818,265.000000
2001-03-01,1241.230000,3896.966672,12.882638,266.700000
2001-03-02,1234.180000,3875.040744,12.802679,263.350000
2001-03-05,1241.410000,3897.948364,12.774467,261.850000
2001-03-06,1253.800000,3937.060486,12.766772,262.600000
2001-03-07,1261.890000,3962.674315,12.840794,261.550000
2001-03-08,1264.740000,3971.835852,12.874119,263.600000
2001-03-09,1233.420000,3873.689635,12.814821,268.750000
2001-03-12,1180.160000,3706.627827,12.848094,270.500000
2001-03-13,1197.660000,3761.789635,12.819767,269.400000
2001-03-14,1166.710000,3664.778281,12.935099,267.450000
2001-03-15,1173.560000,3686.490815,12.968628,262.700000
2001-03-16,1150.530000,3614.343945,13.002228,260.200000
2001-03-19,1170.810000,3678.245907,12.963087,260.500000
2001-03-20,1142.620000,3589.880069,13.007048,262.600000
2001-03-21,1122.140000,3525.727914,13.019921,261.200000
2001-03-22,1117.580000,3511.588958,13.064049,262.250000
2001-03-23,1139.830000,3581.689159,12.993343,262.300000
2001-03-26,1152.690000,3622.290562,12.943844,261.300000
2001-03-27,1182.170000,3715.124075,12.791009,262.750000
2001-03-28,1153.290000,3624.563432,12.824246,261.200000
2001-03-29,1147.950000,3607.974563,12.816515,260.200000
2001-03-30,1160.330000,3647.077369,12.870314,259.050000
2001-04-02,1145.870000,3601.820707,12.821351,257.550000
2001-04-03,1106.460000,3478.133713,12.864913,257.000000
2001-04-04,1103.250000,3468.227315,12.867435,259.200000
2001-04-05,1151.440000,3619.903254,12.828782,258.200000
2001-04-06,1128.430000,3547.755969,12.923684,258.100000
2001-04-09,1137.590000,3576.742637,12.884836,260.900000
2001-04-10,1168.380000,3673.740109,12.722431,257.050000
2001-04-11,1165.890000,3666.105323,12.694467,258.450000
2001-04-12,1183.500000,3721.673549,12.646268,259.400000
2001-04-17,1191.810000,3748.002517,12.610413,262.150000
2001-04-18,1238.160000,3893.962395,12.683638,260.100000
2001-04-19,1253.690000,3943.009795,12.554315,261.350000
2001-04-20,1242.980000,3909.534307,12.536854,264.200000
2001-04-23,1224.360000,3851.175993,12.629751,262.900000
2001-04-24,1209.470000,3804.544008,12.612150,263.650000
2001-04-25,1228.750000,3865.393190,12.554224,263.950000
2001-04-26,1234.520000,3883.749090,12.637201,262.200000
2001-04-27,1253.050000,3942.249354,12.498272,264.450000
2001-04-30,1249.460000,3931.163516,12.490922,263.450000
2001-05-01,1266.440000,3984.781336,12.543538,263.800000
2001-05-02,1267.430000,3988.092774,12.536141,265.000000
2001-05-03,1248.580000,3928.976023,12.629043,265.300000
2001-05-04,1266.610000,3985.905734,12.641762,265.800000
2001-05-08,1261.200000,3969.077473,12.616643,265.600000
2001-05-09,1255.540000,3951.460775,12.659640,265.200000
2001-05-10,1255.180000,3950.522592,12.550847,269.400000
2001-05-11,1245.670000,3920.785822,12.352679,268.950000
2001-05-14,1248.920000,3931.208605,12.404790,267.700000
2001-05-15,1249.440000,3933.039220,12.367783,268.050000
2001-05-16,1284.990000,4045.138897,12.390270,269.100000
2001-05-17,1288.490000,4056.356306,12.412789,271.750000
2001-05-18,1291.960000,4067.480365,12.465130,272.100000
2001-05-21,1312.830000,4133.385966,12.467806,288.350000
2001-05-22,1309.380000,4122.727583,12.460508,282.750000
2001-05-23,1289.050000,4058.919592,12.473157,283.850000
2001-05-24,1293.170000,4072.092631,12.366071,283.450000
2001-05-25,1277.890000,4024.177853,12.368779,280.650000
2001-05-29,1267.930000,3993.011418,12.351699,276.650000
2001-05-30,1248.080000,3930.695939,12.354414,273.650000
2001-05-31,1255.820000,3955.266043,12.465849,266.100000
2001-06-01,1260.670000,3970.740158,12.508426,265.650000
2001-06-04,1267.110000,3991.223850,12.551128,266.250000
2001-06-05,1283.570000,4043.271220,12.614038,266.150000
2001-06-06,1270.030000,4000.823178,12.636869,266.950000
2001-06-07,1276.960000,4022.855021,12.578854,266.250000
2001-06-08,1264.960000,3985.253173,12.531199,267.250000
2001-06-11,1254.390000,3952.152729,12.594024,272.750000
2001-06-12,1255.850000,3956.951337,12.647059,267.900000
2001-06-13,1241.600000,3912.251110,12.639586,271.800000
2001-06-14,1219.870000,3843.977057,12.662458,272.200000
2001-06-15,1214.360000,3826.807506,12.654971,274.350000
2001-06-18,1208.430000,3808.312671,12.657618,271.500000
2001-06-19,1212.580000,3821.582628,12.670391,273.950000
2001-06-20,1223.140000,3855.055745,12.693308,272.400000
2001-06-21,1237.040000,3899.059114,12.716257,272.650000
2001-06-22,1225.350000,3862.409074,12.800275,273.200000
2001-06-25,1218.600000,3841.326629,12.782405,273.100000
2001-06-26,1216.760000,3835.719576,12.703215,273.850000
2001-06-27,1211.070000,3817.975191,12.685532,276.000000
2001-06-28,1226.200000,3865.865383,12.596844,271.450000
2001-06-29,1224.380000,3860.321745,12.528976,269.900000
2001-07-02,1236.720000,3899.428033,12.581786,269.100000
2001-07-03,1234.450000,3892.472420,12.544206,268.600000
2001-07-05,1219.240000,3844.713619,12.516793,267.550000
2001-07-06,1190.590000,3754.568553,12.549535,265.200000
2001-07-09,1198.780000,3780.590306,12.592388,266.850000
2001-07-10,1181.520000,3726.353114,12.645441,267.200000
2001-07-11,1180.180000,3722.319768,12.658226,266.550000
2001-07-12,1208.140000,3810.698991,12.701400,267.550000
2001-07-13,1215.680000,3834.678754,12.704056,266.400000
2001-07-16,1202.450000,3793.145157,12.767693,268.000000
2001-07-17,1214.440000,3831.164066,12.760118,266.850000
2001-07-18,1207.710000,3810.131356,12.864842,268.100000
2001-07-19,1215.020000,3833.390401,12.857164,271.550000
2001-07-20,1210.850000,3820.432414,12.839210,270.100000
2001-07-23,1191.030000,3758.094729,12.862377,269.250000
2001-07-24,1171.650000,3697.138875,12.864995,268.900000
2001-07-25,1190.490000,3756.779772,12.795570,269.250000
2001-07-26,1202.930000,3796.230569,12.808447,267.150000
2001-07-27,1205.820000,3805.547336,12.872565,265.850000
2001-07-30,1204.520000,3801.641488,12.895782,266.400000
2001-07-31,1211.230000,3823.015959,12.939663,265.550000
2001-08-01,1215.930000,3838.053015,12.900860,267.700000
2001-08-02,1220.750000,3853.470427,12.841552,268.300000
2001-08-03,1214.350000,3833.471937,12.813366,267.500000
2001-08-06,1200.480000,3789.889943,12.826261,267.900000
2001-08-07,1204.400000,3802.465951,12.818642,266.700000
2001-08-08,1183.530000,3736.777643,13.036640,266.500000
2001-08-09,1183.430000,3736.659750,12.987075,269.000000
2001-08-10,1190.160000,3758.107442,13.041621,273.350000
2001-08-13,1191.290000,3761.874553,13.065070,275.100000
2001-08-14,1186.730000,3747.674080,13.067646,274.100000
2001-08-15,1178.020000,3720.366457,13.038861,276.350000
2001-08-16,1181.660000,3732.059101,13.093604,275.100000
2001-08-17,1161.970000,3670.069392,13.211400,276.250000
2001-08-20,1171.410000,3700.079834,13.139953,277.750000
2001-08-21,1157.260000,3655.580765,13.184561,276.950000
2001-08-22,1165.310000,3681.202839,13.144919,277.250000
2001-08-23,1162.090000,3671.225787,13.168512,274.300000
2001-08-24,1184.930000,3743.575321,13.128928,275.150000
2001-08-28,1161.510000,3669.782201,13.218036,271.600000
2001-08-29,1148.560000,3629.061064,13.294601,272.850000
2001-08-30,1129.030000,3567.545007,13.286487,273.400000
2001-08-31,1133.580000,3582.111121,13.225238,275.350000
2001-09-04,1132.940000,3580.302901,13.079660,272.250000
2001-09-05,1131.740000,3576.724746,13.103178,271.700000
2001-09-06,1106.400000,3496.854657,13.221070,272.000000
2001-09-07,1085.780000,3431.892785,13.287081,273.150000
2001-09-10,1092.540000,3453.464737,13.247093,273.200000
2001-09-17,1038.770000,3283.706922,13.476920,291.000000
2001-09-18,1032.740000,3264.841529,13.382363,288.650000
2001-09-19,1016.100000,3212.432052,13.416987,289.350000
2001-09-20,984.540000,3112.846197,13.355082,288.200000
2001-09-21,965.800000,3053.781563,13.411020,291.300000
2001-09-24,1003.450000,3173.010410,13.381335,289.650000
2001-09-25,1012.270000,3201.089861,13.394552,287.950000
2001-09-26,1007.040000,3184.742489,13.472070,291.600000
2001-09-27,1018.610000,3221.522786,13.549999,291.250000
2001-09-28,1040.940000,3292.337728,13.530782,290.850000
2001-10-01,1038.550000,3284.969526,13.587375,291.650000
2001-10-02,1051.330000,3325.583690,13.611568,291.100000
2001-10-03,1072.280000,3392.046002,13.646683,289.950000
2001-10-04,1069.630000,3383.859799,13.616368,289.150000
2001-10-05,1071.380000,3389.592384,13.629708,291.600000
2001-10-09,1056.750000,3343.503185,13.523116,291.100000
2001-10-10,1080.990000,3420.391290,13.536413,286.500000
2001-10-11,1097.430000,3472.608003,13.452256,282.350000
2001-10-12,1091.650000,3454.519764,13.465522,282.850000
2001-10-15,1089.980000,3449.435480,13.532657,283.750000
2001-10-16,1097.540000,3473.560569,13.567617,281.250000
2001-10-17,1077.090000,3409.040705,13.570088,281.650000
2001-10-18,1068.610000,3382.398886,13.583416,282.200000
2001-10-19,1073.480000,3398.009803,13.531551,278.700000
2001-10-22,1089.900000,3450.183061,13.534037,277.550000
2001-10-23,1084.780000,3434.175378,13.504042,274.900000
2001-10-24,1085.200000,3435.704246,13.560555,276.150000
2001-10-25,1100.090000,3483.044780,13.617278,275.350000
2001-10-26,1104.610000,3497.557832,13.652424,276.950000
2001-10-29,1078.300000,3414.454653,13.687644,277.700000
2001-10-30,1059.790000,3356.040530,13.755788,280.200000
2001-10-31,1059.780000,3356.203570,13.912277,280.950000
2001-11-01,1084.100000,3433.407828,13.981430,279.450000
2001-11-02,1087.200000,3443.415543,13.838375,280.200000
2001-11-05,1102.840000,3493.141452,13.907199,278.950000
2001-11-06,1118.860000,3544.076424,13.920704,278.900000
2001-11-07,1115.800000,3534.579588,14.012171,280.500000
2001-11-08,1118.540000,3543.454661,13.902421,280.200000
2001-11-09,1120.310000,3549.257813,13.882560,277.300000
2001-11-13,1139.090000,3608.951033,13.807209,277.650000
2001-11-14,1141.210000,3615.867317,13.666030,277.550000
2001-11-15,1142.240000,3619.330743,13.395171,276.050000
2001-11-16,1138.650000,3608.155492,13.269124,275.500000
2001-11-19,1151.060000,3647.679810,13.388477,274.200000
2001-11-20,1142.660000,3621.262106,13.305341,273.750000
2001-11-21,1137.030000,3603.620006,13.201475,273.150000
2001-11-23,1150.340000,3646.002995,13.140717,272.550000
2001-11-26,1157.420000,3668.644646,13.132833,273.050000
2001-11-27,1149.500000,3643.743664,13.209008,273.650000
2001-11-28,1128.520000,3577.441655,13.211619,274.600000
2001-11-29,1140.200000,3614.665397,13.415046,274.650000
2001-11-30,1139.450000,3612.487601,13.428328,274.700000
2001-12-03,1129.900000,3582.407562,13.463103,275.250000
2001-12-04,1144.800000,3629.844233,13.519493,276.550000
2001-12-05,1170.350000,3711.054239,13.284072,275.750000
2001-12-06,1167.100000,3700.951290,13.159138,274.100000
2001-12-07,1158.310000,3673.279520,12.993333,274.750000
2001-12-10,1139.930000,3615.192512,13.027198,273.350000
2001-12-11,1136.760000,3605.336345,13.071558,272.600000
2001-12-12,1137.070000,3606.516223,13.189248,273.250000
2001-12-13,1119.380000,3550.604490,13.075810,273.950000
2001-12-14,1123.090000,3562.566081,12.963405,274.850000
2001-12-17,1134.360000,3598.510123,12.945359,277.800000
2001-12-18,1142.920000,3625.861171,13.051624,278.850000
2001-12-19,1149.560000,3647.124071,13.137827,278.900000
2001-12-20,1139.930000,3616.770646,13.140476,276.250000
2001-12-21,1144.890000,3632.705046,13.101075,277.800000
2001-12-24,1144.650000,3632.141710,13.040852,277.700000
2001-12-27,1157.130000,3671.940721,13.098108,278.050000
2001-12-28,1161.020000,3684.485244,13.079817,277.600000
2001-12-31,1148.080000,3643.621288,13.166201,276.500000
2002-01-02,1154.670000,3664.735294,13.031921,278.100000
2002-01-03,1165.270000,3698.578685,13.076313,278.650000
2002-01-04,1172.510000,3721.761082,13.058068,278.950000
2002-01-07,1164.890000,3697.777643,13.154770,279.650000
2002-01-08,1160.710000,3684.711347,13.146904,278.200000
2002-01-09,1155.140000,3667.231007,13.149564,279.350000
2002-01-10,1156.550000,3671.908191,13.257422,287.000000
2002-01-11,1145.600000,3637.344351,13.344900,286.600000
2002-01-14,1138.410000,3614.714908,13.358181,286.400000
2002-01-15,1146.190000,3639.616177,13.392844,283.850000
2002-01-16,1127.570000,3580.689491,13.395437,287.950000
2002-01-17,1138.880000,3616.801416,13.290868,285.150000
2002-01-18,1127.580000,3581.113494,13.336025,283.700000
2002-01-22,1119.310000,3555.044696,13.317302,283.350000
2002-01-23,1128.180000,3583.411439,13.224038,281.600000
2002-01-24,1132.150000,3596.217513,13.205530,279.050000
2002-01-25,1133.280000,3600.003859,13.176494,279.000000
2002-01-28,1133.060000,3599.502167,13.158078,279.350000
2002-01-29,1100.640000,3496.707530,13.266016,277.800000
2002-01-30,1113.570000,3537.977345,13.268658,280.950000
2002-01-31,1130.200000,3591.007094,13.218227,281.500000
2002-02-01,1122.200000,3565.792228,13.273759,282.000000
2002-02-04,1094.440000,3477.787050,13.361356,285.800000
2002-02-05,1090.020000,3463.938948,13.385353,290.350000
2002-02-06,1083.510000,3443.447519,13.387966,297.450000
2002-02-07,1080.170000,3433.028161,13.379870,300.350000
2002-02-08,1096.220000,3484.233478,13.414599,305.100000
2002-02-11,1111.940000,3534.395676,13.406476,301.500000
2002-02-12,1107.500000,3520.483242,13.344737,298.900000
2002-02-13,1118.510000,3555.681149,13.304666,298.600000
2002-02-14,1116.480000,3549.429583,13.371173,298.100000
2002-02-15,1104.180000,3510.527680,13.470072,300.400000
2002-02-19,1083.340000,3444.470043,13.451118,297.250000
2002-02-20,1097.980000,3491.213177,13.453723,294.200000
2002-02-21,1080.950000,3437.261444,13.456328,291.150000
2002-02-22,1089.840000,3465.725306,13.501994,293.350000
2002-02-25,1109.430000,3528.218707,13.482984,291.800000
2002-02-26,1109.380000,3528.259829,13.410080,293.000000
2002-02-27,1109.890000,3530.081963,13.509256,299.300000
2002-02-28,1106.730000,3520.231603,13.468621,296.550000
2002-03-01,1131.780000,3600.099840,13.363480,295.800000
2002-03-04,1153.840000,3670.465668,13.323358,299.550000
2002-03-05,1146.140000,3646.169870,13.326012,296.600000
2002-03-06,1162.770000,3699.271491,13.286023,294.350000
2002-03-07,1157.540000,3682.832744,13.118630,292.150000
2002-03-08,1164.310000,3704.571440,13.005903,289.300000
2002-03-11,1168.260000,3717.339867,13.008654,291.750000
2002-03-12,1165.580000,3709.013363,13.021812,292.000000
2002-03-13,1154.090000,3672.651484,13.066231,293.750000
2002-03-14,1153.040000,3669.508769,12.943533,292.700000
2002-03-15,1166.160000,3711.461225,12.998081,291.000000
2002-03-18,1165.550000,3709.720610,13.032036,291.000000
2002-03-19,1170.290000,3725.007812,13.024361,293.200000
2002-03-20,1151.850000,3666.515215,12.954180,292.700000
2002-03-21,1153.590000,3672.252262,12.967319,292.250000
2002-03-22,1148.700000,3656.884472,12.959719,293.650000
2002-03-25,1131.870000,3603.504035,12.952128,297.700000
2002-03-26,1138.490000,3624.774903,13.017079,297.100000
2002-03-27,1144.580000,3644.360617,13.019842,297.500000
2002-03-28,1147.390000,3653.504862,12.949695,303.000000
2002-04-02,1136.760000,3619.863394,13.017316,302.650000
2002-04-03,1125.400000,3583.893506,13.082568,304.950000
2002-04-04,1126.340000,3587.089495,13.106251,301.500000
2002-04-05,1122.730000,3575.795309,13.171907,300.800000
2002-04-08,1125.290000,3584.150736,13.143023,298.500000
2002-04-09,1117.800000,3560.496932,13.177305,299.300000
2002-04-10,1130.470000,3601.055516,13.158951,297.800000
2002-04-11,1103.690000,3515.952650,13.182741,301.800000
2002-04-12,1111.010000,3539.470165,13.227657,301.650000
2002-04-15,1102.550000,3512.718188,13.262122,301.800000
2002-04-16,1128.370000,3595.179054,13.211784,299.350000
2002-04-17,1126.070000,3588.054011,13.172232,300.150000
2002-04-18,1124.470000,3583.158597,13.185509,302.300000
2002-04-19,1125.170000,3585.591638,13.209343,303.700000
2002-04-22,1107.830000,3530.536676,13.233208,303.350000
2002-04-23,1100.960000,3508.842212,13.246520,303.250000
2002-04-24,1093.140000,3484.117555,13.323424,304.500000
2002-04-25,1091.480000,3479.023583,13.336784,305.100000
2002-04-26,1076.320000,3430.898625,13.360822,307.650000
2002-04-29,1065.450000,3396.443068,13.310072,310.650000
2002-04-30,1076.920000,3433.199070,13.334078,309.350000
2002-05-01,1086.460000,3463.813571,13.368784,308.300000
2002-05-02,1084.560000,3457.959026,13.318003,308.100000
2002-05-03,1073.430000,3422.675295,13.373987,308.850000
2002-05-07,1049.490000,3346.542187,13.368671,312.650000
2002-05-08,1088.850000,3472.246770,13.210948,310.900000
2002-05-09,1073.010000,3421.937868,13.255970,308.750000
2002-05-10,1054.990000,3364.670773,13.311729,310.650000
2002-05-13,1074.560000,3427.282369,13.229254,311.600000
2002-05-14,1097.280000,3499.948072,13.136749,309.950000
2002-05-15,1091.070000,3480.345381,13.181560,307.500000
2002-05-16,1098.230000,3503.388617,13.268684,309.050000
2002-05-17,1106.590000,3530.262570,13.197117,310.650000
2002-05-20,1091.880000,3483.541336,13.263223,311.800000
2002-05-21,1079.880000,3445.460580,13.297797,315.100000
2002-05-22,1086.020000,3465.252732,13.353722,318.250000
2002-05-23,1097.080000,3500.745830,13.324391,316.250000
2002-05-24,1083.820000,3458.638744,13.327120,320.900000
2002-05-28,1074.550000,3429.259393,13.329849,321.400000
2002-05-29,1067.660000,3407.471972,13.385897,325.200000
2002-05-30,1064.660000,3398.097041,13.442155,324.650000
2002-05-31,1067.140000,3406.211626,13.423347,327.250000
2002-06-05,1049.900000,3351.396960,13.431331,324.500000
2002-06-06,1029.150000,3285.371034,13.477019,322.900000
2002-06-07,1027.530000,3280.405709,13.415025,326.550000
2002-06-10,1030.740000,3290.859598,13.449936,323.100000
2002-06-11,1013.600000,3236.343023,13.506442,319.000000
2002-06-12,1020.260000,3257.811014,13.552353,319.550000
2002-06-13,1009.560000,3223.849142,13.598399,317.600000
2002-06-14,1007.270000,3216.738800,13.720730,319.700000
2002-06-17,1036.170000,3309.233500,13.657501,317.950000
2002-06-18,1037.140000,3312.539128,13.671077,318.050000
2002-06-19,1019.990000,3257.971381,13.804966,321.850000
2002-06-20,1006.290000,3214.416430,13.708178,320.850000
2002-06-21,989.140000,3159.835543,13.776616,323.500000
2002-06-24,992.720000,3171.470299,13.691064,326.350000
2002-06-25,976.140000,3118.700785,13.682757,323.100000
2002-06-26,973.530000,3110.557776,13.827708,324.600000
2002-06-27,990.640000,3165.421753,13.730754,319.450000
2002-06-28,989.820000,3163.000278,13.711422,319.050000
2002-07-01,968.650000,3095.572589,13.725036,312.300000
2002-07-02,948.090000,3030.084742,13.815518,312.900000
2002-07-03,953.990000,3049.153455,13.807080,312.850000
2002-07-05,989.030000,3161.362410,13.677151,310.750000
2002-07-08,976.980000,3123.067045,13.745461,313.000000
2002-07-09,952.830000,3046.086748,13.814079,312.450000
2002-07-10,920.470000,2942.849093,13.949315,315.950000
2002-07-11,927.370000,2965.115458,13.951894,314.500000
2002-07-12,921.390000,2946.203203,13.987959,316.500000
2002-07-15,917.930000,2935.346134,13.956958,316.350000
2002-07-16,900.940000,2881.221446,13.859049,320.350000
2002-07-17,906.040000,2897.733280,13.906010,317.750000
2002-07-18,881.560000,2819.643471,13.964233,316.600000
2002-07-19,847.750000,2711.700822,14.022672,319.150000
2002-07-22,819.850000,2622.647062,14.137419,324.000000
2002-07-23,797.700000,2551.974469,14.185189,320.300000
2002-07-24,843.430000,2698.451186,14.165009,313.600000
2002-07-25,838.680000,2683.443278,14.235524,310.250000
2002-07-26,852.840000,2728.937745,14.238027,308.600000
2002-07-29,898.960000,2876.704893,14.024112,303.050000
2002-07-30,902.780000,2889.130664,13.993025,304.450000
2002-07-31,911.620000,2917.623463,14.152329,305.500000
2002-08-01,884.660000,2831.539942,14.200149,300.650000
2002-08-02,864.240000,2766.376979,14.361710,306.500000
2002-08-05,834.600000,2671.692265,14.410135,307.600000
2002-08-06,859.570000,2751.809847,14.262723,306.750000
2002-08-07,876.770000,2807.063601,14.345096,307.800000
2002-08-08,905.460000,2899.111240,14.290191,312.950000
2002-08-09,908.640000,2909.493195,14.441305,309.600000
2002-08-12,903.800000,2894.196280,14.501517,316.250000
2002-08-13,884.210000,2831.664001,14.619957,314.700000
2002-08-14,919.620000,2945.259324,14.692523,316.250000
2002-08-15,930.250000,2979.507321,14.565596,312.700000
2002-08-16,928.770000,2974.972763,14.393219,314.550000
2002-08-19,950.700000,3045.422880,14.430231,313.050000
2002-08-20,937.430000,3003.124754,14.571217,307.600000
2002-08-21,949.360000,3041.550751,14.538658,308.350000
2002-08-22,962.700000,3084.499352,14.424771,306.450000
2002-08-23,940.860000,3014.736797,14.484932,305.800000
2002-08-27,934.820000,2995.591398,14.443247,309.400000
2002-08-28,917.870000,2941.482695,14.526588,310.950000
2002-08-29,917.800000,2941.461491,14.598748,310.650000
2002-08-30,916.070000,2936.120127,14.624516,312.400000
2002-09-03,878.020000,2814.377200,14.814112,313.500000
2002-09-04,893.400000,2863.879096,14.840154,312.700000
2002-09-05,879.150000,2818.406271,14.901847,316.200000
2002-09-06,893.920000,2865.960021,14.737259,317.900000
2002-09-09,902.960000,2895.149855,14.739627,322.200000
2002-09-10,909.580000,2916.584653,14.800954,318.350000
2002-09-11,909.450000,2916.378527,14.720418,317.150000
2002-09-12,886.910000,2844.309093,14.828783,318.000000
2002-09-13,889.810000,2853.814855,14.902303,318.500000
2002-09-16,891.100000,2858.158352,14.928465,316.550000
2002-09-17,873.520000,2801.977887,14.966604,315.300000
2002-09-18,869.460000,2789.157122,14.980875,317.600000
2002-09-19,843.320000,2705.503637,15.067063,320.150000
2002-09-20,845.390000,2712.339993,15.069329,321.550000
2002-09-23,833.700000,2675.029890,15.180094,323.450000
2002-09-24,819.290000,2628.986885,15.194467,323.300000
2002-09-25,839.660000,2694.541304,15.099448,325.250000
2002-09-26,854.950000,2743.802910,15.077547,322.350000
2002-09-27,827.370000,2655.488270,15.200435,320.150000
2002-09-30,815.280000,2616.876625,15.275623,322.400000
2002-10-01,847.910000,2721.805110,15.167839,322.600000
2002-10-02,827.910000,2657.805597,15.182213,320.400000
2002-10-03,818.950000,2629.237772,15.196594,322.700000
2002-10-04,800.580000,2570.454902,15.210982,321.650000
2002-10-07,785.280000,2521.520218,15.274053,322.350000
2002-10-08,798.550000,2564.315994,15.264040,320.700000
2002-10-09,776.760000,2494.532810,15.315096,318.800000
2002-10-10,803.920000,2581.940083,15.231526,319.500000
2002-10-11,835.320000,2682.977580,15.050971,317.100000
2002-10-15,881.270000,2830.763068,14.764280,317.500000
2002-10-16,860.020000,2762.713939,14.778476,314.000000
2002-10-17,879.200000,2824.531288,14.662629,312.800000
2002-10-18,884.390000,2841.413158,14.688510,312.450000
2002-10-21,899.720000,2890.875804,14.573415,313.400000
2002-10-22,890.160000,2860.372015,14.540891,311.650000
2002-10-23,896.140000,2879.798730,14.554988,313.400000
2002-10-24,882.500000,2836.178261,14.673888,311.100000
2002-10-25,897.650000,2885.076583,14.723267,312.300000
2002-10-28,890.230000,2861.441324,14.749231,313.300000
2002-10-29,882.150000,2835.681126,14.905023,316.350000
2002-10-30,890.710000,2863.406563,14.883523,316.800000
2002-10-31,885.760000,2847.704835,14.957320,316.350000
2002-11-01,900.960000,2896.771057,14.863926,318.750000
2002-11-04,908.350000,2920.733297,14.794945,317.200000
2002-11-05,915.390000,2943.573449,14.761826,318.900000
2002-11-06,923.760000,2970.693573,14.776037,317.500000
2002-11-07,902.650000,2903.013549,15.026673,319.700000
2002-11-08,894.740000,2877.776500,15.065051,322.550000
2002-11-12,882.950000,2840.056555,15.079404,321.900000
2002-11-13,882.530000,2838.903525,15.081702,323.200000
2002-11-14,904.270000,2909.034132,14.854758,318.600000
2002-11-15,909.830000,2927.123366,14.833366,318.500000
2002-11-18,900.360000,2896.860282,14.871350,319.800000
2002-11-19,896.740000,2885.415006,14.909414,319.800000
2002-11-20,914.150000,2941.635756,14.804427,319.000000
2002-11-21,933.760000,3004.943615,14.735763,318.400000
2002-11-22,930.550000,2994.822891,14.691029,318.200000
2002-11-25,932.870000,3002.498139,14.681713,319.500000
2002-11-26,913.310000,2939.752347,14.813353,318.000000
2002-11-27,938.870000,3022.229469,14.602439,318.200000
2002-11-29,936.310000,3014.199428,14.651636,318.250000
2002-12-02,934.530000,3008.682962,14.654089,317.300000
2002-12-03,920.750000,2964.532164,14.633097,317.700000
2002-12-04,917.580000,2954.535982,14.705798,320.700000
2002-12-05,906.550000,2919.229779,14.767060,322.100000
2002-12-06,912.230000,2937.727280,14.816735,325.300000
2002-12-09,892.000000,2872.787335,14.854700,325.300000
2002-12-10,904.450000,2913.087713,14.857093,325.950000
2002-12-11,904.960000,2914.936937,14.918915,323.750000
2002-12-12,901.580000,2904.256457,14.921289,326.150000
2002-12-13,889.480000,2865.484740,14.852041,333.500000
2002-12-16,910.400000,2933.082326,14.759387,332.900000
2002-12-17,902.990000,2909.417164,14.785432,341.000000
2002-12-18,891.120000,2871.378578,14.870654,337.050000
2002-12-19,884.250000,2849.445612,14.992015,345.750000
2002-12-20,895.760000,2886.738018,14.982377,343.100000
2002-12-23,897.380000,2892.163470,14.972752,343.900000
2002-12-24,892.470000,2876.544157,15.011051,345.000000
2002-12-27,875.400000,2821.729383,15.160066,348.300000
2002-12-30,879.390000,2834.790707,15.174498,348.500000
2002-12-31,879.820000,2836.377893,15.164659,342.750000
2003-01-02,909.030000,2930.748096,14.875802,342.200000
2003-01-03,908.590000,2929.538791,14.902006,344.000000
2003-01-06,929.010000,2995.587556,14.856715,356.100000
2003-01-07,922.930000,2976.196532,14.918553,348.700000
2003-01-08,909.930000,2934.487610,14.968684,346.750000
2003-01-09,927.570000,2991.585439,14.743536,354.600000
2003-01-10,927.570000,2991.799056,14.781372,353.150000
2003-01-13,926.260000,2987.787393,14.795637,352.350000
2003-01-14,931.660000,3005.419230,14.857256,353.750000
2003-01-15,918.220000,2962.278067,14.859673,351.900000
2003-01-16,914.600000,2950.811076,14.862091,350.850000
2003-01-17,901.780000,2909.660095,14.923957,358.200000
2003-01-21,887.620000,2864.179571,14.974113,355.550000
2003-01-22,878.360000,2834.503846,15.048371,359.250000
2003-01-23,887.340000,2863.685075,15.014614,363.300000
2003-01-24,861.400000,2780.174196,15.065032,364.100000
2003-01-27,847.480000,2735.445824,15.019179,370.800000
2003-01-28,858.540000,2771.339965,14.997521,366.450000
2003-01-29,864.360000,2790.324631,14.927913,369.850000
2003-01-30,844.610000,2726.766980,15.001972,363.000000
2003-01-31,855.700000,2762.765011,15.004353,370.350000
2003-02-03,860.320000,2777.893218,14.994732,369.000000
2003-02-04,848.200000,2738.971819,15.057097,374.850000
2003-02-05,843.590000,2724.295370,14.987189,385.000000
2003-02-06,838.150000,2706.936240,15.049528,372.500000
2003-02-07,829.690000,2679.820863,15.063939,370.550000
2003-02-10,835.970000,2700.310109,15.030152,371.750000
2003-02-11,829.200000,2678.648986,15.044556,362.150000
2003-02-12,818.680000,2644.870507,15.107111,363.150000
2003-02-13,817.370000,2640.841108,15.157809,354.250000
2003-02-14,834.890000,2697.648930,15.087392,356.250000
2003-02-18,851.170000,2750.458739,15.101827,347.000000
2003-02-19,845.130000,2731.152018,15.176676,347.200000
2003-02-20,837.100000,2705.411356,15.215437,351.100000
2003-02-21,848.170000,2741.395725,15.156900,354.000000
2003-02-24,832.580000,2691.216973,15.207748,352.900000
2003-02-25,838.570000,2710.785253,15.270908,359.100000
2003-02-26,827.550000,2675.369496,15.309867,352.550000
2003-02-27,837.280000,2707.030508,15.336660,354.000000
2003-02-28,841.150000,2719.750220,15.400295,347.650000
2003-03-03,834.810000,2699.457416,15.439522,348.450000
2003-03-04,821.990000,2658.207647,15.478832,352.400000
2003-03-05,829.850000,2683.827945,15.505840,354.500000
2003-03-06,822.100000,2658.967614,15.458455,353.250000
2003-03-07,828.890000,2681.131069,15.510173,356.600000
2003-03-10,807.480000,2612.082026,15.562040,353.100000
2003-03-11,800.730000,2590.445328,15.551807,353.150000
2003-03-12,804.190000,2601.835728,15.554029,349.000000
2003-03-13,831.900000,2691.685068,15.382046,342.900000
2003-03-14,833.270000,2696.322458,15.408940,335.500000
2003-03-17,862.790000,2792.049233,15.287943,340.500000
2003-03-18,866.450000,2804.105516,15.180188,334.900000
2003-03-19,874.020000,2828.817606,15.097534,339.000000
2003-03-20,875.670000,2834.372990,15.063684,335.500000
2003-03-21,895.790000,2899.712989,14.945572,332.550000
2003-03-24,864.230000,2797.772284,15.103443,330.150000
2003-03-25,874.740000,2832.009014,15.117911,333.000000
2003-03-26,869.950000,2816.716483,15.132387,329.600000
2003-03-27,868.520000,2812.300582,15.146871,333.150000
2003-03-28,863.500000,2796.259438,15.185598,330.300000
2003-03-31,848.180000,2746.861491,15.297296,335.350000
2003-04-01,858.480000,2780.416856,15.287384,335.650000
2003-04-02,880.900000,2853.230883,15.167414,330.250000
2003-04-03,876.450000,2839.023482,15.181919,324.700000
2003-04-04,878.850000,2847.002736,15.147850,323.200000
2003-04-07,879.930000,2850.707035,15.065403,319.750000
2003-04-08,878.290000,2845.599876,15.164231,322.300000
2003-04-09,865.990000,2805.954289,15.190870,324.100000
2003-04-10,871.580000,2824.269548,15.168934,325.100000
2003-04-11,868.300000,2813.845065,15.110636,325.050000
2003-04-14,885.230000,2868.912330,15.064680,325.600000
2003-04-15,890.810000,2887.203626,15.139406,323.700000
2003-04-16,879.910000,2852.084226,15.166020,323.850000
2003-04-17,893.580000,2896.599338,15.144138,326.100000
2003-04-22,911.370000,2954.476074,15.112601,333.250000
2003-04-23,919.020000,2979.489259,15.102916,333.800000
2003-04-24,911.430000,2955.097510,15.214067,332.000000
2003-04-25,898.810000,2914.393613,15.240782,333.400000
2003-04-28,914.840000,2966.581474,15.230954,333.750000
2003-04-29,917.840000,2976.523988,15.184584,332.600000
2003-04-30,916.920000,2973.755494,15.272004,336.000000
2003-05-01,916.300000,2971.948791,15.286579,338.950000
2003-05-02,930.080000,3016.847123,15.215557,341.250000
2003-05-06,934.390000,3031.034262,15.342202,342.650000
2003-05-07,929.620000,3015.769043,15.491825,343.000000
2003-05-08,920.270000,2985.643786,15.518899,341.400000
2003-05-09,933.410000,3028.478954,15.533593,348.700000
2003-05-12,945.110000,3066.647821,15.598002,350.350000
2003-05-13,942.300000,3057.740524,15.612733,350.750000
2003-05-14,939.280000,3048.150543,15.739884,348.900000
2003-05-15,946.670000,3072.341752,15.742089,353.850000
2003-05-16,944.300000,3064.860954,15.832450,352.550000
2003-05-19,920.770000,2988.701302,15.834624,359.750000
2003-05-20,919.730000,2985.530703,15.938139,368.000000
2003-05-21,923.420000,2997.713683,15.927527,364.900000
2003-05-22,931.870000,3025.350785,15.993379,369.600000
2003-05-23,933.220000,3029.941233,15.995499,369.700000
2003-05-27,951.480000,3089.435006,15.908044,372.350000
2003-05-28,953.220000,3095.296769,15.872018,364.550000
2003-05-29,949.640000,3083.884213,16.001160,361.100000
2003-05-30,963.590000,3129.397425,15.964878,365.800000
2003-06-02,967.000000,3140.675134,15.890382,361.300000
2003-06-03,971.560000,3155.689324,16.006956,365.300000
2003-06-04,986.240000,3203.575857,16.060299,365.300000
2003-06-05,990.140000,3216.452177,16.011010,362.600000
2003-06-06,987.760000,3208.929686,15.974705,367.350000
2003-06-09,975.930000,3170.706046,16.079080,362.800000
2003-06-10,984.840000,3199.859735,16.196948,359.400000
2003-06-11,997.480000,3241.136383,16.186047,354.150000
2003-06-12,998.510000,3244.693687,16.226956,354.200000
2003-06-13,988.610000,3212.734015,16.293911,353.950000
2003-06-16,1010.740000,3284.859607,16.230759,359.000000
2003-06-17,1011.660000,3288.062904,16.115946,359.750000
2003-06-18,1010.090000,3283.173690,15.989110,361.250000
2003-06-19,994.700000,3233.363612,16.016831,356.450000
2003-06-20,995.690000,3236.791691,15.954893,359.600000
2003-06-23,981.640000,3191.328131,16.059156,356.050000
2003-06-24,983.450000,3197.419735,16.099814,354.350000
2003-06-25,975.320000,3171.194915,15.985997,347.850000
2003-06-26,985.820000,3205.540996,15.770732,345.850000
2003-06-27,976.220000,3174.533350,15.735104,343.500000
2003-06-30,974.500000,3169.146319,15.787692,345.150000
2003-07-01,982.320000,3194.784195,15.764649,348.550000
2003-07-02,993.750000,3232.166136,15.766876,351.200000
2003-07-03,985.700000,3206.194323,15.630355,349.600000
2003-07-07,1004.420000,3267.294089,15.545101,350.250000
2003-07-08,1007.840000,3278.632118,15.534972,345.300000
2003-07-09,1002.210000,3260.530805,15.562140,345.450000
2003-07-10,988.700000,3216.790784,15.601793,343.400000
2003-07-11,998.140000,3247.714115,15.654009,344.200000
2003-07-14,1003.860000,3266.537437,15.556097,344.500000
2003-07-15,1000.420000,3255.556762,15.309508,348.500000
2003-07-16,994.090000,3235.170030,15.275159,343.000000
2003-07-17,981.730000,3195.156563,15.265345,344.600000
2003-07-18,993.320000,3233.085943,15.243332,344.000000
2003-07-21,978.800000,3186.036663,15.014053,347.800000
2003-07-22,988.110000,3216.548876,15.040572,352.250000
2003-07-23,988.610000,3218.386249,15.103223,352.200000
2003-07-24,981.600000,3195.775299,15.009031,359.800000
2003-07-25,998.680000,3251.590703,14.987518,361.100000
2003-07-28,996.520000,3244.770016,14.882118,361.950000
2003-07-29,989.280000,3221.407430,14.753701,364.000000
2003-07-30,987.490000,3215.788689,14.850712,359.100000
2003-07-31,990.310000,3225.181795,14.675061,355.750000
2003-08-01,980.150000,3192.306081,14.736376,353.050000
2003-08-04,982.820000,3201.212747,14.845075,348.950000
2003-08-05,965.460000,3144.879439,14.705124,349.500000
2003-08-06,967.080000,3150.363873,14.884194,352.650000
2003-08-07,974.120000,3173.505231,14.910561,350.150000
2003-08-08,977.590000,3185.019209,14.948890,353.500000
2003-08-11,980.590000,3195.003415,14.819873,357.000000
2003-08-12,990.350000,3227.014665,14.834305,360.000000
2003-08-13,984.030000,3206.634087,14.587661,356.000000
2003-08-14,990.510000,3227.961838,14.625322,362.250000
2003-08-15,990.670000,3228.696204,14.627963,363.300000
2003-08-18,999.740000,3258.469267,14.700819,361.300000
2003-08-19,1002.350000,3267.191039,14.832805,358.300000
2003-08-20,1000.300000,3260.724532,14.752319,362.200000
2003-08-21,1003.270000,3270.621084,14.660510,364.000000
2003-08-22,993.060000,3237.552640,14.721787,360.750000
2003-08-26,996.730000,3249.731071,14.703351,360.750000
2003-08-27,996.790000,3250.141074,14.658926,364.300000
2003-08-28,1002.840000,3270.082157,14.802292,370.900000
2003-08-29,1008.010000,3287.156326,14.769363,371.000000
2003-09-02,1021.990000,3332.957880,14.582923,375.500000
2003-09-03,1026.270000,3347.131236,14.597257,372.200000
2003-09-04,1027.970000,3352.891856,14.693344,373.000000
2003-09-05,1021.390000,3331.646636,14.895809,371.000000
2003-09-08,1031.640000,3365.296007,14.826881,376.400000
2003-09-09,1023.170000,3337.883482,14.876921,378.200000
2003-09-10,1010.920000,3298.135909,14.986615,381.150000
2003-09-11,1016.420000,3316.292697,14.905235,379.050000
2003-09-12,1018.630000,3323.717465,15.003202,377.500000
2003-09-15,1014.810000,3311.467714,14.993741,375.300000
2003-09-16,1029.320000,3359.029732,14.984293,374.900000
2003-09-17,1025.970000,3348.314434,15.094731,372.900000
2003-09-18,1039.580000,3392.947710,15.109322,376.950000
2003-09-19,1036.300000,3382.461662,15.136010,376.300000
2003-09-22,1022.820000,3338.681654,15.029535,386.200000
2003-09-23,1029.030000,3359.167896,15.056123,386.450000
2003-09-24,1009.380000,3295.239319,15.155015,385.250000
2003-09-25,1003.270000,3275.505308,15.206013,391.850000
2003-09-26,996.850000,3254.756629,15.305818,384.100000
2003-09-29,1006.580000,3286.735669,15.247048,379.850000
2003-09-30,995.970000,3252.303613,15.408092,384.500000
2003-10-01,1018.220000,3325.169615,15.410513,385.000000
2003-10-02,1020.240000,3331.980399,15.326636,385.150000
2003-10-03,1029.850000,3363.580067,15.108384,383.950000
2003-10-06,1034.350000,3378.494066,15.159255,372.750000
2003-10-07,1039.250000,3394.716486,15.040489,376.200000
2003-10-08,1033.780000,3377.067309,15.043038,376.600000
2003-10-09,1038.730000,3393.455035,14.985414,376.450000
2003-10-10,1038.060000,3391.484724,15.023948,370.350000
2003-10-14,1049.480000,3429.013837,14.930353,373.650000
2003-10-15,1046.760000,3420.347476,14.861276,374.500000
2003-10-16,1050.070000,3431.383350,14.816333,371.200000
2003-10-17,1039.320000,3396.475835,14.890079,371.800000
2003-10-20,1044.680000,3414.210926,14.892685,371.450000
2003-10-21,1046.030000,3418.842846,14.931033,374.800000
2003-10-22,1030.360000,3367.847207,15.041132,381.550000
2003-10-23,1033.770000,3379.210055,14.983528,386.750000
2003-10-24,1028.910000,3363.541193,15.105977,384.600000
2003-10-27,1031.130000,3371.015051,15.036010,386.750000
2003-10-28,1046.790000,3422.428489,15.122777,386.550000
2003-10-29,1048.110000,3426.964559,15.028530,382.700000
2003-10-30,1046.940000,3423.359743,14.970986,391.000000
2003-10-31,1050.710000,3435.907616,15.009507,384.600000
2003-11-03,1059.020000,3463.304368,14.928032,383.250000
2003-11-04,1053.250000,3444.658931,15.014236,378.300000
2003-11-05,1051.810000,3440.172343,14.956759,382.150000
2003-11-06,1058.050000,3460.804263,14.875601,381.900000
2003-11-07,1053.210000,3445.196960,14.842526,381.000000
2003-11-10,1047.110000,3425.465983,14.833291,382.850000
2003-11-12,1058.530000,3463.046526,14.895267,388.050000
2003-11-13,1058.410000,3462.878067,15.064718,395.500000
2003-11-14,1050.350000,3436.731689,15.163703,395.350000
2003-11-17,1043.630000,3414.966361,15.214766,398.000000
2003-11-18,1034.150000,3384.166920,15.229462,392.400000
2003-11-19,1042.440000,3411.514256,15.146697,397.150000
2003-11-20,1033.650000,3382.968684,15.246184,395.750000
2003-11-21,1035.280000,3388.522356,15.260898,393.850000
2003-11-24,1052.080000,3443.728888,15.165741,394.250000
2003-11-25,1053.890000,3449.876363,15.216817,391.500000
2003-11-26,1058.450000,3465.026659,15.146307,392.000000
2003-11-28,1058.200000,3464.432496,15.039808,398.100000
2003-12-01,1070.120000,3503.678522,14.970207,398.750000
2003-12-02,1066.620000,3492.442915,14.996773,401.050000
2003-12-03,1064.730000,3486.477494,14.963387,403.300000
2003-12-04,1069.720000,3503.039980,15.001918,402.400000
2003-12-05,1061.500000,3476.345430,15.184549,402.000000
2003-12-08,1069.300000,3502.111931,15.114212,408.750000
2003-12-09,1060.180000,3472.466253,15.080510,408.250000
2003-12-10,1059.050000,3468.986847,15.107224,407.300000
2003-12-11,1071.210000,3509.039239,15.146060,404.000000
2003-12-12,1074.140000,3518.861331,15.160743,406.600000
2003-12-15,1068.040000,3499.102561,15.139049,404.500000
2003-12-16,1075.130000,3522.554199,15.190065,409.700000
2003-12-17,1076.480000,3527.202281,15.253381,407.500000
2003-12-18,1089.180000,3569.040436,15.292525,410.750000
2003-12-19,1088.660000,3567.564406,15.307284,408.750000
2003-12-22,1092.940000,3581.817886,15.273067,410.800000
2003-12-23,1096.020000,3592.140489,15.153416,409.600000
2003-12-24,1094.040000,3585.880545,15.252971,410.800000
2003-12-29,1109.480000,3636.716454,15.209015,413.500000
2003-12-30,1109.640000,3637.473146,15.150738,415.600000
2003-12-31,1111.920000,3645.179420,15.177559,417.250000
2004-01-02,1108.480000,3634.126949,15.046568,415.200000
2004-01-05,1122.220000,3679.397345,15.013071,417.750000
2004-01-06,1123.670000,3684.378331,15.159824,428.000000
2004-01-07,1126.330000,3693.327362,15.186661,420.650000
2004-01-08,1131.920000,3711.885188,15.189234,418.100000
2004-01-09,1121.860000,3679.124517,15.386230,422.800000
2004-01-12,1127.230000,3696.962246,15.388739,428.200000
2004-01-13,1121.220000,3677.479311,15.465115,424.500000
2004-01-14,1130.520000,3708.209083,15.517089,421.000000
2004-01-15,1132.050000,3713.456304,15.544385,415.500000
2004-01-16,1139.830000,3739.205993,15.484669,410.300000
2004-01-20,1138.770000,3735.959261,15.437601,408.300000
2004-01-21,1147.620000,3765.223822,15.477150,411.250000
2004-01-22,1143.940000,3753.382315,15.553928,412.000000
2004-01-23,1141.550000,3745.771952,15.431959,411.400000
2004-01-26,1155.370000,3791.350563,15.348045,406.200000
2004-01-27,1144.050000,3754.437753,15.411971,404.000000
2004-01-28,1128.480000,3703.573096,15.278859,410.700000
2004-01-29,1134.110000,3722.278661,15.281418,410.150000
2004-01-30,1131.130000,3712.727509,15.357327,401.300000
2004-02-02,1135.260000,3726.512974,15.335291,401.850000
2004-02-03,1136.030000,3729.270861,15.399176,401.750000
2004-02-04,1126.520000,3698.282691,15.377061,399.600000
2004-02-05,1128.590000,3705.306952,15.318085,399.300000
2004-02-06,1142.760000,3752.057931,15.418674,396.400000
2004-02-09,1139.810000,3742.604035,15.458199,406.700000
2004-02-10,1145.540000,3761.650022,15.411242,408.350000
2004-02-11,1157.760000,3802.009785,15.512400,406.400000
2004-02-12,1152.110000,3783.690561,15.452843,411.400000
2004-02-13,1145.810000,3763.234360,15.517169,412.100000
2004-02-17,1156.990000,3800.185945,15.519662,413.700000
2004-02-18,1151.820000,3783.439747,15.522157,415.900000
2004-02-19,1147.060000,3768.038208,15.524651,410.200000
2004-02-20,1144.110000,3758.580510,15.465048,408.250000
2004-02-23,1140.990000,3748.563151,15.529424,399.850000
2004-02-24,1139.090000,3742.552677,15.544343,401.450000
2004-02-25,1143.670000,3757.831897,15.571706,403.400000
2004-02-26,1144.910000,3762.138530,15.536818,395.050000
2004-02-27,1144.940000,3762.469658,15.613892,392.250000
2004-03-01,1155.970000,3798.955504,15.603873,398.500000
2004-03-02,1149.100000,3776.619771,15.543934,398.600000
2004-03-03,1151.030000,3783.203158,15.521562,390.350000
2004-03-04,1154.870000,3796.065151,15.561321,394.150000
2004-03-05,1156.860000,3802.847801,15.800348,393.500000
2004-03-08,1147.200000,3771.335240,15.891244,399.400000
2004-03-09,1140.580000,3749.812412,15.957192,401.200000
2004-03-10,1123.890000,3695.180324,15.946788,400.800000
2004-03-11,1106.780000,3639.160320,15.949155,397.400000
2004-03-12,1120.570000,3684.734208,15.900485,400.750000
2004-03-15,1104.490000,3632.093286,15.902870,399.000000
2004-03-16,1110.700000,3652.745822,16.007034,399.600000
2004-03-17,1123.750000,3695.895590,15.996578,402.000000
2004-03-18,1122.320000,3691.427604,15.934947,407.150000
2004-03-19,1109.780000,3650.417085,15.886333,411.000000
2004-03-22,1095.400000,3603.348962,15.964983,414.100000
2004-03-23,1093.950000,3598.808393,15.980124,415.200000
2004-03-24,1091.330000,3590.418237,15.982490,417.600000
2004-03-25,1109.190000,3649.405120,15.959283,416.600000
2004-03-26,1108.060000,3645.919423,15.833984,417.500000
2004-03-29,1122.470000,3693.565506,15.760400,420.900000
2004-03-30,1127.000000,3708.706772,15.762845,419.150000
2004-03-31,1126.210000,3706.343006,15.828342,423.000000
2004-04-01,1132.170000,3726.193647,15.767453,425.300000
2004-04-02,1141.810000,3758.158401,15.467165,426.100000
2004-04-05,1150.570000,3787.230763,15.358348,420.550000
2004-04-06,1148.160000,3779.539491,15.422366,416.950000
2004-04-07,1140.530000,3754.663905,15.424930,419.250000
2004-04-08,1139.320000,3750.919981,15.402815,422.000000
2004-04-13,1129.440000,3718.631805,15.235840,417.450000
2004-04-14,1128.170000,3714.687525,15.177527,405.750000
2004-04-15,1128.840000,3717.130499,15.155893,398.000000
2004-04-16,1134.610000,3736.367440,15.219175,399.750000
2004-04-19,1135.820000,3740.590344,15.197463,405.300000
2004-04-20,1118.150000,3682.636361,15.151479,398.800000
2004-04-21,1124.090000,3702.434644,15.129900,393.750000
2004-04-22,1139.930000,3754.843233,15.193091,391.350000
2004-04-23,1140.600000,3757.289611,15.098508,396.250000
2004-04-26,1135.530000,3740.827955,15.125350,396.500000
2004-04-27,1138.110000,3749.565921,15.164328,397.150000
2004-04-28,1122.410000,3698.080521,15.082074,396.750000
2004-04-29,1113.890000,3670.244927,15.024438,382.750000
2004-04-30,1107.300000,3648.765064,15.051190,387.300000
2004-05-04,1119.550000,3689.372830,15.020473,389.750000
2004-05-05,1121.530000,3696.142100,14.963109,394.300000
2004-05-06,1113.990000,3671.537902,14.941905,392.000000
2004-05-07,1098.700000,3621.387622,14.753394,386.850000
2004-05-10,1087.120000,3583.459040,14.732593,374.100000
2004-05-11,1095.450000,3611.154457,14.758977,378.000000
2004-05-12,1097.280000,3617.426241,14.714554,381.150000
2004-05-13,1096.440000,3614.896595,14.693831,375.500000
2004-05-14,1095.700000,3612.696291,14.767189,373.500000
2004-05-17,1084.100000,3574.688541,14.876320,380.800000
2004-05-18,1091.490000,3599.292940,14.831490,379.000000
2004-05-19,1088.680000,3590.265094,14.774954,380.200000
2004-05-20,1089.190000,3592.184780,14.860502,380.450000
2004-05-21,1093.560000,3606.835112,14.815732,382.250000
2004-05-24,1095.410000,3613.175774,14.830383,383.850000
2004-05-25,1113.050000,3671.600082,14.856907,387.600000
2004-05-26,1114.940000,3678.077782,14.931009,390.500000
2004-05-27,1121.280000,3699.236437,15.017389,391.450000
2004-05-28,1120.680000,3697.501984,14.948047,393.850000
2004-06-01,1121.200000,3699.458565,14.891019,395.850000
2004-06-02,1124.990000,3712.204923,14.858064,395.850000
2004-06-03,1116.640000,3684.893752,14.896518,391.400000
2004-06-04,1122.500000,3704.471760,14.815882,388.100000
2004-06-07,1140.420000,3763.852680,14.818692,393.450000
2004-06-08,1142.180000,3769.906649,14.821503,394.950000
2004-06-09,1131.330000,3734.340523,14.776886,389.300000
2004-06-10,1136.470000,3751.550172,14.791533,384.250000
2004-06-14,1125.290000,3714.888822,14.699691,382.900000
2004-06-15,1132.010000,3737.315431,14.937738,382.300000
2004-06-16,1133.560000,3742.676255,14.880768,387.750000
2004-06-17,1132.050000,3737.934555,14.919280,386.000000
2004-06-18,1135.020000,3747.984807,14.910133,388.700000
2004-06-21,1130.300000,3732.642964,14.936782,393.850000
2004-06-22,1134.410000,3746.458826,14.915669,394.600000
2004-06-23,1144.060000,3778.572660,14.930396,395.250000
2004-06-24,1140.650000,3767.556406,14.992908,396.750000
2004-06-25,1134.430000,3747.257294,14.995680,401.150000
2004-06-28,1133.350000,3743.933997,14.878488,401.700000
2004-06-29,1136.200000,3753.592703,14.952715,396.750000
2004-06-30,1140.840000,3769.166160,15.051201,393.750000
2004-07-01,1128.940000,3730.104421,15.114165,394.500000
2004-07-02,1125.380000,3718.593371,15.225728,394.700000
2004-07-06,1116.210000,3688.543625,15.216254,398.400000
2004-07-07,1118.330000,3695.797879,15.206793,397.350000
2004-07-08,1109.110000,3665.577260,15.221673,402.200000
2004-07-09,1112.810000,3678.052769,15.224386,406.600000
2004-07-12,1114.350000,3683.390721,15.263637,408.550000
2004-07-13,1115.140000,3686.250314,15.217495,404.250000
2004-07-14,1111.470000,3674.367125,15.220212,403.300000
2004-07-15,1106.690000,3658.812807,15.222930,403.900000
2004-07-16,1101.390000,3641.537206,15.371788,403.700000
2004-07-19,1100.900000,3640.162606,15.374460,406.950000
2004-07-20,1108.670000,3666.099770,15.266436,405.500000
2004-07-21,1093.880000,3617.440016,15.232505,401.100000
2004-07-22,1096.840000,3627.472546,15.259597,395.000000
2004-07-23,1086.200000,3592.528450,15.298933,392.850000
2004-07-26,1084.070000,3585.725816,15.252678,391.650000
2004-07-27,1094.830000,3621.557877,15.096767,392.250000
2004-07-28,1095.420000,3623.753667,15.111613,386.200000
2004-07-29,1100.430000,3640.571517,15.126466,388.750000
2004-07-30,1101.720000,3645.084674,15.250239,389.600000
2004-08-02,1106.620000,3661.548546,15.277363,393.250000
2004-08-03,1099.690000,3638.871951,15.316745,390.600000
2004-08-04,1098.630000,3635.616011,15.319449,392.700000
2004-08-05,1080.700000,3576.532943,15.346666,391.800000
2004-08-06,1063.970000,3521.412972,15.582633,392.250000
2004-08-09,1065.220000,3525.793563,15.535390,398.600000
2004-08-10,1079.040000,3571.780444,15.488316,399.050000
2004-08-11,1075.790000,3561.269426,15.515752,396.250000
2004-08-12,1063.230000,3519.937335,15.555637,396.250000
2004-08-13,1064.800000,3525.378363,15.620496,392.750000
2004-08-16,1079.340000,3573.761671,15.573126,399.300000
2004-08-17,1081.710000,3581.855983,15.638051,401.450000
2004-08-18,1095.170000,3626.673608,15.615643,403.200000
2004-08-19,1091.230000,3613.876986,15.630756,406.300000
2004-08-20,1098.350000,3637.706490,15.608365,405.800000
2004-08-23,1095.680000,3629.115036,15.561044,409.950000
2004-08-24,1096.190000,3631.055183,15.563687,406.900000
2004-08-25,1104.960000,3660.356271,15.591232,405.500000
2004-08-26,1105.090000,3661.039999,15.643760,405.950000
2004-08-27,1107.770000,3670.171671,15.633865,406.850000
2004-08-31,1104.240000,3658.730129,15.764421,408.100000
2004-09-01,1105.910000,3664.512313,15.767004,408.000000
2004-09-02,1118.310000,3705.849892,15.681293,407.800000
2004-09-03,1113.630000,3690.593433,15.558456,405.800000
2004-09-07,1121.300000,3716.263038,15.610898,401.800000
2004-09-08,1116.270000,3699.845193,15.713447,398.100000
2004-09-09,1118.380000,3707.090420,15.665770,399.250000
2004-09-10,1123.920000,3725.706024,15.705992,400.650000
2004-09-13,1125.820000,3732.257825,15.746297,400.750000
2004-09-14,1128.330000,3740.832738,15.761494,403.500000
2004-09-15,1120.370000,3714.696864,15.726262,404.800000
2004-09-16,1123.500000,3725.327388,15.854681,404.400000
2004-09-17,1128.550000,3742.325721,15.781145,404.600000
2004-09-20,1122.200000,3721.523399,15.872112,404.150000
2004-09-21,1129.300000,3745.322115,15.900071,405.450000
2004-09-22,1113.560000,3693.375209,15.966227,407.500000
2004-09-23,1108.360000,3676.379477,15.943215,408.050000
2004-09-24,1110.110000,3682.434242,15.920249,409.450000
2004-09-27,1103.520000,3660.824536,15.961010,409.000000
2004-09-28,1110.060000,3682.769412,15.950781,410.300000
2004-09-29,1114.800000,3698.745513,15.851241,411.550000
2004-09-30,1114.580000,3698.267202,15.803096,412.350000
2004-10-01,1131.500000,3754.662051,15.717194,418.150000
2004-10-04,1135.170000,3767.096999,15.744968,416.850000
2004-10-05,1134.480000,3765.064831,15.760182,414.250000
2004-10-06,1142.050000,3790.445310,15.699755,417.950000
2004-10-07,1130.650000,3752.868112,15.664711,417.900000
2004-10-08,1122.140000,3724.878255,15.805208,418.050000
2004-10-12,1121.840000,3724.137154,15.845744,418.200000
2004-10-13,1113.650000,3697.203748,15.886364,412.450000
2004-10-14,1103.290000,3663.062450,15.965197,414.650000
2004-10-15,1108.200000,3679.614776,15.916662,417.800000
2004-10-18,1114.020000,3699.190864,15.919232,418.500000
2004-10-19,1103.230000,3663.614797,15.921803,416.250000
2004-10-20,1103.660000,3665.293286,16.000800,421.700000
2004-10-21,1106.490000,3674.942471,16.003346,425.500000
2004-10-22,1095.740000,3639.490228,16.018695,422.400000
2004-10-25,1094.800000,3636.616919,16.034053,429.000000
2004-10-26,1111.090000,3690.976402,16.010937,427.150000
2004-10-27,1125.400000,3738.765803,15.885397,425.850000
2004-10-28,1127.440000,3745.798703,15.913405,423.850000
2004-10-29,1130.200000,3755.224670,15.966910,426.200000
2004-11-01,1130.510000,3756.501314,15.892835,428.100000
2004-11-02,1130.560000,3756.914172,15.908142,425.100000
2004-11-03,1143.200000,3799.164342,15.923456,422.200000
2004-11-04,1161.670000,3860.794691,15.913302,426.300000
2004-11-05,1166.170000,3876.003946,15.775854,428.750000
2004-11-08,1164.890000,3872.004169,15.765869,432.950000
2004-11-09,1164.080000,3869.566093,15.768509,432.300000
2004-11-10,1162.910000,3865.930990,15.733305,435.100000
2004-11-12,1184.170000,3936.860777,15.798892,436.900000
2004-11-15,1183.810000,3935.922492,15.801525,439.500000
2004-11-16,1175.430000,3908.319231,15.791517,437.950000
2004-11-17,1181.940000,3930.221748,15.882588,444.500000
2004-11-18,1183.550000,3935.833493,15.910609,444.300000
2004-11-19,1170.340000,3892.162824,15.811383,443.700000
2004-11-22,1177.240000,3915.365562,15.839316,447.000000
2004-11-23,1176.940000,3914.624946,15.829272,447.000000
2004-11-24,1181.760000,3930.913868,15.819241,448.650000
2004-11-26,1182.650000,3934.132465,15.771256,451.550000
2004-11-29,1178.570000,3920.818564,15.647739,450.400000
2004-11-30,1173.820000,3905.273966,15.625398,452.000000
2004-12-01,1191.370000,3963.913658,15.603100,451.100000
2004-12-02,1190.330000,3960.708372,15.580847,454.350000
2004-12-03,1191.170000,3963.758176,15.745609,449.150000
2004-12-06,1190.250000,3960.951749,15.786066,455.750000
2004-12-07,1177.070000,3917.345726,15.801351,453.750000
2004-12-08,1182.810000,3936.700718,15.917773,445.750000
2004-12-09,1189.240000,3958.354679,15.856717,437.350000
2004-12-10,1188.000000,3954.482004,15.897410,433.900000
2004-12-13,1198.680000,3990.286782,15.900034,436.950000
2004-12-14,1203.380000,4006.189303,15.928099,438.600000
2004-12-15,1205.720000,4014.237140,15.994428,437.800000
2004-12-16,1203.210000,4006.138756,15.869069,441.250000
2004-12-17,1194.200000,3976.397286,15.846317,439.200000
2004-12-20,1194.650000,3978.151471,15.848964,441.750000
2004-12-21,1205.450000,4014.371079,15.889649,441.850000
2004-12-22,1209.570000,4028.349676,15.854150,442.700000
2004-12-23,1210.130000,4030.473835,15.831432,442.400000
2004-12-29,1213.450000,4041.790741,15.713038,443.500000
2004-12-30,1213.550000,4042.383824,15.791160,435.150000
2004-12-31,1211.920000,4037.214267,15.831735,438.000000
2005-01-04,1188.050000,3957.964406,15.773658,426.800000
2005-01-05,1183.740000,3943.867674,15.776344,425.500000
2005-01-06,1187.890000,3957.955245,15.779029,425.800000
2005-01-07,1186.190000,3952.552924,15.781715,423.150000
2005-01-10,1190.250000,3966.343006,15.784402,421.250000
2005-01-11,1182.990000,3942.412563,15.824972,422.550000
2005-01-12,1187.700000,3958.369945,15.840307,421.700000
2005-01-13,1177.450000,3924.470688,15.906340,424.650000
2005-01-14,1184.520000,3948.294906,15.870815,421.700000
2005-01-18,1195.980000,3986.755194,15.898873,422.550000
2005-01-19,1184.630000,3949.184239,15.914248,424.100000
2005-01-20,1175.410000,3918.709019,15.955095,421.700000
2005-01-21,1167.870000,3893.830699,15.970499,423.300000
2005-01-24,1163.750000,3880.351783,15.998688,427.600000
2005-01-25,1168.410000,3896.146671,15.924523,426.200000
2005-01-26,1174.070000,3915.278199,15.914437,423.700000
2005-01-27,1174.550000,3917.138019,15.904364,426.300000
2005-01-28,1171.360000,3906.758575,15.983369,426.400000
2005-01-31,1181.270000,3940.069291,16.011581,423.800000
2005-02-01,1189.410000,3967.480102,16.001402,421.150000
2005-02-02,1193.190000,3980.350980,16.004037,421.900000
2005-02-03,1189.890000,3969.605435,15.968263,419.800000
2005-02-04,1203.030000,4013.704120,16.085883,416.500000
2005-02-07,1201.720000,4009.598625,16.114231,414.500000
2005-02-08,1202.300000,4011.798649,16.142617,411.500000
2005-02-09,1191.990000,3977.661519,16.209781,413.200000
2005-02-10,1197.010000,3994.675936,16.121580,413.500000
2005-02-11,1205.300000,4022.605262,16.085492,417.050000
2005-02-14,1206.140000,4025.674387,16.113845,422.800000
2005-02-15,1210.120000,4039.224125,16.090672,424.600000
2005-02-16,1210.340000,4040.225238,16.016055,424.150000
2005-02-17,1200.750000,4008.479791,15.980260,426.600000
2005-02-18,1201.590000,4011.548725,15.880644,426.550000
2005-02-22,1184.160000,3953.623036,15.857926,430.750000
2005-02-23,1190.800000,3976.053514,15.885998,433.250000
2005-02-24,1200.200000,4007.702504,15.863272,434.750000
2005-02-25,1211.370000,4045.266018,15.891354,432.400000
2005-02-28,1203.600000,4019.585951,15.779629,436.550000
2005-03-01,1210.410000,4042.598923,15.757111,434.650000
2005-03-02,1210.080000,4041.768367,15.759850,429.150000
2005-03-03,1210.470000,4043.342540,15.749982,433.250000
2005-03-04,1222.120000,4082.528774,15.840925,429.650000
2005-03-07,1225.310000,4093.459345,15.856313,433.600000
2005-03-08,1219.430000,4074.090725,15.770230,434.850000
2005-03-09,1207.010000,4032.869471,15.596345,439.900000
2005-03-10,1209.250000,4040.624716,15.649050,440.200000
2005-03-11,1200.080000,4010.255263,15.551678,440.950000
2005-03-14,1206.830000,4033.080869,15.604258,442.750000
2005-03-15,1197.750000,4003.007557,15.582090,442.000000
2005-03-16,1188.070000,3970.924907,15.609828,441.200000
2005-03-17,1190.210000,3978.344280,15.675068,442.650000
2005-03-18,1189.650000,3976.739728,15.627688,436.650000
2005-03-21,1183.780000,3957.384774,15.605480,436.250000
2005-03-22,1171.710000,3917.300552,15.483442,430.650000
2005-03-23,1172.530000,3920.305182,15.511060,427.250000
2005-03-24,1171.420000,3916.857324,15.526307,424.900000
2005-03-29,1165.360000,3896.857753,15.531841,426.950000
2005-03-30,1181.410000,3950.789297,15.584378,426.500000
2005-03-31,1180.590000,3948.312538,15.662003,427.500000
2005-04-01,1172.920000,3922.936675,15.714918,427.450000
2005-04-04,1176.120000,3933.912937,15.705128,425.950000
2005-04-05,1181.390000,3951.814492,15.695349,423.700000
2005-04-06,1184.070000,3961.054826,15.748365,426.600000
2005-04-07,1191.140000,3984.982242,15.688146,426.400000
2005-04-08,1181.200000,3952.005677,15.678391,425.400000
2005-04-11,1181.210000,3952.314735,15.743904,428.100000
2005-04-12,1187.760000,3974.506580,15.834850,429.150000
2005-04-13,1173.790000,3928.037053,15.837602,428.850000
2005-04-14,1162.050000,3889.023584,15.853025,427.200000
2005-04-15,1142.620000,3824.268564,15.982598,423.650000
2005-04-18,1145.980000,3835.780940,15.985307,425.650000
2005-04-19,1152.780000,3858.809138,16.064745,426.900000
2005-04-20,1137.500000,3807.930055,16.054577,432.400000
2005-04-21,1159.950000,3883.349920,15.928829,433.400000
2005-04-22,1152.120000,3857.406991,16.008018,433.400000
2005-04-25,1162.100000,3891.089981,16.010724,433.000000
2005-04-26,1151.830000,3856.974022,15.987813,434.700000
2005-04-27,1156.380000,3872.478952,16.028899,434.100000
2005-04-28,1143.220000,3828.678871,16.108541,432.750000
2005-04-29,1156.850000,3874.593160,16.085446,433.200000
2005-05-03,1161.170000,3889.332040,16.090821,429.200000
2005-05-04,1175.650000,3938.103812,16.106382,429.200000
2005-05-05,1172.630000,3928.262141,16.121951,430.500000
2005-05-06,1171.350000,3924.248006,16.008554,429.700000
2005-05-09,1178.840000,3949.614479,15.998466,425.800000
2005-05-10,1166.220000,3907.607421,16.077982,426.900000
2005-05-11,1171.110000,3924.264524,16.106406,428.350000
2005-05-12,1159.360000,3885.165062,16.147752,426.250000
2005-05-13,1154.050000,3867.641374,16.227940,421.450000
2005-05-16,1165.690000,3906.920834,16.217610,419.900000
2005-05-17,1173.800000,3934.374594,16.233242,420.350000
2005-05-18,1185.560000,3974.066318,16.300829,419.400000
2005-05-19,1191.080000,3992.846684,16.251299,421.750000
2005-05-20,1189.280000,3987.090874,16.227948,420.700000
2005-05-23,1193.860000,4002.723350,16.308502,417.600000
2005-05-24,1194.070000,4003.706431,16.350276,418.250000
2005-05-25,1190.010000,3990.372357,16.300576,418.500000
2005-05-26,1197.620000,4016.168546,16.303215,418.750000
2005-05-27,1198.780000,4020.338497,16.305855,418.600000
2005-05-31,1191.500000,3996.203851,16.412852,416.900000
2005-06-01,1202.220000,4032.434018,16.533630,416.100000
2005-06-02,1204.290000,4039.655697,16.562649,417.200000
2005-06-03,1196.020000,4012.193983,16.445955,423.200000
2005-06-06,1197.510000,4017.469545,16.474866,424.800000
2005-06-07,1197.260000,4016.908372,16.530174,426.600000
2005-06-08,1194.670000,4008.496205,16.493073,424.900000
2005-06-09,1200.930000,4029.777408,16.456075,423.550000
2005-06-10,1198.110000,4020.593156,16.366520,422.750000
2005-06-13,1200.820000,4029.965075,16.316778,425.600000
2005-06-14,1203.910000,4040.613553,16.267212,426.950000
2005-06-15,1206.580000,4049.853859,16.282892,426.650000
2005-06-16,1210.960000,4064.834991,16.324633,431.300000
2005-06-17,1216.960000,4085.256031,16.327283,436.050000
2005-06-20,1216.100000,4082.651290,16.303809,440.500000
2005-06-21,1213.610000,4074.573987,16.371683,434.350000
2005-06-22,1213.880000,4075.761970,16.518392,437.500000
2005-06-23,1200.730000,4031.890681,16.507766,437.150000
2005-06-24,1191.570000,4001.411164,16.563185,442.950000
2005-06-27,1190.690000,3998.732467,16.592263,439.350000
2005-06-28,1201.570000,4035.547366,16.501914,437.500000
2005-06-29,1199.850000,4030.049429,16.478110,434.900000
2005-06-30,1191.330000,4001.710911,16.546632,436.800000
2005-07-01,1194.440000,4012.431757,16.390371,434.200000
2005-07-05,1204.990000,4048.146930,16.327451,426.000000
2005-07-06,1194.940000,4014.661548,16.369299,423.850000
2005-07-07,1197.870000,4024.780679,16.411236,427.850000
2005-07-08,1211.860000,4072.062199,16.335099,423.750000
2005-07-11,1219.440000,4097.811420,16.337764,425.000000
2005-07-12,1222.210000,4107.400595,16.288147,426.950000
2005-07-13,1223.290000,4111.311593,16.264769,425.550000
2005-07-14,1226.500000,4122.381748,16.241437,422.500000
2005-07-15,1227.920000,4127.437041,16.257130,419.600000
2005-07-18,1221.130000,4104.896537,16.207804,421.600000
2005-07-19,1229.350000,4132.809866,16.236451,420.000000
2005-07-20,1235.200000,4152.759560,16.278124,420.650000
2005-07-21,1227.040000,4125.610149,16.137570,423.650000
2005-07-22,1233.680000,4148.218222,16.204861,426.350000
2005-07-25,1229.030000,4132.867023,16.181654,424.850000
2005-07-26,1231.160000,4140.312846,16.197328,424.500000
2005-07-27,1236.790000,4159.529947,16.161180,422.750000
2005-07-28,1243.720000,4183.121772,16.254421,425.300000
2005-07-29,1234.180000,4151.321686,16.153102,427.150000
2005-08-01,1235.350000,4155.543603,16.104155,431.350000
2005-08-02,1244.120000,4185.331414,16.081149,431.850000
2005-08-03,1245.040000,4188.715197,16.135378,433.600000
2005-08-04,1235.860000,4158.119777,16.112315,435.600000
2005-08-05,1226.420000,4126.645314,16.011958,437.500000
2005-08-08,1223.130000,4115.859926,15.989135,436.850000
2005-08-09,1231.380000,4143.905388,16.004731,434.700000
2005-08-10,1229.130000,4136.619530,16.020335,436.300000
2005-08-11,1237.810000,4166.117406,16.125663,437.800000
2005-08-12,1230.390000,4141.431284,16.231631,447.250000
2005-08-15,1233.870000,4153.430581,16.195406,442.600000
2005-08-16,1219.340000,4104.806581,16.249976,440.850000
2005-08-17,1220.240000,4108.119619,16.187704,444.250000
2005-08-18,1219.020000,4104.295800,16.281104,439.000000
2005-08-19,1219.710000,4106.902176,16.283824,439.250000
2005-08-22,1221.730000,4113.987154,16.273518,437.500000
2005-08-23,1217.590000,4100.330240,16.302280,439.850000
2005-08-24,1209.590000,4073.672564,16.318039,438.250000
2005-08-25,1212.370000,4083.316199,16.333807,439.000000
2005-08-26,1205.100000,4059.112295,16.310382,438.500000
2005-08-30,1208.410000,4070.541407,16.368021,436.150000
2005-08-31,1220.330000,4110.974947,16.554045,433.000000
2005-09-01,1221.590000,4115.505263,16.556686,435.500000
2005-09-02,1218.020000,4103.764042,16.546082,446.300000
2005-09-06,1233.390000,4155.833987,16.469307,443.500000
2005-09-07,1236.360000,4166.130045,16.392927,444.500000
2005-09-08,1231.670000,4150.615810,16.395627,444.800000
2005-09-09,1241.480000,4183.963075,16.411443,446.700000
2005-09-12,1240.560000,4181.153320,16.361623,449.150000
2005-09-13,1231.200000,4149.897183,16.416694,448.700000
2005-09-14,1227.160000,4136.568319,16.379991,447.850000
2005-09-15,1227.730000,4138.777183,16.317181,449.100000
2005-09-16,1237.910000,4173.382422,16.267699,458.100000
2005-09-19,1231.020000,4150.444113,16.283463,461.950000
2005-09-20,1221.340000,4118.095965,16.273182,470.000000
2005-09-21,1210.200000,4080.820477,16.367063,467.000000
2005-09-22,1214.620000,4096.008419,16.369785,472.750000
2005-09-23,1215.290000,4098.552493,16.293931,464.500000
2005-09-26,1215.630000,4099.983978,16.231504,461.050000
2005-09-27,1215.660000,4100.370099,16.234273,465.650000
2005-09-28,1216.890000,4104.803803,16.288993,462.000000
2005-09-29,1227.680000,4141.485820,16.252653,472.500000
2005-09-30,1228.810000,4145.585613,16.190409,473.400000
2005-10-03,1226.700000,4138.766959,16.128436,465.000000
2005-10-04,1214.470000,4097.803398,16.144149,467.500000
2005-10-05,1196.390000,4037.095086,16.172785,465.250000
2005-10-06,1191.490000,4020.852461,16.162645,466.300000
2005-10-07,1195.900000,4036.025381,16.191308,472.000000
2005-10-11,1184.870000,3999.092240,16.142291,475.500000
2005-10-12,1177.680000,3975.114217,16.067620,478.500000
2005-10-13,1176.840000,3972.566340,16.031895,471.250000
2005-10-14,1186.570000,4005.698393,16.034745,470.700000
2005-10-17,1190.100000,4017.904843,16.011940,472.350000
2005-10-18,1178.140000,3977.817138,16.027609,473.000000
2005-10-19,1195.760000,4037.596123,16.056109,468.400000
2005-10-20,1177.800000,3977.244451,16.071802,464.000000
2005-10-21,1179.590000,3983.576592,16.164648,463.150000
2005-10-24,1199.380000,4050.697171,16.089874,463.750000
2005-10-25,1196.540000,4041.398471,15.976868,467.000000
2005-10-26,1191.380000,4024.262439,15.903058,471.550000
2005-10-27,1178.900000,3982.398289,15.944128,473.250000
2005-10-28,1198.410000,4048.592262,15.934264,473.650000
2005-10-31,1207.010000,4077.938422,15.949907,472.650000
2005-11-01,1202.760000,4063.866926,15.940040,465.550000
2005-11-02,1214.760000,4104.698673,15.904681,461.650000
2005-11-03,1219.940000,4122.491207,15.856696,464.800000
2005-11-04,1220.140000,4123.457520,15.846936,461.350000
2005-11-07,1222.810000,4132.771303,15.862544,457.600000
2005-11-08,1218.590000,4118.800017,15.966991,457.150000
2005-11-09,1220.650000,4126.052961,15.880472,462.600000
2005-11-10,1230.960000,4161.193636,15.997735,467.000000
2005-11-14,1233.760000,4170.952074,15.923835,469.750000
2005-11-15,1229.010000,4155.187704,15.990443,467.550000
2005-11-16,1231.210000,4162.918499,16.082883,470.650000
2005-11-17,1242.800000,4202.399459,16.124347,480.750000
2005-11-18,1248.270000,4221.191790,16.075603,487.900000
2005-11-21,1254.850000,4243.740356,16.129916,488.000000
2005-11-22,1261.230000,4265.615695,16.171482,493.000000
2005-11-23,1265.610000,4280.729874,16.122577,488.850000
2005-11-25,1268.250000,4289.960876,16.177029,495.700000
2005-11-28,1257.460000,4253.765068,16.205756,497.300000
2005-11-29,1257.480000,4254.132436,16.117839,497.100000
2005-11-30,1249.480000,4227.367679,16.107811,493.800000
2005-12-01,1264.670000,4279.055376,16.072022,494.400000
2005-12-02,1265.080000,4280.741582,16.074905,504.750000
2005-12-05,1262.090000,4270.923179,16.013488,505.000000
2005-12-06,1263.700000,4276.669821,16.118879,508.250000
2005-12-07,1257.370000,4255.546343,16.083065,512.300000
2005-12-08,1255.840000,4250.665400,16.150282,514.850000
2005-12-09,1259.370000,4262.910430,16.062705,524.750000
2005-12-12,1260.430000,4266.796311,16.039899,537.500000
2005-12-13,1267.430000,4290.790748,16.068465,522.800000
2005-12-14,1272.740000,4309.067137,16.187053,513.750000
2005-12-15,1270.940000,4303.274000,16.164012,502.400000
2005-12-16,1267.320000,4291.317695,16.192742,502.500000
2005-12-19,1259.920000,4266.560103,16.195601,507.450000
2005-12-20,1259.620000,4265.842274,16.172548,505.750000
2005-12-21,1262.790000,4276.875863,16.149541,494.500000
2005-12-22,1268.120000,4295.226559,16.217016,494.750000
2005-12-23,1268.660000,4297.355669,16.297715,503.600000
2005-12-28,1258.170000,4262.122932,16.303188,509.150000
2005-12-29,1254.420000,4249.717366,16.319065,517.000000
2005-12-30,1248.290000,4229.247091,16.295784,513.000000
2006-01-03,1268.800000,4299.029715,16.324696,520.750000
2006-01-04,1273.460000,4315.117955,16.340587,534.350000
2006-01-05,1273.480000,4315.485773,16.343414,531.600000
2006-01-06,1285.450000,4356.349000,16.320092,529.500000
2006-01-09,1290.150000,4372.580065,16.322929,541.000000
2006-01-10,1289.690000,4371.325075,16.260474,545.250000
2006-01-11,1294.180000,4386.847610,16.224308,542.250000
2006-01-12,1286.060000,4359.628497,16.279097,547.500000
2006-01-13,1287.610000,4365.186002,16.360092,547.250000
2006-01-17,1282.930000,4349.623647,16.389098,558.050000
2006-01-18,1277.930000,4332.974181,16.391921,544.750000
2006-01-19,1285.040000,4357.382774,16.342290,547.700000
2006-01-20,1261.490000,4277.831154,16.358204,559.250000
2006-01-23,1263.820000,4286.029858,16.374127,558.500000
2006-01-24,1266.860000,4296.637524,16.324563,556.650000
2006-01-25,1264.680000,4289.542676,16.209877,562.250000
2006-01-26,1273.830000,4320.875924,16.160893,562.250000
2006-01-27,1283.720000,4354.723598,16.176727,559.750000
2006-01-30,1285.190000,4360.013035,16.153746,560.300000
2006-01-31,1280.080000,4342.980506,16.169579,569.800000
2006-02-01,1282.460000,4351.360228,16.120743,567.200000
2006-02-02,1270.840000,4312.239394,16.123667,571.850000
2006-02-03,1264.030000,4289.434406,16.165287,571.850000
2006-02-06,1265.020000,4293.095167,16.155268,570.000000
2006-02-07,1254.780000,4258.645199,16.132336,568.250000
2006-02-08,1265.650000,4295.836377,16.148167,548.650000
2006-02-09,1263.780000,4289.790958,16.176927,559.000000
2006-02-10,1266.990000,4300.988284,16.115133,558.750000
2006-02-13,1262.860000,4287.270426,16.130961,546.600000
2006-02-14,1275.530000,4330.584763,16.082273,540.500000
2006-02-15,1280.000000,4346.065102,16.098088,544.300000
2006-02-16,1289.380000,4378.218824,16.126789,540.650000
2006-02-17,1287.240000,4371.259712,16.194234,545.750000
2006-02-21,1283.030000,4357.270213,16.158285,553.400000
2006-02-22,1292.670000,4390.314408,16.212922,551.750000
2006-02-23,1287.790000,4374.048712,16.176926,552.500000
2006-02-24,1289.430000,4379.926240,16.153970,550.750000
2006-02-27,1294.120000,4396.164789,16.143983,556.100000
2006-02-28,1280.660000,4350.749494,16.198584,556.500000
2006-03-01,1291.240000,4386.996623,16.149673,562.600000
2006-03-02,1289.140000,4380.168389,16.088016,563.750000
2006-03-03,1287.230000,4373.984750,16.039496,568.600000
2006-03-06,1278.260000,4343.810470,15.965486,568.000000
2006-03-07,1275.880000,4336.026216,15.968489,555.250000
2006-03-08,1278.470000,4345.131194,15.984267,548.600000
2006-03-09,1272.230000,4324.226935,15.974480,547.250000
2006-03-10,1281.420000,4355.765291,15.951925,545.400000
2006-03-13,1284.130000,4365.281392,15.942177,545.250000
2006-03-14,1297.480000,4410.968497,16.021717,545.250000
2006-03-15,1303.020000,4430.110723,15.999077,551.250000
2006-03-16,1305.330000,4438.273987,16.104474,553.250000
2006-03-17,1307.250000,4445.112324,16.068795,555.500000
2006-03-20,1305.080000,4438.044148,16.097489,554.250000
2006-03-21,1297.230000,4411.659601,16.036076,553.000000
2006-03-22,1305.040000,4438.528342,16.051902,548.500000
2006-03-23,1301.670000,4427.376877,16.016371,548.000000
2006-03-24,1302.950000,4432.039900,16.096256,549.750000
2006-03-27,1301.610000,4427.791510,16.060608,564.000000
2006-03-28,1293.230000,4399.593971,15.947967,563.750000
2006-03-29,1302.890000,4432.764892,15.925482,562.250000
2006-03-30,1300.250000,4424.092665,15.864820,578.500000
2006-03-31,1294.870000,4406.096370,15.867879,584.000000
2006-04-03,1297.810000,4416.409230,15.845551,585.500000
2006-04-04,1305.930000,4444.350900,15.861296,585.000000
2006-04-05,1311.560000,4463.822466,15.902428,583.850000
2006-04-06,1309.040000,4455.558656,15.829151,595.500000
2006-04-07,1295.500000,4409.785065,15.743585,597.000000
2006-04-10,1296.620000,4413.906546,15.746690,597.500000
2006-04-11,1286.570000,4380.004076,15.800185,599.500000
2006-04-12,1288.120000,4385.587899,15.740076,596.750000
2006-04-13,1289.120000,4389.299929,15.655042,597.000000
2006-04-18,1307.280000,4451.440213,15.736531,616.750000
2006-04-19,1309.930000,4460.775775,15.676701,623.750000
2006-04-20,1311.460000,4466.298625,15.679837,644.500000
2006-04-21,1311.280000,4465.998664,15.720604,623.500000
2006-04-24,1308.110000,4455.515203,15.748883,634.000000
2006-04-25,1301.740000,4434.130822,15.651208,627.750000
2006-04-26,1305.410000,4446.942773,15.591752,630.750000
2006-04-27,1309.720000,4461.936686,15.632340,636.500000
2006-04-28,1310.610000,4465.281466,15.660510,638.250000
2006-05-02,1313.210000,4474.458678,15.604060,657.750000
2006-05-03,1308.120000,4457.435285,15.569781,675.250000
2006-05-04,1312.250000,4471.826697,15.560507,664.650000
2006-05-05,1325.760000,4518.184883,15.613487,682.000000
2006-05-08,1324.660000,4514.758813,15.616659,682.000000
2006-05-09,1325.140000,4516.717248,15.607338,679.750000
2006-05-10,1322.850000,4509.234442,15.610516,704.300000
2006-05-11,1305.920000,4451.846780,15.601205,707.000000
2006-05-12,1291.240000,4402.121035,15.541982,725.750000
2006-05-15,1294.500000,4413.549526,15.594918,693.000000
2006-05-16,1292.080000,4405.613877,15.660484,681.000000
2006-05-17,1270.320000,4331.733343,15.588483,713.000000
2006-05-18,1261.810000,4303.024038,15.691442,688.000000
2006-05-19,1267.030000,4321.132637,15.732264,682.000000
2006-05-22,1262.070000,4304.525493,15.748003,645.500000
2006-05-23,1256.580000,4286.108286,15.713357,661.700000
2006-05-24,1258.570000,4293.202188,15.766801,667.500000
2006-05-25,1272.880000,4342.322753,15.719495,643.750000
2006-05-26,1280.160000,4367.468023,15.735233,652.000000
2006-05-30,1259.870000,4298.557443,15.700628,652.250000
2006-05-31,1270.090000,4333.734155,15.666118,654.000000
2006-06-01,1285.710000,4387.353565,15.681834,633.250000
2006-06-02,1288.220000,4396.244332,15.823014,630.800000
2006-06-05,1265.290000,4318.318570,15.800836,644.500000
2006-06-06,1263.850000,4313.724507,15.816625,634.600000
2006-06-07,1256.150000,4287.763345,15.807116,623.500000
2006-06-08,1257.930000,4294.157484,15.835556,619.000000
2006-06-09,1252.300000,4275.257255,15.864035,612.250000
2006-06-12,1237.440000,4224.843670,15.854479,607.750000
2006-06-13,1223.690000,4178.212274,15.882985,590.750000
2006-06-14,1230.040000,4200.204073,15.784467,567.250000
2006-06-15,1256.160000,4289.707508,15.724492,574.250000
2006-06-16,1251.540000,4274.248900,15.689935,581.500000
2006-06-19,1240.130000,4235.598817,15.680578,569.750000
2006-06-20,1240.120000,4235.879048,15.671231,571.000000
2006-06-21,1252.200000,4277.455121,15.661897,576.500000
2006-06-22,1245.600000,4255.227330,15.614986,594.400000
2006-06-23,1244.500000,4251.785344,15.580732,582.600000
2006-06-26,1250.560000,4272.804682,15.559037,586.250000
2006-06-27,1239.200000,4234.307969,15.612067,587.700000
2006-06-28,1246.000000,4257.857647,15.565336,584.000000
2006-06-29,1272.870000,4349.994418,15.605936,581.750000
2006-06-30,1270.200000,4341.192651,15.696562,600.400000
2006-07-03,1280.190000,4375.659133,15.699769,619.500000
2006-07-05,1270.910000,4344.266303,15.602499,625.750000
2006-07-06,1274.080000,4355.425752,15.655666,623.750000
2006-07-07,1265.480000,4326.351248,15.721513,631.000000
2006-07-10,1267.340000,4333.032427,15.737296,624.500000
2006-07-11,1272.430000,4350.757939,15.778270,628.350000
2006-07-12,1258.600000,4303.793828,15.781463,642.000000
2006-07-13,1242.280000,4248.308080,15.809907,648.800000
2006-07-14,1236.200000,4227.832400,15.825742,660.400000
2006-07-17,1234.490000,4222.299137,15.828926,671.500000
2006-07-18,1236.860000,4230.719761,15.756132,647.500000
2006-07-19,1259.810000,4309.536173,15.847574,626.000000
2006-07-20,1249.130000,4273.323278,15.888790,642.900000
2006-07-21,1240.290000,4243.399653,15.866539,626.750000
2006-07-24,1260.910000,4314.262921,15.869719,616.400000
2006-07-25,1268.880000,4341.854067,15.847508,618.750000
2006-07-26,1268.400000,4340.535074,15.888730,617.750000
2006-07-27,1263.200000,4323.063760,15.853775,634.200000
2006-07-28,1278.550000,4375.918311,15.945746,631.250000
2006-07-31,1276.660000,4369.775676,15.961666,637.000000
2006-08-01,1270.920000,4350.450406,15.964827,635.500000
2006-08-02,1277.410000,4372.986429,16.006303,648.250000
2006-08-03,1280.270000,4383.099077,16.009454,646.250000
2006-08-04,1279.360000,4380.306315,16.076643,644.500000
2006-08-07,1275.770000,4368.337264,16.054053,647.250000
2006-08-08,1271.480000,4353.969568,16.057193,645.400000
2006-08-09,1265.950000,4335.353559,16.073180,640.500000
2006-08-10,1271.810000,4355.740803,16.063460,650.500000
2006-08-11,1266.740000,4338.697560,16.015199,641.550000
2006-08-14,1268.210000,4344.051862,15.979922,628.000000
2006-08-15,1285.580000,4403.869853,16.072580,624.750000
2006-08-16,1295.430000,4437.936133,16.152872,626.000000
2006-08-17,1297.480000,4445.285833,16.155994,630.750000
2006-08-18,1302.300000,4462.126865,16.197891,614.750000
2006-08-21,1297.520000,4446.077452,16.226918,621.500000
2006-08-22,1298.820000,4450.859355,16.230022,626.500000
2006-08-23,1292.990000,4431.208507,16.233126,623.500000
2006-08-24,1296.060000,4442.055942,16.249218,623.500000
2006-08-25,1295.090000,4439.058440,16.278318,622.000000
2006-08-29,1304.280000,4470.884950,16.284503,616.850000
2006-08-30,1305.370000,4474.950467,16.326681,614.700000
2006-08-31,1303.820000,4469.966351,16.355888,621.750000
2006-09-01,1311.010000,4494.940678,16.372049,624.000000
2006-09-05,1313.250000,4502.946983,16.309634,629.750000
2006-09-06,1300.260000,4458.732926,16.286632,636.700000
2006-09-07,1294.020000,4437.658880,16.289734,634.000000
2006-09-08,1298.920000,4454.784801,16.318901,611.500000
2006-09-11,1299.540000,4457.234463,16.295886,597.100000
2006-09-12,1313.000000,4503.723802,16.325063,596.000000
2006-09-13,1318.070000,4521.441276,16.341220,581.500000
2006-09-14,1316.280000,4515.629093,16.318167,593.400000
2006-09-15,1319.660000,4527.552240,16.308214,578.600000
2006-09-18,1321.180000,4533.095715,16.298274,581.500000
2006-09-19,1317.640000,4521.278624,16.392655,582.500000
2006-09-20,1325.180000,4547.479104,16.408853,576.250000
2006-09-21,1318.030000,4523.273243,16.516949,580.500000
2006-09-22,1314.780000,4512.448027,16.586065,592.000000
2006-09-25,1326.370000,4552.553482,16.642168,589.500000
2006-09-26,1336.350000,4587.138642,16.605238,591.250000
2006-09-27,1336.590000,4588.295374,16.594978,595.100000
2006-09-28,1338.880000,4596.489566,16.558180,603.500000
2006-09-29,1335.850000,4586.420907,16.547975,601.750000
2006-10-02,1331.320000,4571.193085,16.577499,602.000000
2006-10-03,1334.110000,4581.096880,16.580538,593.000000
2006-10-04,1350.200000,4636.671893,16.649900,578.500000
2006-10-05,1353.220000,4647.371514,16.599640,568.250000
2006-10-06,1349.590000,4635.234492,16.483159,570.600000
2006-10-10,1353.420000,4648.717468,16.420301,577.250000
2006-10-11,1349.950000,4637.128340,16.383987,574.000000
2006-10-12,1362.830000,4681.700401,16.373988,575.900000
2006-10-13,1365.620000,4691.616771,16.350902,577.900000
2006-10-16,1369.060000,4703.767610,16.380184,593.000000
2006-10-17,1364.050000,4686.887938,16.396402,594.900000
2006-10-18,1365.800000,4693.233265,16.412629,595.250000
2006-10-19,1366.960000,4697.552078,16.389476,589.750000
2006-10-20,1368.600000,4703.520998,16.392591,598.000000
2006-10-23,1377.020000,4732.791830,16.343250,588.500000
2006-10-24,1377.380000,4734.364709,16.346383,578.400000
2006-10-25,1382.220000,4751.336554,16.414902,581.600000
2006-10-26,1389.080000,4775.254462,16.483675,591.800000
2006-10-27,1377.340000,4735.234321,16.552703,593.750000
2006-10-30,1377.930000,4737.598453,16.555778,604.750000
2006-10-31,1377.940000,4737.968742,16.651565,600.900000
2006-11-01,1367.810000,4703.470652,16.707896,611.250000
2006-11-02,1367.340000,4702.185384,16.670827,615.750000
2006-11-03,1364.300000,4692.061863,16.513830,625.650000
2006-11-06,1379.780000,4745.630353,16.530134,625.750000
2006-11-07,1382.840000,4756.488831,16.599344,625.750000
2006-11-08,1385.720000,4766.729675,16.628973,625.500000
2006-11-09,1378.330000,4741.644225,16.658641,618.000000
2006-11-10,1380.900000,4750.818978,16.701676,632.250000
2006-11-13,1384.420000,4763.263357,16.677995,628.500000
2006-11-14,1393.220000,4793.875936,16.734416,623.400000
2006-11-15,1396.570000,4805.740095,16.683900,620.250000
2006-11-16,1399.760000,4817.055321,16.620217,624.500000
2006-11-17,1401.200000,4822.349762,16.689771,618.250000
2006-11-20,1400.500000,4820.279931,16.706176,624.000000
2006-11-21,1402.810000,4828.569686,16.735955,625.000000
2006-11-22,1406.090000,4840.199391,16.752386,627.750000
2006-11-24,1400.950000,4822.846445,16.782228,636.000000
2006-11-27,1381.960000,4757.811653,16.798684,637.500000
2006-11-28,1386.720000,4774.534118,16.842027,637.750000
2006-11-29,1399.480000,4818.803239,16.831568,638.250000
2006-11-30,1400.630000,4823.102041,16.915378,638.400000
2006-12-01,1396.710000,4809.939619,16.958969,644.400000
2006-12-04,1409.120000,4853.012003,16.961950,644.800000
2006-12-05,1414.760000,4872.774448,16.937793,643.000000
2006-12-06,1412.900000,4866.707812,16.900133,636.750000
2006-12-07,1407.290000,4847.723500,16.889617,630.500000
2006-12-08,1409.840000,4856.845448,16.798045,630.900000
2006-12-11,1413.040000,4868.207869,16.854838,625.500000
2006-12-12,1411.560000,4863.448304,16.898313,629.500000
2006-12-13,1413.210000,4869.472285,16.779656,629.000000
2006-12-14,1425.490000,4912.124682,16.755858,628.750000
2006-12-15,1427.090000,4917.980549,16.758917,626.000000
2006-12-18,1422.480000,4902.436554,16.761976,617.500000
2006-12-19,1425.550000,4913.358725,16.765036,616.000000
2006-12-20,1423.530000,4906.738991,16.768096,623.400000
2006-12-21,1418.300000,4889.053821,16.838229,622.000000
2006-12-22,1410.760000,4863.403304,16.733505,619.750000
2006-12-27,1426.840000,4919.175917,16.699366,628.300000
2006-12-28,1424.730000,4912.244364,16.649016,629.000000
2006-12-29,1418.300000,4890.417141,16.638802,635.700000
2007-01-03,1416.600000,4884.897199,16.698289,636.750000
2007-01-04,1418.340000,4891.238698,16.768176,625.250000
2007-01-05,1409.710000,4861.819433,16.731007,626.000000
2007-01-08,1412.840000,4872.954004,16.720709,608.300000
2007-01-09,1412.110000,4870.776778,16.723801,612.000000
2007-01-10,1414.850000,4880.568259,16.686757,610.750000
2007-01-11,1423.820000,4911.851659,16.623115,613.500000
2007-01-12,1430.730000,4936.032869,16.586346,614.100000
2007-01-16,1431.900000,4940.414368,16.616024,625.600000
2007-01-17,1430.620000,4936.343341,16.565985,623.250000
2007-01-18,1426.370000,4922.023759,16.622145,632.800000
2007-01-19,1430.500000,4936.619300,16.585385,629.000000
2007-01-22,1422.950000,4910.909470,16.615067,635.100000
2007-01-23,1427.990000,4928.646836,16.551746,637.500000
2007-01-24,1440.130000,4970.892003,16.554905,643.000000
2007-01-25,1423.900000,4915.218389,16.478601,648.750000
2007-01-26,1422.180000,4909.624584,16.468603,645.700000
2007-01-29,1420.620000,4904.582322,16.445442,643.400000
2007-01-30,1428.820000,4933.234987,16.474953,642.250000
2007-01-31,1438.240000,4966.103872,16.544043,645.750000
2007-02-01,1445.940000,4993.036133,16.533979,652.550000
2007-02-02,1448.390000,5001.843107,16.550381,654.750000
2007-02-05,1446.990000,4997.355759,16.580034,648.000000
2007-02-06,1448.000000,5001.190992,16.636255,653.900000
2007-02-07,1450.020000,5008.515133,16.679331,655.250000
2007-02-08,1448.310000,5002.956471,16.695812,650.550000
2007-02-09,1438.060000,4967.896941,16.618806,657.850000
2007-02-12,1433.370000,4952.039979,16.608669,663.350000
2007-02-13,1444.260000,4990.006932,16.585259,664.750000
2007-02-14,1455.300000,5028.497374,16.694577,668.250000
2007-02-15,1456.810000,5034.064114,16.751140,670.000000
2007-02-16,1455.540000,5030.025204,16.767665,665.250000
2007-02-20,1459.680000,5044.681475,16.784200,668.600000
2007-02-21,1457.630000,5037.946999,16.773889,658.600000
2007-02-22,1456.380000,5033.976569,16.723335,676.400000
2007-02-23,1451.190000,5016.386956,16.793367,677.500000
2007-02-26,1449.370000,5010.444085,16.863659,684.500000
2007-02-27,1399.040000,4836.802232,17.042140,684.500000
2007-02-28,1406.820000,4864.035401,16.963381,677.000000
2007-03-01,1403.170000,4851.765336,16.966450,673.600000
2007-03-02,1387.170000,4796.790668,17.023813,664.000000
2007-03-05,1374.120000,4752.009034,17.040486,638.600000
2007-03-06,1395.410000,4825.976173,17.016271,644.600000
2007-03-07,1391.970000,4814.426012,17.060168,646.350000
2007-03-08,1401.890000,4849.082581,17.049567,653.750000
2007-03-09,1402.840000,4852.717212,16.943501,653.850000
2007-03-12,1406.600000,4866.072718,16.987251,652.500000
2007-03-13,1377.950000,4767.309105,17.071864,650.500000
2007-03-14,1387.170000,4799.550382,17.033940,640.750000
2007-03-15,1392.280000,4817.575826,17.023375,646.100000
2007-03-16,1386.950000,4799.479281,17.012823,650.650000
2007-03-19,1402.060000,4852.111821,16.975064,654.500000
2007-03-20,1410.940000,4883.191691,17.005310,654.400000
2007-03-21,1435.040000,4966.951638,17.049199,660.500000
2007-03-22,1434.540000,4965.578133,16.956789,664.000000
2007-03-23,1436.110000,4971.369592,16.932753,662.150000
2007-03-26,1437.500000,4976.538753,16.962950,659.650000
2007-03-27,1428.610000,4946.119888,16.938906,665.150000
2007-03-28,1417.230000,4907.075755,16.942011,665.600000
2007-03-29,1422.530000,4925.779482,16.918010,664.900000
2007-03-30,1420.860000,4920.350923,16.907591,663.500000
2007-04-02,1424.550000,4933.472231,16.910710,663.300000
2007-04-03,1437.770000,4979.599443,16.886774,663.500000
2007-04-04,1439.370000,4985.488108,16.903412,665.900000
2007-04-05,1443.760000,5001.041181,16.879493,672.600000
2007-04-10,1448.390000,5017.427732,16.821218,676.850000
2007-04-11,1438.870000,4984.798939,16.810918,679.100000
2007-04-12,1447.800000,5016.083451,16.814080,678.500000
2007-04-13,1452.850000,5033.929544,16.790340,677.000000
2007-04-16,1468.330000,5087.916643,16.820377,687.250000
2007-04-17,1471.480000,5099.186469,16.890822,688.000000
2007-04-18,1472.500000,5103.076655,16.934503,690.400000
2007-04-19,1470.730000,5097.298372,16.910540,687.250000
2007-04-20,1484.350000,5144.858362,16.913680,687.600000
2007-04-23,1480.930000,5133.363126,16.943883,691.000000
2007-04-24,1480.410000,5131.918562,16.987682,689.700000
2007-04-25,1495.420000,5184.309326,16.950033,686.200000
2007-04-26,1494.250000,5180.614649,16.912487,685.500000
2007-04-27,1494.070000,5180.351794,16.888575,672.500000
2007-04-30,1482.370000,5140.145868,16.999818,678.000000
2007-05-01,1486.300000,5154.123400,16.989341,677.500000
2007-05-02,1495.920000,5187.834334,16.978878,673.250000
2007-05-03,1502.390000,5210.625656,16.941262,675.900000
2007-05-04,1505.620000,5222.183006,16.985067,680.800000
2007-05-08,1507.720000,5229.822545,17.018521,685.900000
2007-05-09,1512.580000,5247.036702,16.967189,686.500000
2007-05-10,1491.470000,5174.165020,16.997481,677.850000
2007-05-11,1505.850000,5224.404205,16.973421,667.850000
2007-05-14,1503.150000,5215.392735,16.949409,674.200000
2007-05-15,1501.190000,5208.947546,16.925445,667.000000
2007-05-16,1514.140000,5254.237349,16.928608,670.900000
2007-05-17,1512.750000,5249.771848,16.864058,663.200000
2007-05-18,1522.750000,5284.833000,16.799787,660.750000
2007-05-21,1525.100000,5293.348915,16.829873,662.400000
2007-05-22,1524.120000,5290.308131,16.779216,663.500000
2007-05-23,1522.280000,5284.281799,16.742162,659.200000
2007-05-24,1507.510000,5233.370787,16.745391,661.500000
2007-05-25,1515.730000,5262.263323,16.748621,655.000000
2007-05-29,1518.110000,5270.884635,16.725053,657.600000
2007-05-30,1530.230000,5313.324419,16.728292,657.100000
2007-05-31,1530.620000,5315.040574,16.704766,656.600000
2007-06-01,1536.340000,5335.267661,16.641195,662.500000
2007-06-04,1539.180000,5345.496080,16.671090,670.750000
2007-06-05,1530.950000,5317.280312,16.607667,671.300000
2007-06-06,1517.380000,5270.513803,16.624235,669.800000
2007-06-07,1490.720000,5178.273622,16.441322,670.850000
2007-06-08,1507.670000,5237.507524,16.431503,656.750000
2007-06-11,1509.120000,5242.903901,16.408551,652.750000
2007-06-12,1493.000000,5187.260239,16.254376,652.800000
2007-06-13,1515.670000,5266.380362,16.335790,644.100000
2007-06-14,1522.970000,5292.106292,16.299955,650.750000
2007-06-15,1532.910000,5327.009346,16.394617,650.600000
2007-06-18,1531.050000,5320.911016,16.411090,658.000000
2007-06-19,1533.700000,5330.485582,16.493217,655.100000
2007-06-20,1512.840000,5258.350725,16.430576,659.600000
2007-06-21,1522.190000,5291.210226,16.407638,654.500000
2007-06-22,1502.560000,5223.338235,16.437250,652.000000
2007-06-25,1497.740000,5206.940742,16.506352,651.250000
2007-06-26,1492.890000,5190.436676,16.496480,649.550000
2007-06-27,1506.340000,5237.555227,16.513016,642.850000
2007-06-28,1505.710000,5235.723925,16.476720,645.700000
2007-06-29,1503.350000,5227.876711,16.598700,648.500000
2007-07-02,1519.430000,5284.155361,16.641850,650.500000
2007-07-03,1524.870000,5303.438747,16.578585,657.250000
2007-07-05,1525.400000,5305.647975,16.436016,655.900000
2007-07-06,1530.440000,5323.544169,16.399935,647.750000
2007-07-09,1531.850000,5328.816065,16.442672,657.000000
2007-07-10,1510.120000,5253.592006,16.617043,661.150000
2007-07-11,1518.760000,5284.012374,16.540598,664.000000
2007-07-12,1547.700000,5385.063896,16.491009,663.000000
2007-07-13,1552.500000,5402.136545,16.520752,667.500000
2007-07-16,1549.520000,5392.139944,16.603401,667.250000
2007-07-17,1549.370000,5391.989991,16.566880,663.150000
2007-07-18,1546.170000,5381.225632,16.649741,667.750000
2007-07-19,1553.080000,5405.646183,16.626418,673.000000
2007-07-20,1534.100000,5339.957404,16.736153,676.000000
2007-07-23,1541.570000,5366.327711,16.726058,683.500000
2007-07-24,1511.040000,5260.420601,16.769499,682.750000
2007-07-25,1518.090000,5285.326879,16.799618,677.250000
2007-07-26,1482.660000,5162.339739,16.977614,675.400000
2007-07-27,1458.950000,5080.142208,16.967259,663.500000
2007-07-30,1473.910000,5132.584233,16.943343,661.500000
2007-07-31,1455.270000,5068.028440,17.000802,666.750000
2007-08-01,1465.810000,5105.103643,17.031228,660.250000
2007-08-02,1472.200000,5127.730638,17.020820,665.350000
2007-08-03,1433.060000,4991.778111,17.105742,666.350000
2007-08-06,1467.670000,5112.698859,17.095255,674.150000
2007-08-07,1476.710000,5144.562674,17.030076,669.250000
2007-08-08,1497.490000,5217.330906,16.937931,670.400000
2007-08-09,1453.090000,5063.019225,17.008936,670.850000
2007-08-10,1453.640000,5065.304518,16.984954,664.500000
2007-08-13,1452.920000,5063.164718,17.028960,669.850000
2007-08-14,1426.540000,4971.604097,17.100306,667.350000
2007-08-15,1406.700000,4902.822396,17.158237,665.000000
2007-08-16,1411.270000,4919.107631,17.284969,664.150000
2007-08-17,1445.940000,5040.311447,17.177501,653.000000
2007-08-20,1445.550000,5039.319237,17.235659,658.500000
2007-08-21,1447.120000,5045.159594,17.293987,655.500000
2007-08-22,1464.070000,5104.620762,17.255638,657.150000
2007-08-23,1462.500000,5099.518758,17.272613,662.250000
2007-08-24,1479.370000,5158.713506,17.261961,659.750000
2007-08-28,1432.360000,4995.160753,17.406637,667.000000
2007-08-29,1463.760000,5105.027960,17.354065,664.750000
2007-08-30,1457.640000,5084.055752,17.440512,666.300000
2007-08-31,1473.990000,5141.452846,17.401776,668.000000
2007-09-04,1489.420000,5195.642206,17.377068,673.500000
2007-09-05,1472.290000,5136.258051,17.491426,679.500000
2007-09-06,1478.550000,5158.464112,17.452556,683.500000
2007-09-07,1453.550000,5071.611337,17.637186,695.000000
2007-09-10,1451.700000,5065.519150,17.696691,704.000000
2007-09-11,1471.490000,5134.936042,17.657266,704.250000
2007-09-12,1471.560000,5135.547530,17.603825,711.750000
2007-09-13,1483.950000,5179.154230,17.494241,708.100000
2007-09-14,1484.250000,5180.571641,17.525349,706.750000
2007-09-17,1476.650000,5154.415359,17.514437,710.250000
2007-09-18,1519.780000,5305.334154,17.489528,717.700000
2007-09-19,1529.030000,5338.003978,17.450676,723.750000
2007-09-20,1518.750000,5302.497157,17.230445,727.750000
2007-09-21,1525.750000,5327.315848,17.302573,735.350000
2007-09-24,1517.730000,5299.694150,17.319601,733.250000
2007-09-25,1517.210000,5298.257382,17.322783,727.700000
2007-09-26,1525.420000,5327.306462,17.325966,730.550000
2007-09-27,1531.380000,5348.501863,17.398453,729.750000
2007-09-28,1526.750000,5332.713600,17.387696,737.750000
2007-10-01,1547.040000,5403.957849,17.432594,745.250000
2007-10-02,1546.630000,5402.904937,17.463641,735.750000
2007-10-03,1539.590000,5378.691005,17.452816,733.150000
2007-10-04,1542.840000,5390.422646,17.469929,726.750000
2007-10-05,1557.590000,5442.334965,17.319341,735.850000
2007-10-09,1565.150000,5469.132116,17.294826,728.800000
2007-10-10,1562.470000,5460.151175,17.325703,740.500000
2007-10-11,1554.410000,5432.368192,17.315039,747.500000
2007-10-12,1561.800000,5458.576092,17.262833,748.500000
2007-10-15,1548.710000,5413.208919,17.279863,755.850000
2007-10-16,1538.530000,5378.006653,17.324551,761.750000
2007-10-17,1541.240000,5387.857027,17.452491,759.750000
2007-10-18,1540.080000,5384.180034,17.525466,758.350000
2007-10-19,1500.630000,5246.639157,17.682834,768.250000
2007-10-22,1506.330000,5266.936232,17.671782,755.600000
2007-10-23,1519.590000,5313.669934,17.689019,757.500000
2007-10-24,1515.880000,5301.069806,17.762871,757.350000
2007-10-25,1514.400000,5296.266246,17.751733,765.000000
2007-10-26,1535.280000,5369.660951,17.698006,775.600000
2007-10-29,1540.980000,5389.973622,17.729420,792.500000
2007-10-30,1531.020000,5355.514238,17.718325,784.000000
2007-10-31,1549.380000,5420.113451,17.608022,783.000000
2007-11-01,1508.440000,5277.299123,17.780189,792.000000
2007-11-02,1509.650000,5281.925575,17.854386,790.750000
2007-11-05,1502.170000,5256.148332,17.800306,802.500000
2007-11-06,1520.270000,5319.872574,17.760658,817.550000
2007-11-07,1475.620000,5164.025493,17.820579,841.750000
2007-11-08,1474.770000,5161.435672,17.909187,832.250000
2007-11-09,1453.700000,5088.078993,17.983865,836.000000
2007-11-13,1481.050000,5184.185569,17.943722,803.400000
2007-11-14,1470.580000,5147.923270,17.918046,808.250000
2007-11-15,1451.150000,5080.290076,18.078768,806.000000
2007-11-16,1458.740000,5107.240261,18.110686,790.250000
2007-11-19,1433.270000,5018.447024,18.229576,788.500000
2007-11-20,1439.700000,5041.334966,18.247104,789.650000
2007-11-21,1416.770000,4961.417647,18.337630,796.250000
2007-11-23,1440.700000,5045.588344,18.325871,810.500000
2007-11-26,1407.220000,4928.711396,18.592680,836.250000
2007-11-27,1428.230000,5002.665050,18.417016,823.250000
2007-11-28,1469.020000,5145.913077,18.302033,796.500000
2007-11-29,1469.720000,5148.748605,18.436735,807.250000
2007-11-30,1481.140000,5189.139017,18.395369,794.750000
2007-12-03,1472.420000,5158.974725,18.515998,783.750000
2007-12-04,1462.790000,5125.617500,18.518856,790.250000
2007-12-05,1485.010000,5203.857697,18.477269,801.750000
2007-12-06,1507.340000,5282.494888,18.332326,788.750000
2007-12-07,1504.660000,5273.495755,18.188591,799.750000
2007-12-10,1515.960000,5313.492018,18.147912,800.000000
2007-12-11,1477.650000,5179.609421,18.397713,806.750000
2007-12-12,1486.590000,5211.332133,18.297591,807.500000
2007-12-13,1488.410000,5218.099927,18.110237,809.000000
2007-12-14,1467.950000,5146.758993,18.026312,796.250000
2007-12-17,1445.900000,5069.832665,18.087029,787.000000
2007-12-18,1454.980000,5102.047477,18.176861,796.250000
2007-12-19,1453.000000,5095.483933,18.296179,801.500000
2007-12-20,1460.120000,5120.831911,18.328401,799.500000
2007-12-21,1484.460000,5206.576416,18.126061,803.000000
2007-12-24,1496.450000,5249.017311,18.056564,810.250000
2007-12-27,1476.270000,5178.623485,18.090843,822.500000
2007-12-28,1478.490000,5186.796287,18.238592,828.500000
2007-12-31,1468.360000,5151.644358,18.343703,836.500000
2008-01-02,1447.160000,5077.679527,18.537418,840.750000
2008-01-03,1447.160000,5078.087557,18.540294,865.350000
2008-01-04,1411.630000,4953.820772,18.587668,858.750000
2008-01-07,1416.180000,4970.186124,18.620270,857.500000
2008-01-08,1390.190000,4879.371731,18.623122,873.250000
2008-01-09,1409.130000,4946.240566,18.685569,887.850000
2008-01-10,1420.330000,4985.951577,18.553865,874.250000
2008-01-11,1401.020000,4918.566070,18.690332,893.750000
2008-01-14,1416.250000,4972.429330,18.708117,911.500000
2008-01-15,1380.950000,4848.891211,18.845644,904.750000
2008-01-16,1373.200000,4822.068497,18.818273,881.000000
2008-01-17,1333.250000,4682.169329,18.941503,881.500000
2008-01-18,1325.190000,4654.240094,18.944254,872.750000
2008-01-22,1310.500000,4603.020901,19.159181,862.000000
2008-01-23,1338.600000,4702.089672,19.177185,887.800000
2008-01-24,1352.070000,4749.783483,18.919046,891.500000
2008-01-25,1330.610000,4674.776793,19.027755,921.250000
2008-01-28,1353.960000,4757.187031,19.030481,916.500000
2008-01-29,1362.300000,4786.872196,18.911412,927.500000
2008-01-30,1355.810000,4764.452187,18.778019,923.750000
2008-01-31,1378.550000,4844.745685,18.946083,923.750000
2008-02-01,1395.420000,4904.432113,19.024626,933.000000
2008-02-04,1380.820000,4853.521808,18.936041,899.500000
2008-02-05,1336.640000,4698.630638,19.044848,889.750000
2008-02-06,1326.450000,4663.197031,19.047576,892.000000
2008-02-07,1336.910000,4700.353575,18.852210,908.250000
2008-02-08,1331.290000,4680.981572,19.005826,914.000000
2008-02-11,1339.130000,4708.933379,19.038980,925.500000
2008-02-12,1348.860000,4743.535762,18.980791,920.250000
2008-02-13,1367.210000,4808.457744,18.922809,905.750000
2008-02-14,1348.860000,4744.316944,18.698513,910.850000
2008-02-15,1349.990000,4748.682073,18.835999,909.750000
2008-02-19,1348.780000,4744.816779,18.642915,916.500000
2008-02-20,1360.030000,4784.783328,18.586136,924.850000
2008-02-21,1342.530000,4723.609719,18.826937,943.000000
2008-02-22,1353.110000,4761.223701,18.799630,945.750000
2008-02-25,1371.800000,4827.380690,18.621981,947.500000
2008-02-26,1381.290000,4861.173557,18.669564,934.000000
2008-02-27,1380.020000,4857.104271,18.717245,958.750000
2008-02-28,1367.680000,4814.072423,18.929738,957.000000
2008-02-29,1330.630000,4684.057136,19.205113,969.000000
2008-03-03,1331.340000,4686.955895,19.192439,978.250000
2008-03-04,1326.750000,4671.196570,19.056950,981.750000
2008-03-05,1333.700000,4696.064334,18.952976,966.250000
2008-03-06,1304.340000,4593.085882,19.077058,986.250000
2008-03-07,1293.370000,4554.847941,19.171368,978.500000
2008-03-10,1273.370000,4484.802558,19.327447,973.150000
2008-03-11,1320.650000,4651.704913,19.113633,980.500000
2008-03-12,1308.770000,4610.256847,19.284564,975.750000
2008-03-13,1315.480000,4634.286547,19.179241,988.250000
2008-03-14,1288.140000,4538.366021,19.366071,997.000000
2008-03-17,1276.600000,4498.095380,19.523643,1023.500000
2008-03-18,1330.740000,4689.241043,19.307566,1005.750000
2008-03-19,1298.420000,4575.752200,19.464693,995.250000
2008-03-20,1329.510000,4685.706432,19.529591,913.500000
2008-03-25,1352.990000,4768.858587,19.267923,930.650000
2008-03-26,1341.130000,4727.462529,19.270607,945.750000
2008-03-27,1325.760000,4673.686649,19.196209,948.250000
2008-03-28,1315.220000,4636.928654,19.337133,944.500000
2008-03-31,1322.700000,4663.695492,19.370735,937.250000
2008-04-01,1370.180000,4831.488785,19.187428,897.000000
2008-04-02,1367.530000,4822.542255,19.144096,893.500000
2008-04-03,1369.310000,4829.216443,19.131516,898.250000
2008-04-04,1370.400000,4833.458238,19.302614,905.250000
2008-04-07,1372.540000,4841.404092,19.197200,914.700000
2008-04-08,1365.540000,4817.111408,19.184562,921.000000
2008-04-09,1354.490000,4778.527804,19.325416,906.750000
2008-04-10,1360.550000,4800.300441,19.235331,934.250000
2008-04-11,1332.830000,4702.893830,19.330370,925.500000
2008-04-14,1328.320000,4687.367518,19.271190,917.750000
2008-04-15,1334.430000,4709.314405,19.165971,931.750000
2008-04-16,1364.710000,4816.562805,18.984716,932.750000
2008-04-17,1365.560000,4819.959361,18.941955,951.500000
2008-04-18,1390.330000,4907.785856,18.914466,942.250000
2008-04-21,1388.170000,4900.565283,18.947559,915.750000
2008-04-22,1375.940000,4857.794029,18.965537,920.750000
2008-04-23,1379.930000,4872.280822,18.922834,916.250000
2008-04-24,1388.820000,4904.070970,18.774283,900.750000
2008-04-25,1397.840000,4936.325348,18.717088,883.500000
2008-04-28,1396.370000,4931.540652,18.794861,892.250000
2008-04-29,1390.940000,4912.769657,18.812775,886.000000
2008-04-30,1385.590000,4894.278089,18.936051,867.750000
2008-05-01,1409.340000,4978.564982,18.923735,863.500000
2008-05-02,1413.900000,4995.075703,18.760045,854.250000
2008-05-06,1418.260000,5010.882488,18.705728,878.000000
2008-05-07,1392.570000,4920.521542,18.798433,874.000000
2008-05-08,1397.680000,4938.974869,18.921630,872.250000
2008-05-09,1388.280000,4906.157226,18.954750,887.250000
2008-05-12,1403.580000,4960.623597,18.942422,882.500000
2008-05-13,1403.040000,4959.115934,18.763416,877.000000
2008-05-14,1408.660000,4979.380826,18.736299,863.000000
2008-05-15,1423.570000,5032.487573,18.874115,866.250000
2008-05-16,1425.350000,5039.186730,18.846785,885.000000
2008-05-19,1426.630000,5044.119234,18.879819,908.750000
2008-05-20,1413.400000,4997.749662,18.958207,907.000000
2008-05-21,1390.710000,4917.922187,18.915551,925.000000
2008-05-22,1394.350000,4931.191589,18.751954,928.250000
2008-05-23,1375.930000,4866.446759,18.859882,922.250000
2008-05-27,1385.350000,4900.157039,18.742061,923.750000
2008-05-28,1390.840000,4919.971813,18.595047,892.000000
2008-05-29,1398.260000,4946.616953,18.523640,893.000000
2008-05-30,1400.380000,4954.516573,18.556277,879.500000
2008-06-02,1385.670000,4902.893733,18.678027,891.250000
2008-06-03,1377.650000,4874.933159,18.770632,895.500000
2008-06-04,1377.200000,4873.754882,18.683452,877.250000
2008-06-05,1404.050000,4969.187979,18.566829,873.000000
2008-06-06,1360.680000,4816.115765,18.748062,883.500000
2008-06-09,1361.760000,4820.347507,18.631006,904.250000
2008-06-10,1358.440000,4809.004847,18.499835,884.500000
2008-06-11,1335.490000,4728.168184,18.517652,874.250000
2008-06-12,1339.870000,4744.076754,18.328081,871.250000
2008-06-13,1360.030000,4815.860224,18.272508,864.000000
2008-06-16,1360.140000,4816.658803,18.304840,872.000000
2008-06-17,1350.930000,4784.452600,18.337215,883.000000
2008-06-18,1337.810000,4738.393220,18.442981,884.000000
2008-06-19,1342.830000,4756.576062,18.357499,893.250000
2008-06-20,1317.930000,4668.779248,18.448689,900.000000
2008-06-23,1318.000000,4669.423800,18.407458,905.250000
2008-06-24,1314.290000,4656.676605,18.543052,888.500000
2008-06-25,1321.970000,4684.283252,18.516400,887.250000
2008-06-26,1283.150000,4547.125924,18.593493,892.500000
2008-06-27,1278.380000,4530.608616,18.715495,923.000000
2008-06-30,1280.000000,4536.734773,18.718458,932.750000
2008-07-01,1284.910000,4554.549153,18.691472,929.500000
2008-07-02,1261.520000,4472.053283,18.724353,936.000000
2008-07-03,1262.900000,4477.351223,18.727317,939.750000
2008-07-07,1252.310000,4440.212923,18.790210,921.000000
2008-07-08,1273.700000,4516.456682,18.853284,929.250000
2008-07-09,1244.690000,4413.999032,18.946705,923.250000
2008-07-10,1253.390000,4445.252136,18.979914,930.750000
2008-07-11,1239.490000,4396.358073,18.785408,949.000000
2008-07-14,1228.300000,4357.067171,18.878530,957.750000
2008-07-15,1214.910000,4309.965153,18.926760,981.750000
2008-07-16,1245.360000,4418.379498,18.778253,974.000000
2008-07-17,1260.320000,4471.856690,18.630985,964.500000
2008-07-18,1260.680000,4473.539899,18.574375,961.500000
2008-07-21,1260.000000,4471.532923,18.607123,966.250000
2008-07-22,1277.000000,4532.268960,18.535715,973.000000
2008-07-23,1282.190000,4551.100410,18.509103,934.750000
2008-07-24,1252.540000,4446.271550,18.704653,927.750000
2008-07-25,1257.760000,4465.205066,18.558007,932.250000
2008-07-28,1234.370000,4382.572901,18.664973,929.250000
2008-07-29,1263.200000,4485.330224,18.623184,928.750000
2008-07-30,1284.260000,4560.516482,18.656004,914.100000
2008-07-31,1267.380000,4500.988074,18.778415,912.000000
2008-08-01,1260.310000,4476.281053,18.811434,909.500000
2008-08-04,1249.010000,4436.545758,18.799349,910.000000
2008-08-05,1284.880000,4564.353497,18.712081,884.000000
2008-08-06,1289.190000,4580.071270,18.685141,884.750000
2008-08-07,1266.070000,4498.341970,18.897425,882.500000
2008-08-08,1296.320000,4606.221330,18.870129,864.500000
2008-08-11,1305.320000,4638.611927,18.797599,863.750000
2008-08-12,1289.590000,4583.127211,18.920880,808.750000
2008-08-13,1285.830000,4570.173177,18.878405,824.000000
2008-08-14,1292.930000,4595.816048,18.956871,833.250000
2008-08-15,1298.200000,4614.958574,19.035624,784.750000
2008-08-18,1278.600000,4545.694349,19.068982,797.500000
2008-08-19,1266.690000,4503.757218,19.056618,791.000000
2008-08-20,1274.540000,4532.069853,19.120495,806.750000
2008-08-21,1277.720000,4543.781680,19.046889,821.000000
2008-08-22,1292.200000,4595.680209,19.004079,830.000000
2008-08-26,1271.510000,4522.506595,19.131500,809.750000
2008-08-27,1281.660000,4559.011492,19.164988,833.500000
2008-08-28,1300.680000,4627.074446,19.137191,832.000000
2008-08-29,1282.830000,4563.987076,19.078830,836.500000
2008-09-02,1277.580000,4545.738249,19.219097,802.500000
2008-09-03,1274.980000,4536.914867,19.268076,794.500000
2008-09-04,1236.830000,4401.587937,19.378813,810.500000
2008-09-05,1242.310000,4421.504049,19.350606,796.250000
2008-09-08,1267.790000,4512.605839,19.353417,806.500000
2008-09-09,1224.510000,4358.978364,19.418159,799.750000
2008-09-10,1232.040000,4386.193528,19.374345,774.250000
2008-09-11,1249.050000,4447.163568,19.392650,742.750000
2008-09-12,1251.700000,4457.017091,19.240310,757.500000
2008-09-15,1192.700000,4247.350893,19.658756,779.250000
2008-09-16,1213.600000,4322.177923,19.645736,779.750000
2008-09-17,1156.390000,4118.833872,19.758465,785.500000
2008-09-18,1206.510000,4297.738937,19.555651,864.250000
2008-09-19,1255.080000,4471.155637,19.182930,837.500000
2008-09-22,1207.090000,4300.614441,19.109075,873.000000
2008-09-23,1188.220000,4233.789074,19.081405,892.500000
2008-09-24,1185.870000,4225.813998,19.160646,888.500000
2008-09-25,1209.180000,4309.276061,19.040907,889.000000
2008-09-26,1213.270000,4324.257398,19.089537,869.000000
2008-09-29,1106.420000,3943.836436,19.458973,876.500000
2008-09-30,1166.360000,4157.863708,19.088148,897.000000
2008-10-01,1161.060000,4139.458888,19.213228,876.000000
2008-10-02,1114.280000,3973.163472,19.385179,866.250000
2008-10-03,1099.230000,3919.967038,19.434519,842.500000
2008-10-06,1056.890000,3769.439016,19.670533,836.500000
2008-10-07,996.230000,3553.535854,19.641776,881.750000
2008-10-08,984.940000,3513.682305,19.298809,913.000000
2008-10-09,909.920000,3246.468406,19.116389,886.750000
2008-10-10,899.220000,3208.673889,19.042837,918.000000
2008-10-14,998.010000,3561.561993,18.756325,849.500000
2008-10-15,907.840000,3240.194229,18.819382,848.500000
2008-10-16,946.430000,3378.307616,18.897677,834.500000
2008-10-17,940.550000,3357.715893,18.915787,801.000000
2008-10-20,985.400000,3518.222799,19.024703,803.000000
2008-10-21,955.050000,3410.276222,19.255951,781.000000
2008-10-22,896.780000,3202.607555,19.428277,757.500000
2008-10-23,908.110000,3243.446034,19.462176,726.000000
2008-10-24,876.770000,3131.891942,19.262573,692.500000
2008-10-27,848.920000,3032.777666,19.219217,720.500000
2008-10-28,940.510000,3360.340606,19.068354,745.000000
2008-10-29,930.090000,3323.506057,19.010278,749.250000
2008-10-30,954.090000,3409.656310,18.906785,772.250000
2008-10-31,968.750000,3462.447916,18.894661,728.500000
2008-11-03,966.300000,3454.135400,18.973246,734.000000
2008-11-04,1005.750000,3595.596407,19.203907,734.000000
2008-11-05,952.770000,3406.651998,19.329715,753.250000
2008-11-06,904.880000,3235.857123,19.301649,739.000000
2008-11-07,930.990000,3329.641726,19.180991,742.000000
2008-11-10,919.210000,3287.938204,19.199251,751.750000
2008-11-12,852.300000,3049.028406,19.309677,731.500000
2008-11-13,911.290000,3260.451049,19.173521,714.000000
2008-11-14,873.290000,3124.911294,19.360508,729.500000
2008-11-17,850.750000,3044.656787,19.425320,745.000000
2008-11-18,859.120000,3075.001808,19.661260,736.500000
2008-11-19,806.580000,2887.342653,19.899949,737.750000
2008-11-20,752.440000,2693.906159,20.348377,745.250000
2008-11-21,800.030000,2864.634718,20.188094,758.500000
2008-11-24,851.810000,3050.408693,19.948400,816.750000
2008-11-25,857.390000,3070.782453,20.334061,802.500000
2008-11-26,887.680000,3179.661395,20.531778,817.000000
2008-11-28,896.240000,3210.731088,20.632766,813.500000
2008-12-01,816.210000,2924.440147,20.981796,795.500000
2008-12-02,848.810000,3041.619770,21.051202,772.500000
2008-12-03,870.740000,3120.594052,21.070282,773.500000
2008-12-04,845.220000,3029.535033,21.274789,772.750000
2008-12-05,876.070000,3140.500086,21.072704,771.750000
2008-12-08,909.700000,3261.458710,20.906355,772.250000
2008-12-09,888.670000,3186.480598,21.075904,771.000000
2008-12-10,899.240000,3224.790240,21.044415,785.750000
2008-12-11,873.590000,3133.220033,21.130839,821.000000
2008-12-12,879.730000,3155.644006,21.200672,813.750000
2008-12-15,868.570000,3116.017533,21.321583,827.500000
2008-12-16,913.180000,3276.457097,21.596640,833.500000
2008-12-17,904.420000,3245.447154,21.892385,853.750000
2008-12-18,885.280000,3177.181260,22.104463,872.500000
2008-12-19,887.880000,3186.920277,22.017870,839.000000
2008-12-22,871.630000,3129.002318,21.966888,846.000000
2008-12-23,863.160000,3098.998162,21.933624,844.000000
2008-12-24,868.150000,3117.311570,21.900428,836.750000
2008-12-29,869.420000,3122.272017,22.027038,881.000000
2008-12-30,890.640000,3198.878376,22.064143,870.000000
2008-12-31,903.250000,3244.579905,21.818872,865.000000
2009-01-02,931.800000,3347.551545,21.454263,869.750000
2009-01-05,927.450000,3332.353806,21.404867,860.000000
2009-01-06,934.700000,3358.831224,21.372735,844.000000
2009-01-07,906.650000,3258.465311,21.357765,864.000000
2009-01-08,909.730000,3269.953188,21.445332,842.500000
2009-01-09,890.350000,3200.713248,21.516059,854.000000
2009-01-12,870.260000,3128.902901,21.673050,848.500000
2009-01-13,871.790000,3134.805646,21.692400,815.500000
2009-01-14,842.620000,3030.317979,21.850591,827.250000
2009-01-15,843.740000,3034.735016,21.870014,813.000000
2009-01-16,850.120000,3058.072123,21.644501,824.250000
2009-01-20,805.220000,2896.949502,21.577266,835.000000
2009-01-21,840.240000,3023.313416,21.303132,860.500000
2009-01-22,827.500000,2977.861203,21.203041,847.750000
2009-01-23,831.950000,2994.257517,21.154358,873.000000
2009-01-26,836.570000,3011.269827,21.071965,906.500000
2009-01-27,845.710000,3044.556380,21.259656,896.000000
2009-01-28,874.090000,3147.115397,21.057749,891.250000
2009-01-29,845.140000,3043.286609,20.790474,878.500000
2009-01-30,825.880000,2974.323615,20.792842,918.500000
2009-02-02,825.440000,2973.144091,20.978187,913.750000
2009-02-03,838.510000,3020.625725,20.762311,902.000000
2009-02-04,832.230000,2998.414221,20.665033,902.250000
2009-02-05,845.850000,3047.893645,20.667452,914.750000
2009-02-06,868.600000,3130.284971,20.504532,914.000000
2009-02-09,869.890000,3135.360242,20.474207,901.000000
2009-02-10,827.160000,2981.774755,20.755150,896.000000
2009-02-11,833.740000,3005.900672,20.956788,922.000000
2009-02-12,835.190000,3011.537780,21.009396,944.000000
2009-02-13,826.840000,2981.839414,20.776384,939.250000
2009-02-17,789.170000,2846.395920,21.194294,962.250000
2009-02-18,788.420000,2844.078472,21.026960,964.750000
2009-02-19,778.940000,2810.268488,20.844209,973.500000
2009-02-20,770.050000,2778.577794,20.963294,981.000000
2009-02-23,743.330000,2682.542229,20.965607,987.000000
2009-02-24,773.140000,2790.486428,20.934375,989.750000
2009-02-25,764.900000,2761.125932,20.685488,956.250000
2009-02-26,752.830000,2717.931860,20.638265,945.000000
2009-02-27,735.090000,2654.255553,20.574663,943.750000
2009-03-02,700.820000,2530.893008,20.758185,949.500000
2009-03-03,696.330000,2515.039732,20.727369,924.750000
2009-03-04,712.870000,2575.139072,20.597124,911.000000
2009-03-05,682.550000,2465.980409,20.896183,913.250000
2009-03-06,683.380000,2469.331436,20.898530,937.750000
2009-03-09,676.530000,2444.932389,20.800564,934.750000
2009-03-10,719.600000,2600.933693,20.636545,911.500000
2009-03-11,721.360000,2607.666673,20.705030,900.000000
2009-03-12,750.740000,2714.245916,20.806838,914.500000
2009-03-13,756.550000,2735.639346,20.809224,920.000000
2009-03-16,753.890000,2726.411799,20.678432,923.000000
2009-03-17,778.120000,2814.428120,20.598155,920.000000
2009-03-18,794.350000,2873.533474,21.441028,910.750000
2009-03-19,784.040000,2836.647963,21.271636,937.250000
2009-03-20,768.540000,2780.974421,21.205769,957.000000
2009-03-23,822.920000,2978.146661,21.157106,952.750000
2009-03-24,806.120000,2917.772979,21.159356,928.750000
2009-03-25,813.880000,2946.277383,20.941549,921.250000
2009-03-26,832.860000,3015.406672,21.027650,935.500000
2009-03-27,815.940000,2954.577884,20.996309,927.000000
2009-03-30,787.530000,2852.125349,21.082610,923.000000
2009-03-31,797.870000,2889.980277,21.118626,918.500000
2009-04-01,811.080000,2938.189539,21.171582,919.500000
2009-04-02,834.380000,3022.962379,21.021398,914.750000
2009-04-03,842.500000,3052.758855,20.788269,901.500000
2009-04-06,835.480000,3027.703621,20.724147,879.500000
2009-04-07,815.550000,2955.857385,20.759732,879.250000
2009-04-08,825.160000,2991.056906,20.878400,887.250000
2009-04-09,856.560000,3105.249966,20.713743,883.750000
2009-04-14,841.500000,3051.041560,20.984558,895.000000
2009-04-15,852.060000,3089.710329,20.953315,892.250000
2009-04-16,865.300000,3138.106777,20.888609,889.000000
2009-04-17,869.600000,3154.093272,20.690449,872.000000
2009-04-20,832.390000,3019.524353,20.858419,870.000000
2009-04-21,850.080000,3084.072709,20.760683,888.750000
2009-04-22,843.550000,3060.767319,20.696671,885.000000
2009-04-23,851.920000,3091.519734,20.732233,894.500000
2009-04-24,866.230000,3143.835325,20.618567,909.000000
2009-04-27,857.510000,3112.580342,20.753005,911.750000
2009-04-28,855.160000,3104.439215,20.589411,897.000000
2009-04-29,873.640000,3171.913979,20.476602,894.500000
2009-04-30,872.810000,3169.296799,20.413612,889.000000
2009-05-01,877.520000,3186.763874,20.334517,881.500000
2009-05-05,903.800000,3282.567596,20.355926,903.000000
2009-05-06,919.530000,3340.075785,20.391080,903.500000
2009-05-07,907.390000,3296.362812,20.214212,912.750000
2009-05-08,929.230000,3376.082084,20.216851,917.500000
2009-05-11,909.240000,3303.842510,20.413572,912.500000
2009-05-12,908.350000,3300.988445,20.416140,920.000000
2009-05-13,883.920000,3212.588166,20.516706,925.750000
2009-05-14,893.070000,3246.213018,20.535651,923.250000
2009-05-15,882.880000,3209.546709,20.472463,925.000000
2009-05-18,909.710000,3307.451229,20.343990,929.750000
2009-05-19,908.130000,3302.087073,20.297764,921.500000
2009-05-20,903.470000,3285.522329,20.397811,928.500000
2009-05-21,888.330000,3230.842580,20.139301,940.000000
2009-05-22,887.000000,3226.376863,19.980864,952.500000
2009-05-26,910.330000,3311.608446,19.903676,942.000000
2009-05-27,893.060000,3249.164210,19.572059,949.500000
2009-05-28,906.830000,3299.636318,19.637571,949.750000
2009-05-29,919.140000,3344.807474,19.954632,972.000000
2009-06-01,942.870000,3431.529169,19.574251,987.000000
2009-06-02,944.740000,3438.711204,19.671089,973.500000
2009-06-03,931.760000,3391.843010,19.815570,979.000000
2009-06-04,942.460000,3431.165637,19.564730,967.250000
2009-06-05,940.090000,3422.913522,19.379797,977.750000
2009-06-08,939.140000,3419.829843,19.274223,946.500000
2009-06-09,942.430000,3432.185187,19.354310,952.500000
2009-06-10,939.150000,3420.616265,19.171474,961.250000
2009-06-11,944.890000,3441.897828,19.327873,953.000000
2009-06-12,946.210000,3447.083517,19.439085,950.000000
2009-06-15,923.720000,3365.529452,19.519781,932.000000
2009-06-16,911.970000,3323.087916,19.663235,936.750000
2009-06-17,910.710000,3318.861028,19.650369,933.750000
2009-06-18,918.370000,3347.139943,19.370273,936.750000
2009-06-19,921.230000,3357.930659,19.481713,933.750000
2009-06-22,893.040000,3255.544853,19.593741,924.000000
2009-06-23,895.100000,3263.411474,19.706358,920.250000
2009-06-24,900.940000,3285.061138,19.598857,928.750000
2009-06-25,920.260000,3355.867076,19.868295,934.250000
2009-06-26,918.900000,3351.275596,19.918777,943.000000
2009-06-29,927.230000,3382.022997,19.937495,939.750000
2009-06-30,919.320000,3353.542519,19.908372,941.000000
2009-07-01,923.330000,3368.526290,19.879307,931.500000
2009-07-02,896.420000,3270.709722,19.945721,936.000000
2009-07-06,898.720000,3279.448682,19.932543,921.500000
2009-07-07,881.030000,3215.245515,20.015057,925.750000
2009-07-08,879.560000,3210.222085,20.241982,920.750000
2009-07-09,882.680000,3221.950154,20.066527,914.750000
2009-07-10,879.130000,3209.333901,20.261905,910.000000
2009-07-13,901.050000,3289.695187,20.167318,908.500000
2009-07-14,905.840000,3307.532386,19.976416,921.750000
2009-07-15,932.680000,3405.885433,19.771436,930.000000
2009-07-16,940.740000,3435.679733,19.837553,935.250000
2009-07-17,940.380000,3434.729581,19.713418,934.500000
2009-07-20,951.130000,3474.358365,19.810914,952.250000
2009-07-21,954.580000,3487.329491,19.988088,947.750000
2009-07-22,954.070000,3485.836414,19.862940,945.500000
2009-07-23,976.290000,3567.390412,19.643297,955.250000
2009-07-24,979.260000,3578.621456,19.677626,949.750000
2009-07-27,982.180000,3589.672119,19.601805,956.000000
2009-07-28,979.620000,3580.696777,19.651766,955.000000
2009-07-29,975.150000,3564.738075,19.701831,935.500000
2009-07-30,986.750000,3607.521095,19.736239,932.000000
2009-07-31,987.480000,3610.572789,19.975948,936.500000
2009-08-03,1002.630000,3666.313621,19.755008,954.250000
2009-08-04,1005.650000,3677.709328,19.694661,953.500000
2009-08-05,1002.720000,3667.347760,19.539995,964.500000
2009-08-06,997.080000,3647.072610,19.558574,960.750000
2009-08-07,1010.480000,3696.437138,19.405047,960.500000
2009-08-10,1007.100000,3684.428139,19.547759,953.500000
2009-08-11,994.350000,3638.137087,19.691450,946.000000
2009-08-12,1005.810000,3680.416818,19.678596,943.500000
2009-08-13,1012.730000,3706.092025,19.886158,956.000000
2009-08-14,1004.090000,3674.830197,19.952627,957.500000
2009-08-17,979.730000,3586.029277,20.067173,937.500000
2009-08-18,989.670000,3622.756649,20.021783,938.250000
2009-08-19,996.460000,3647.960218,20.120676,934.250000
2009-08-20,1007.370000,3688.251573,20.171720,943.500000
2009-08-21,1026.130000,3757.291554,19.948534,941.500000
2009-08-24,1025.570000,3755.602282,20.079023,953.750000
2009-08-25,1028.000000,3764.861927,20.129986,947.500000
2009-08-26,1028.120000,3765.663363,20.148846,949.500000
2009-08-27,1030.980000,3776.500633,20.103239,943.500000
2009-08-28,1028.930000,3769.354519,20.122090,950.750000
2009-09-01,998.040000,3656.535166,20.256521,949.750000
2009-09-02,994.750000,3644.813540,20.405085,955.000000
2009-09-03,1003.240000,3676.252258,20.342453,982.500000
2009-09-04,1016.400000,3724.809285,20.149853,987.250000
2009-09-08,1025.390000,3758.093209,20.120372,1004.500000
2009-09-09,1033.370000,3787.681433,20.107046,995.750000
2009-09-10,1044.140000,3827.501355,20.302851,988.500000
2009-09-11,1042.730000,3822.680244,20.338042,998.250000
2009-09-14,1049.340000,3847.259793,20.210574,994.250000
2009-09-15,1052.630000,3859.671439,20.132475,997.500000
2009-09-16,1068.760000,3919.165647,20.119141,1017.000000
2009-09-17,1065.490000,3907.530333,20.218491,1020.500000
2009-09-18,1068.300000,3918.190391,20.108012,1014.000000
2009-09-21,1064.660000,3905.195766,20.110797,999.250000
2009-09-22,1071.660000,3931.226494,20.161848,1015.750000
2009-09-23,1060.870000,3892.001912,20.196875,1014.750000
2009-09-24,1050.780000,3855.338221,20.264262,1014.000000
2009-09-25,1044.380000,3832.206511,20.364264,997.000000
2009-09-28,1062.980000,3900.804563,20.415838,990.500000
2009-09-29,1060.610000,3892.461582,20.418519,991.750000
2009-09-30,1057.080000,3879.859827,20.421201,1001.250000
2009-10-01,1029.850000,3780.253525,20.587253,1005.750000
2009-10-02,1025.210000,3763.550378,20.540466,998.000000
2009-10-05,1040.460000,3819.860567,20.543107,1004.250000
2009-10-06,1054.720000,3872.545846,20.496445,1020.250000
2009-10-07,1057.580000,3883.383573,20.597488,1047.000000
2009-10-08,1065.480000,3912.729794,20.501243,1054.750000
2009-10-09,1071.490000,3935.140483,20.290691,1046.750000
2009-10-13,1073.190000,3941.726179,20.390824,1064.500000
2009-10-14,1092.020000,4011.229873,20.214087,1066.000000
2009-10-15,1096.560000,4028.255209,20.152169,1052.500000
2009-10-16,1087.680000,3995.984587,20.251691,1047.750000
2009-10-19,1097.910000,4033.915770,20.286850,1054.500000
2009-10-20,1091.060000,4009.098547,20.386972,1064.000000
2009-10-21,1081.400000,3973.951621,20.275515,1053.500000
2009-10-22,1092.910000,4016.594487,20.245826,1054.750000
2009-10-23,1079.600000,3968.027790,20.135213,1061.250000
2009-10-26,1066.950000,3921.878366,20.009152,1055.000000
2009-10-27,1063.410000,3909.207233,20.172076,1040.750000
2009-10-28,1042.630000,3833.157806,20.255558,1035.500000
2009-10-29,1066.110000,3919.813845,20.112483,1034.000000
2009-10-30,1036.190000,3810.146621,20.308380,1044.500000
2009-11-02,1042.880000,3835.064549,20.246141,1052.000000
2009-11-03,1045.410000,3844.688705,20.167929,1058.000000
2009-11-04,1046.500000,3849.018575,20.057789,1091.750000
2009-11-05,1066.630000,3923.378107,20.060631,1088.000000
2009-11-06,1069.300000,3933.526917,20.111618,1095.000000
2009-11-09,1093.080000,4021.332638,20.146622,1108.500000
2009-11-10,1093.010000,4021.411065,20.181671,1099.750000
2009-11-12,1087.240000,4000.517992,20.265200,1116.000000
2009-11-13,1093.480000,4023.812388,20.300399,1107.500000
2009-11-16,1109.300000,4082.363338,20.465565,1128.750000
2009-11-17,1110.320000,4086.458115,20.468270,1131.750000
2009-11-18,1109.800000,4084.885681,20.421851,1146.000000
2009-11-19,1094.900000,4030.383908,20.440911,1136.000000
2009-11-20,1091.380000,4017.763311,20.427276,1142.500000
2009-11-23,1106.240000,4072.803981,20.413658,1166.000000
2009-11-24,1105.650000,4070.972049,20.498042,1170.250000
2009-11-25,1110.630000,4089.648365,20.566336,1176.500000
2009-11-27,1091.490000,4019.511222,20.684185,1164.500000
2009-11-30,1095.630000,4035.092947,20.686819,1172.000000
2009-12-01,1108.860000,4084.140844,20.573608,1193.500000
2009-12-02,1109.240000,4085.867548,20.510451,1211.500000
2009-12-03,1099.920000,4051.864710,20.398294,1218.250000
2009-12-04,1105.980000,4074.512932,20.254171,1203.250000
2009-12-07,1103.250000,4064.781729,20.321781,1147.500000
2009-12-08,1091.940000,4023.437041,20.389585,1164.250000
2009-12-09,1095.950000,4038.534793,20.310777,1142.250000
2009-12-10,1102.350000,4062.441994,20.248564,1125.750000
2009-12-11,1106.410000,4077.729488,20.154175,1140.000000
2009-12-14,1114.110000,4106.434802,20.140891,1120.000000
2009-12-15,1107.930000,4083.985169,20.079285,1115.000000
2009-12-16,1109.180000,4088.919924,20.066090,1134.000000
2009-12-17,1096.080000,4040.955101,20.245546,1121.500000
2009-12-18,1102.470000,4064.836963,20.167376,1106.500000
2009-12-21,1114.050000,4107.858286,19.944342,1113.250000
2009-12-22,1118.020000,4122.825936,19.835574,1094.250000
2009-12-23,1120.590000,4132.633294,19.822666,1080.500000
2009-12-24,1126.480000,4154.686051,19.746340,1104.500000
2009-12-29,1126.200000,4153.986096,19.752237,1103.000000
2009-12-30,1126.420000,4155.130252,19.786835,1092.500000
2009-12-31,1115.100000,4113.705892,19.710671,1104.000000
2010-01-04,1132.990000,4180.026858,19.713683,1113.000000
2010-01-05,1136.520000,4193.378687,19.842862,1125.250000
2010-01-06,1137.140000,4195.995658,19.718836,1125.000000
2010-01-07,1141.690000,4213.114537,19.721849,1130.750000
2010-01-08,1144.980000,4225.586367,19.756417,1121.750000
2010-01-11,1146.980000,4233.299341,19.727809,1158.000000
2010-01-12,1136.220000,4193.918607,19.904428,1152.750000
2010-01-13,1145.680000,4229.165974,19.811841,1132.750000
2010-01-14,1148.460000,4239.760262,19.878226,1137.500000
2010-01-15,1136.030000,4194.205555,19.976608,1132.000000
2010-01-19,1150.230000,4246.961182,19.931597,1134.000000
2010-01-20,1138.040000,4202.285982,20.014274,1129.000000
2010-01-21,1116.480000,4123.004371,20.113265,1104.000000
2010-01-22,1091.760000,4032.040721,20.116154,1096.500000
2010-01-25,1096.780000,4050.897073,20.054672,1103.500000
2010-01-26,1092.170000,4034.188476,20.073628,1090.750000
2010-01-27,1097.500000,4054.192967,20.060477,1094.750000
2010-01-28,1084.530000,4006.599901,20.031294,1091.750000
2010-01-29,1073.870000,3967.533166,20.114344,1082.750000
2010-02-01,1089.190000,4024.453654,20.036784,1082.000000
2010-02-02,1103.320000,4076.986269,20.055740,1114.000000
2010-02-03,1097.280000,4054.995101,19.962393,1118.500000
2010-02-04,1063.110000,3929.046026,20.141017,1102.500000
2010-02-05,1066.190000,3940.745037,20.192248,1052.250000
2010-02-08,1056.740000,3906.133766,20.146664,1070.000000
2010-02-09,1070.520000,3957.384250,20.068971,1068.000000
2010-02-10,1068.130000,3948.867366,19.991618,1075.500000
2010-02-11,1078.470000,3987.411785,19.978576,1079.500000
2010-02-12,1075.510000,3976.788447,20.045464,1078.250000
2010-02-16,1094.870000,4048.693445,20.096509,1115.250000
2010-02-17,1099.510000,4066.177145,19.970810,1118.250000
2010-02-18,1106.750000,4093.278872,19.893891,1105.500000
2010-02-19,1109.170000,4102.558304,19.912798,1107.000000
2010-02-22,1108.010000,4098.597624,19.883924,1119.750000
2010-02-23,1094.600000,4049.322771,20.061901,1112.000000
2010-02-24,1105.240000,4089.009600,20.048789,1093.000000
2010-02-25,1102.940000,4080.829185,20.147967,1092.750000
2010-02-26,1104.490000,4086.892256,20.199232,1112.500000
2010-03-01,1115.710000,4128.717387,20.202126,1117.250000
2010-03-02,1118.310000,4138.650212,20.188858,1116.000000
2010-03-03,1118.790000,4140.738798,20.175607,1136.250000
2010-03-04,1122.970000,4156.521697,20.210795,1136.250000
2010-03-05,1138.700000,4215.057713,20.084341,1135.000000
2010-03-08,1138.500000,4214.635347,20.039079,1134.000000
2010-03-09,1140.450000,4222.172021,20.058069,1120.000000
2010-03-10,1145.610000,4241.593863,20.028929,1124.500000
2010-03-11,1150.240000,4259.056292,20.031893,1106.000000
2010-03-12,1149.990000,4258.451885,20.066909,1118.750000
2010-03-15,1150.510000,4260.698699,20.069864,1104.000000
2010-03-16,1159.460000,4294.164756,20.153098,1113.250000
2010-03-17,1166.210000,4319.487920,20.172147,1131.250000
2010-03-18,1165.830000,4318.406290,20.126656,1122.750000
2010-03-19,1159.900000,4296.766454,20.097392,1121.500000
2010-03-22,1165.810000,4318.983752,20.148577,1104.250000
2010-03-23,1174.170000,4350.280899,20.119274,1100.750000
2010-03-24,1167.720000,4326.711916,19.880788,1094.000000
2010-03-25,1165.730000,4319.664824,19.772485,1093.500000
2010-03-26,1166.590000,4323.177446,19.854643,1098.000000
2010-03-29,1173.220000,4348.073179,19.825917,1111.250000
2010-03-30,1173.270000,4348.586480,19.828970,1109.750000
2010-03-31,1169.430000,4334.682010,19.895475,1109.500000
2010-04-01,1178.100000,4367.134065,19.818925,1116.000000
2010-04-06,1189.440000,4409.488303,19.685501,1124.000000
2010-04-07,1182.450000,4383.895731,19.830346,1133.250000
2010-04-08,1186.440000,4399.007403,19.801678,1146.500000
2010-04-09,1194.370000,4428.729729,19.820592,1156.000000
2010-04-12,1196.480000,4436.875753,19.871229,1163.500000
2010-04-13,1197.300000,4440.239265,19.921972,1149.250000
2010-04-14,1210.650000,4490.071294,19.861257,1159.000000
2010-04-15,1211.670000,4494.180876,19.896093,1151.250000
2010-04-16,1192.130000,4422.032349,20.010559,1157.000000
2010-04-19,1197.520000,4442.347415,19.949534,1127.500000
2010-04-20,1207.170000,4478.468400,19.968526,1142.500000
2010-04-21,1205.940000,4474.230987,20.051427,1143.750000
2010-04-22,1208.670000,4484.685169,20.006303,1144.250000
2010-04-23,1217.280000,4516.958174,19.945300,1140.000000
2010-04-26,1212.050000,4497.879776,19.964296,1154.000000
2010-04-27,1183.710000,4393.038083,20.158987,1152.250000
2010-04-28,1191.360000,4421.748648,20.016810,1164.250000
2010-04-29,1206.780000,4479.301811,20.083882,1170.000000
2010-04-30,1186.690000,4405.057965,20.199349,1175.250000
2010-05-04,1173.600000,4356.808888,20.301911,1184.250000
2010-05-05,1165.870000,4328.450430,20.386043,1172.000000
2010-05-06,1128.150000,4188.745591,20.666189,1178.000000
2010-05-07,1110.880000,4124.948171,20.602854,1199.600000
2010-05-10,1159.730000,4306.659234,20.407887,1188.250000
2010-05-11,1155.790000,4292.362122,20.427105,1209.000000
2010-05-12,1171.670000,4351.670092,20.429990,1241.250000
2010-05-13,1157.440000,4299.156382,20.449220,1235.000000
2010-05-14,1135.680000,4218.665269,20.632054,1238.750000
2010-05-17,1136.940000,4223.672998,20.585354,1230.250000
2010-05-18,1120.800000,4164.041383,20.736403,1215.000000
2010-05-19,1115.050000,4143.001772,20.772362,1209.500000
2010-05-20,1071.590000,3981.846224,20.957929,1187.250000
2010-05-21,1087.690000,4041.979974,21.044464,1183.500000
2010-05-24,1073.650000,3990.119285,20.996629,1183.750000
2010-05-25,1074.030000,3991.841048,21.083307,1189.500000
2010-05-26,1067.950000,3969.553210,21.035367,1212.500000
2010-05-27,1103.060000,4100.364456,20.819279,1210.750000
2010-05-28,1089.410000,4049.941893,20.872005,1214.000000
2010-06-01,1070.710000,3980.750563,20.908142,1219.750000
2010-06-02,1098.380000,4083.945135,20.810512,1221.000000
2010-06-03,1102.830000,4100.820617,20.746685,1219.750000
2010-06-04,1064.880000,3960.036418,21.064826,1203.500000
2010-06-07,1050.470000,3906.768739,21.118056,1212.400000
2010-06-08,1062.000000,3949.964982,21.103818,1248.000000
2010-06-09,1055.690000,3926.814675,21.072715,1235.000000
2010-06-10,1086.840000,4042.999300,20.856235,1220.000000
2010-06-11,1091.600000,4061.032694,21.009156,1220.500000
2010-06-14,1089.630000,4054.031637,20.944627,1229.500000
2010-06-15,1115.230000,4149.605207,20.880331,1223.000000
2010-06-16,1114.610000,4147.633279,20.966603,1235.500000
2010-06-17,1116.040000,4153.289368,21.069963,1234.500000
2010-06-18,1117.510000,4159.095200,21.022079,1244.000000
2010-06-21,1113.200000,4143.390215,20.991147,1259.500000
2010-06-22,1095.310000,4077.137172,21.128206,1235.250000
2010-06-23,1092.040000,4065.294207,21.215385,1243.000000
2010-06-24,1073.690000,3997.311580,21.201048,1233.250000
2010-06-25,1076.760000,4009.063792,21.237611,1242.500000
2010-06-28,1074.570000,4001.233494,21.359171,1256.000000
2010-06-29,1041.240000,3877.450024,21.498455,1236.000000
2010-06-30,1030.710000,3838.550625,21.500989,1240.500000
2010-07-01,1027.370000,3826.424228,21.520723,1240.000000
2010-07-02,1022.580000,3808.895326,21.454385,1210.500000
2010-07-06,1028.060000,3829.617127,21.542757,1210.750000
2010-07-07,1060.270000,3949.913952,21.459107,1186.000000
2010-07-08,1070.250000,3987.414724,21.392993,1201.250000
2010-07-09,1077.960000,4016.464240,21.344230,1196.250000
2010-07-12,1078.750000,4019.734615,21.329755,1203.750000
2010-07-13,1095.340000,4081.880867,21.212916,1206.500000
2010-07-14,1095.170000,4081.579517,21.351330,1212.250000
2010-07-15,1096.480000,4086.793889,21.473499,1211.750000
2010-07-16,1064.880000,3969.347122,21.544770,1204.750000
2010-07-19,1071.250000,3993.414350,21.495593,1190.250000
2010-07-20,1083.480000,4039.330412,21.515340,1181.500000
2010-07-21,1069.590000,3987.875699,21.655583,1191.250000
2010-07-22,1093.670000,4077.980458,21.554128,1187.000000
2010-07-23,1102.660000,4111.833431,21.453200,1198.750000
2010-07-26,1115.010000,4158.221348,21.438608,1189.000000
2010-07-27,1113.840000,4154.196433,21.355432,1184.000000
2010-07-28,1106.130000,4125.779142,21.443464,1164.000000
2010-07-29,1101.530000,4108.957240,21.446042,1166.000000
2010-07-30,1101.600000,4109.552728,21.603032,1168.000000
2010-08-02,1125.860000,4200.389076,21.519140,1178.000000
2010-08-03,1120.460000,4180.583655,21.607770,1184.000000
2010-08-04,1127.240000,4206.220164,21.541146,1194.500000
2010-08-05,1125.810000,4201.225735,21.612625,1195.500000
2010-08-06,1121.640000,4186.005509,21.753467,1194.500000
2010-08-09,1127.790000,4209.297434,21.755936,1206.000000
2010-08-10,1121.060000,4184.520544,21.880239,1196.750000
2010-08-11,1089.470000,4066.946003,22.005190,1198.000000
2010-08-12,1083.610000,4045.401078,21.972357,1200.000000
2010-08-13,1079.250000,4029.452513,22.080214,1215.000000
2010-08-16,1079.380000,4030.265044,22.259203,1222.000000
2010-08-17,1092.540000,4079.730011,22.154638,1226.250000
2010-08-18,1094.160000,4086.110615,22.156959,1223.000000
2010-08-19,1075.630000,4017.242604,22.265634,1228.000000
2010-08-20,1071.690000,4002.853741,22.196663,1230.500000
2010-08-23,1067.360000,3987.005828,22.234486,1227.000000
2010-08-24,1051.870000,3929.468358,22.414656,1218.000000
2010-08-25,1055.330000,3942.712921,22.345152,1237.500000
2010-08-26,1047.220000,3912.734084,22.418909,1240.250000
2010-08-27,1064.590000,3977.951405,22.134171,1234.500000
2010-08-31,1049.330000,3921.253811,22.476403,1233.500000
2010-09-01,1080.290000,4037.258545,22.280813,1250.000000
2010-09-02,1090.100000,4074.239575,22.193971,1247.750000
2010-09-03,1104.510000,4128.418861,22.036491,1252.000000
2010-09-07,1091.840000,4081.387464,22.232791,1247.250000
2010-09-08,1098.870000,4107.988778,22.146162,1258.000000
2010-09-09,1104.180000,4128.164252,21.953614,1253.500000
2010-09-10,1109.550000,4148.567203,21.885775,1248.750000
2010-09-13,1121.900000,4195.071312,22.010776,1243.000000
2010-09-14,1121.100000,4192.411491,22.118821,1253.250000
2010-09-15,1125.070000,4207.588884,22.015003,1270.400000
2010-09-16,1124.660000,4206.388120,21.964561,1271.250000
2010-09-17,1125.590000,4210.198930,22.002118,1281.500000
2010-09-20,1142.710000,4274.567997,22.057324,1280.250000
2010-09-21,1139.780000,4263.945529,22.253810,1278.750000
2010-09-22,1134.280000,4243.706918,22.345130,1291.750000
2010-09-23,1124.830000,4208.686851,22.347400,1291.500000
2010-09-24,1148.670000,4298.219740,22.242402,1298.000000
2010-09-27,1142.160000,4274.199642,22.387066,1298.250000
2010-09-28,1147.700000,4295.269309,22.496781,1289.000000
2010-09-29,1144.730000,4284.493582,22.427005,1307.500000
2010-09-30,1141.200000,4271.620155,22.411306,1311.000000
2010-10-01,1146.240000,4290.810555,22.395627,1313.000000
2010-10-04,1137.030000,4256.660698,22.469550,1316.000000
2010-10-05,1160.750000,4345.784521,22.471779,1325.750000
2010-10-06,1159.970000,4343.195091,22.635806,1347.000000
2010-10-07,1158.060000,4336.374261,22.637970,1359.500000
2010-10-08,1165.150000,4363.253010,22.640135,1330.500000
2010-10-12,1169.770000,4380.886161,22.587964,1343.500000
2010-10-13,1178.100000,4412.416225,22.554011,1358.500000
2010-10-14,1173.810000,4396.684523,22.447953,1380.750000
2010-10-15,1176.190000,4405.933898,22.324489,1377.250000
2010-10-18,1184.710000,4438.184710,22.451801,1359.750000
2010-10-19,1165.900000,4368.056187,22.489969,1367.750000
2010-10-20,1178.170000,4414.358409,22.474208,1340.500000
2010-10-21,1180.260000,4422.525273,22.368570,1345.250000
2010-10-22,1183.080000,4433.428721,22.335062,1319.000000
2010-10-25,1185.620000,4443.284539,22.337357,1345.000000
2010-10-26,1185.640000,4443.697762,22.196694,1334.000000
2010-10-27,1182.450000,4432.080161,22.056987,1332.250000
2010-10-28,1183.780000,4437.402708,22.165268,1326.500000
2010-10-29,1183.260000,4435.791309,22.274027,1336.750000
2010-11-01,1184.380000,4440.321819,22.222894,1361.500000
2010-11-02,1193.570000,4475.107964,22.278575,1358.000000
2010-11-03,1197.960000,4491.902405,22.209608,1358.500000
2010-11-04,1221.060000,4578.854839,22.460709,1361.000000
2010-11-05,1225.850000,4597.159438,22.373121,1384.250000
2010-11-08,1223.250000,4587.752907,22.339615,1390.000000
2010-11-09,1213.400000,4551.154090,22.127459,1416.250000
2010-11-10,1218.710000,4571.411044,22.253762,1402.000000
2010-11-12,1199.210000,4498.608080,22.060269,1387.000000
2010-11-15,1197.750000,4493.467734,21.780313,1367.000000
2010-11-16,1178.340000,4420.985541,21.904807,1363.250000
2010-11-17,1178.590000,4422.254269,21.837189,1336.500000
2010-11-18,1196.690000,4490.499158,21.822223,1356.750000
2010-11-19,1199.730000,4502.242514,21.859650,1357.500000
2010-11-22,1197.840000,4495.486725,22.002050,1357.500000
2010-11-23,1180.730000,4431.609325,22.057300,1361.000000
2010-11-24,1198.350000,4498.073658,21.777391,1376.250000
2010-11-26,1189.400000,4464.815859,21.884454,1366.500000
2010-11-29,1187.760000,4458.993602,21.939470,1360.000000
2010-11-30,1180.550000,4432.259999,21.994597,1375.000000
2010-12-01,1206.070000,4528.394362,21.715519,1391.500000
2010-12-02,1221.530000,4586.770546,21.648588,1390.000000
2010-12-03,1224.710000,4599.044485,21.616536,1391.750000
2010-12-06,1223.120000,4593.407825,21.757481,1411.500000
2010-12-07,1223.750000,4596.107496,21.411909,1426.000000
2010-12-08,1228.280000,4613.454986,21.226160,1395.000000
2010-12-09,1233.000000,4631.518614,21.279849,1382.000000
2010-12-10,1240.400000,4659.651723,21.129362,1390.000000
2010-12-13,1240.460000,4660.215646,21.182856,1388.250000
2010-12-14,1241.590000,4664.799450,20.846696,1405.000000
2010-12-15,1235.230000,4641.243085,20.782873,1388.250000
2010-12-16,1242.870000,4670.286750,20.885542,1384.000000
2010-12-17,1243.910000,4674.534020,21.122336,1374.750000
2010-12-20,1247.080000,4686.786287,21.074434,1381.000000
2010-12-21,1254.600000,4715.388512,21.094103,1386.000000
2010-12-22,1258.840000,4731.667044,21.080032,1389.000000
2010-12-23,1256.770000,4724.230188,20.998523,1384.000000
2010-12-29,1259.780000,4735.888074,21.105134,1403.500000
2010-12-30,1257.880000,4729.089475,21.057287,1411.500000
2010-12-31,1257.640000,4728.530751,21.194878,1410.250000
2011-01-04,1270.200000,4776.090338,21.098731,1405.500000
2011-01-05,1276.560000,4800.343950,20.865239,1382.750000
2011-01-06,1273.850000,4790.494378,20.968290,1376.000000
2011-01-07,1271.500000,4781.997211,21.138898,1358.000000
2011-01-10,1269.750000,4775.755357,21.175522,1368.250000
2011-01-11,1274.480000,4793.885024,21.093610,1381.000000
2011-01-12,1285.960000,4837.406983,21.045806,1383.500000
2011-01-13,1283.760000,4829.474900,21.149666,1380.750000
2011-01-14,1293.240000,4865.481549,21.135549,1369.250000
2011-01-18,1295.020000,4872.524010,21.070725,1368.750000
2011-01-19,1281.920000,4823.581317,21.107273,1373.750000
2011-01-20,1280.260000,4817.677798,20.941237,1364.500000
2011-01-21,1283.350000,4829.647885,20.994380,1344.000000
2011-01-24,1290.840000,4858.178225,21.014041,1347.500000
2011-01-25,1291.180000,4859.802993,21.151391,1326.000000
2011-01-26,1296.630000,4880.661222,20.984992,1335.500000
2011-01-27,1299.540000,4891.961539,21.038229,1337.500000
2011-01-28,1276.340000,4804.975490,21.142067,1316.000000
2011-01-31,1286.120000,4842.135154,21.043404,1333.500000
2011-02-01,1307.590000,4923.305304,20.945252,1337.500000
2011-02-02,1304.030000,4910.244317,20.881120,1337.000000
2011-02-03,1307.100000,4922.146338,20.783807,1332.500000
2011-02-04,1310.870000,4936.685982,20.620489,1347.500000
2011-02-07,1319.050000,4967.835515,20.623500,1347.000000
2011-02-08,1324.570000,4988.971201,20.511020,1354.000000
2011-02-09,1320.880000,4975.420487,20.678161,1362.500000
2011-02-10,1321.870000,4979.496234,20.598443,1358.750000
2011-02-11,1329.150000,5007.267011,20.700340,1359.000000
2011-02-14,1332.320000,5019.558143,20.736451,1356.750000
2011-02-15,1328.010000,5003.669822,20.756019,1372.250000
2011-02-16,1336.320000,5035.328837,20.742387,1374.500000
2011-02-17,1340.430000,5051.166389,20.811743,1377.000000
2011-02-18,1343.010000,5061.240594,20.798050,1385.500000
2011-02-22,1315.440000,4957.693490,21.017312,1394.500000
2011-02-23,1307.400000,4927.737384,20.969757,1401.250000
2011-02-24,1306.100000,4923.180883,21.022988,1414.500000
2011-02-25,1319.880000,4975.465899,21.093148,1405.000000
2011-02-28,1327.220000,5003.481691,21.096011,1409.750000
2011-03-01,1306.330000,4925.085176,21.115751,1414.500000
2011-03-02,1308.440000,4933.391264,21.034145,1430.500000
2011-03-03,1330.970000,5018.690843,20.835105,1430.500000
2011-03-04,1321.150000,4982.020255,20.988078,1418.000000
2011-03-07,1310.130000,4940.819227,20.957404,1437.000000
2011-03-08,1321.820000,4985.257215,20.876493,1435.000000
2011-03-09,1320.020000,4978.823816,21.013052,1431.500000
2011-03-10,1295.110000,4885.223660,21.200869,1424.250000
2011-03-11,1304.280000,4920.161576,21.152822,1409.750000
2011-03-14,1296.390000,4890.748650,21.223365,1424.500000
2011-03-15,1281.870000,4836.319219,21.277130,1407.000000
2011-03-16,1256.880000,4742.380089,21.467181,1398.500000
2011-03-17,1273.720000,4806.257720,21.418403,1403.500000
2011-03-18,1279.210000,4827.316259,21.369761,1415.500000
2011-03-21,1298.380000,4900.001573,21.269967,1427.750000
2011-03-22,1293.770000,4882.952975,21.272786,1425.500000
2011-03-23,1297.540000,4897.529755,21.241570,1433.000000
2011-03-24,1309.660000,4943.625435,21.142442,1441.250000
2011-03-25,1313.800000,4959.605209,21.077656,1434.000000
2011-03-28,1310.190000,4946.330921,21.063688,1420.000000
2011-03-29,1319.440000,4981.604783,21.016035,1414.000000
2011-03-30,1328.260000,5015.260147,21.069393,1419.000000
2011-03-31,1325.830000,5006.442381,21.072294,1431.000000
2011-04-01,1332.410000,5031.643113,21.092053,1434.500000
2011-04-04,1332.870000,5033.736129,21.111823,1432.500000
2011-04-05,1332.630000,5033.185786,21.030266,1434.500000
2011-04-06,1335.540000,5044.532517,20.932241,1457.000000
2011-04-07,1333.510000,5037.221714,20.901707,1456.500000
2011-04-08,1328.170000,5017.406605,20.887955,1470.500000
2011-04-11,1324.460000,5003.746287,20.890931,1469.500000
2011-04-12,1314.160000,4965.187304,21.010896,1461.250000
2011-04-13,1314.410000,4966.483056,21.064257,1458.000000
2011-04-14,1314.520000,4967.249977,21.033471,1457.500000
2011-04-15,1319.680000,4987.099698,21.171015,1472.500000
2011-04-18,1305.140000,4932.505465,21.224707,1484.500000
2011-04-19,1312.620000,4961.123455,21.244551,1495.000000
2011-04-20,1330.360000,5028.523723,21.179426,1505.000000
2011-04-21,1337.380000,5055.413747,21.199252,1507.000000
2011-04-26,1347.240000,5093.042990,21.340879,1505.000000
2011-04-27,1355.660000,5125.233803,21.258344,1508.000000
2011-04-28,1360.480000,5143.818902,21.346237,1531.000000
2011-05-03,1356.620000,5129.591294,21.457323,1546.500000
2011-05-04,1347.320000,5094.792141,21.511613,1536.000000
2011-05-05,1335.100000,5048.946218,21.634852,1514.500000
2011-05-06,1340.200000,5068.592730,21.620275,1487.750000
2011-05-09,1346.290000,5091.986158,21.657604,1505.000000
2011-05-10,1357.160000,5133.461975,21.556372,1517.250000
2011-05-11,1342.080000,5076.787698,21.628115,1524.500000
2011-05-12,1348.650000,5102.002366,21.578946,1488.250000
2011-05-13,1337.770000,5061.206475,21.650755,1511.000000
2011-05-16,1329.470000,5030.165674,21.705449,1495.000000
2011-05-17,1328.980000,5028.670225,21.760256,1495.500000
2011-05-18,1340.680000,5073.299753,21.658501,1491.250000
2011-05-19,1343.600000,5084.710978,21.678560,1488.750000
2011-05-20,1333.270000,5045.980590,21.715973,1502.750000
2011-05-23,1317.370000,4986.164049,21.753433,1508.500000
2011-05-24,1316.280000,4982.393839,21.773538,1520.750000
2011-05-25,1320.470000,4998.608964,21.758815,1527.000000
2011-05-26,1325.690000,5018.725414,21.865960,1521.500000
2011-05-27,1331.100000,5039.563992,21.868624,1525.000000
2011-05-31,1345.200000,5093.305976,21.906278,1537.000000
2011-06-01,1314.550000,4977.638604,22.066654,1532.250000
2011-06-02,1312.940000,4971.915702,21.928019,1540.750000
2011-06-03,1300.160000,4923.892723,22.018377,1531.000000
2011-06-06,1286.170000,4871.280030,21.985760,1542.750000
2011-06-07,1284.940000,4866.986990,21.988386,1548.400000
2011-06-08,1279.560000,4846.974258,22.043784,1535.500000
2011-06-09,1289.000000,4883.096661,21.993486,1534.000000
2011-06-10,1270.980000,4815.198189,22.031303,1541.000000
2011-06-13,1271.830000,4818.779767,22.016292,1524.700000
2011-06-14,1287.870000,4879.914565,21.825169,1519.000000
2011-06-15,1265.420000,4795.214609,22.054845,1517.750000
2011-06-16,1267.640000,4803.986926,22.145672,1525.000000
2011-06-17,1271.500000,4818.975653,22.130530,1526.250000
2011-06-20,1278.360000,4845.336578,22.079999,1537.000000
2011-06-21,1295.520000,4910.741258,22.047273,1543.000000
2011-06-22,1287.140000,4879.344858,22.014614,1546.000000
2011-06-23,1283.500000,4865.912297,22.158137,1541.500000
2011-06-24,1268.450000,4809.220923,22.249346,1521.000000
2011-06-27,1280.100000,4853.751756,22.127292,1501.000000
2011-06-28,1296.670000,4916.944365,21.952864,1502.500000
2011-06-29,1307.410000,4958.039136,21.797460,1506.000000
2011-06-30,1320.640000,5008.582750,21.730424,1508.000000
2011-07-01,1339.670000,5081.124079,21.663629,1492.750000
2011-07-05,1337.880000,5074.709536,21.770383,1498.750000
2011-07-06,1339.220000,5080.166416,21.842778,1515.800000
2011-07-07,1353.220000,5133.648225,21.758111,1526.250000
2011-07-08,1343.800000,5098.290479,22.004539,1526.000000
2011-07-11,1319.490000,5006.435775,22.165618,1543.500000
2011-07-12,1313.640000,4984.608681,22.203669,1544.500000
2011-07-13,1317.720000,5000.457732,22.206241,1571.500000
2011-07-14,1308.870000,4967.242582,22.102225,1592.500000
2011-07-15,1316.140000,4995.198886,22.175565,1578.500000
2011-07-18,1305.440000,4954.957014,22.178152,1598.250000
2011-07-19,1326.730000,5036.131110,22.233967,1602.000000
2011-07-20,1325.840000,5033.124045,22.147599,1584.250000
2011-07-21,1343.800000,5101.674456,22.026174,1600.500000
2011-07-22,1345.020000,5106.682246,22.099306,1588.000000
2011-07-25,1337.430000,5078.241526,22.031210,1618.500000
2011-07-26,1331.940000,5057.770303,22.104359,1610.000000
2011-07-27,1304.890000,4955.426328,22.071615,1621.000000
2011-07-28,1300.670000,4939.765868,22.127223,1617.500000
2011-07-29,1292.280000,4908.265981,22.413068,1613.750000
2011-08-01,1286.940000,4888.393052,22.505229,1613.500000
2011-08-02,1254.050000,4763.869132,22.705749,1624.000000
2011-08-03,1260.340000,4788.160629,22.744474,1667.500000
2011-08-04,1200.070000,4559.587881,23.056182,1664.250000
2011-08-05,1199.380000,4557.346366,22.855548,1665.000000
2011-08-08,1119.460000,4254.050107,23.187007,1709.750000
2011-08-09,1172.530000,4456.075573,23.560208,1770.000000
2011-08-10,1120.760000,4259.700659,23.618809,1753.750000
2011-08-11,1172.640000,4457.237374,23.299627,1786.000000
2011-08-12,1178.810000,4481.061279,23.488188,1755.000000
2011-08-15,1204.490000,4579.053319,23.396323,1738.000000
2011-08-16,1192.760000,4534.841645,23.510751,1779.000000
2011-08-17,1193.890000,4539.515907,23.625683,1792.000000
2011-08-18,1140.650000,4337.460414,23.797823,1794.500000
2011-08-19,1123.530000,4272.721109,23.818825,1862.000000
2011-08-22,1123.820000,4274.180144,23.763617,1877.750000
2011-08-23,1162.350000,4421.076072,23.670542,1886.500000
2011-08-24,1177.600000,4479.449017,23.407452,1850.000000
2011-08-25,1159.270000,4410.097312,23.521935,1716.500000
2011-08-26,1176.800000,4477.152608,23.599286,1787.000000
2011-08-30,1212.920000,4614.944893,23.602249,1791.000000
2011-08-31,1218.890000,4638.044391,23.528773,1826.000000
2011-09-01,1204.420000,4583.378838,23.681439,1815.500000
2011-09-02,1173.970000,4467.892548,23.929746,1854.000000
2011-09-06,1165.240000,4435.048240,24.008240,1891.000000
2011-09-07,1198.620000,4562.474179,23.875680,1844.000000
2011-09-08,1185.900000,4514.444630,23.973125,1827.000000
2011-09-09,1154.230000,4394.268598,24.109277,1879.500000
2011-09-12,1162.270000,4425.251719,24.091836,1843.000000
2011-09-13,1172.870000,4465.987063,23.978050,1806.000000
2011-09-14,1188.680000,4526.567619,23.922406,1829.000000
2011-09-15,1209.110000,4604.751635,23.809505,1806.000000
2011-09-16,1216.010000,4631.421421,23.830527,1778.000000
2011-09-19,1204.090000,4586.415902,24.042203,1817.000000
2011-09-20,1202.090000,4579.188236,24.082550,1792.000000
2011-09-21,1166.760000,4444.993485,24.219276,1810.250000
2011-09-22,1129.560000,4303.651388,24.531089,1765.500000
2011-09-23,1136.430000,4330.192583,24.297265,1730.000000
2011-09-26,1162.950000,4431.611570,24.162975,1615.000000
2011-09-27,1175.380000,4479.355341,23.990833,1671.000000
2011-09-28,1151.060000,4387.053473,23.935159,1655.000000
2011-09-29,1160.400000,4423.024591,24.013679,1620.000000
2011-09-30,1131.420000,4312.939813,24.150052,1629.000000
2011-10-03,1099.230000,4190.595364,24.383733,1660.000000
2011-10-04,1123.950000,4285.188031,24.365968,1672.000000
2011-10-05,1144.030000,4362.105880,24.153297,1600.000000
2011-10-06,1164.970000,4442.315649,23.981234,1649.500000
2011-10-07,1155.460000,4406.425463,23.810482,1651.000000
2011-10-11,1195.540000,4559.644026,23.660079,1662.000000
2011-10-12,1207.250000,4604.688184,23.548557,1687.000000
2011-10-13,1203.660000,4591.382653,23.644845,1673.000000
2011-10-14,1224.580000,4671.568682,23.514488,1676.000000
2011-10-17,1200.860000,4581.473894,23.667090,1689.000000
2011-10-18,1225.380000,4675.407114,23.650204,1658.000000
2011-10-19,1209.880000,4616.660631,23.671179,1651.000000
2011-10-20,1215.390000,4638.074131,23.635353,1629.000000
2011-10-21,1238.250000,4725.700877,23.580691,1623.000000
2011-10-24,1254.190000,4786.932469,23.545049,1651.000000
2011-10-25,1229.050000,4691.382085,23.754348,1656.250000
2011-10-26,1242.000000,4741.207998,23.585334,1713.000000
2011-10-27,1284.590000,4904.189887,23.228924,1708.000000
2011-10-28,1285.090000,4906.511374,23.379819,1735.000000
2011-10-31,1253.300000,4785.549049,23.699956,1718.000000
2011-11-01,1218.280000,4652.232923,24.005356,1702.000000
2011-11-02,1237.900000,4727.547187,23.968862,1731.000000
2011-11-03,1261.150000,4816.736986,23.855743,1732.500000
2011-11-04,1253.230000,4786.893386,23.914975,1756.000000
2011-11-07,1261.120000,4817.433295,23.955194,1764.000000
2011-11-08,1275.920000,4874.374248,23.842148,1794.000000
2011-11-09,1229.100000,4695.918918,24.034872,1780.000000
2011-11-10,1239.700000,4736.812700,23.959868,1766.000000
2011-11-14,1251.780000,4783.368288,23.961808,1780.500000
2011-11-15,1257.810000,4806.813059,23.925409,1765.000000
2011-11-16,1236.910000,4727.346767,24.023066,1773.000000
2011-11-17,1216.130000,4648.325577,24.121074,1756.000000
2011-11-18,1215.650000,4646.882156,24.026466,1730.000000
2011-11-21,1192.980000,4560.616089,24.105267,1704.000000
2011-11-22,1188.040000,4542.114942,24.165004,1697.500000
2011-11-23,1161.790000,4442.138241,24.263525,1686.000000
2011-11-25,1158.670000,4430.582723,24.110058,1676.000000
2011-11-28,1192.550000,4560.507754,24.111943,1714.000000
2011-11-29,1195.190000,4570.987406,24.055959,1717.000000
2011-11-30,1246.960000,4769.365785,23.903910,1704.000000
2011-12-01,1244.580000,4760.665096,23.848514,1750.000000
2011-12-02,1244.280000,4759.919149,23.964983,1751.000000
2011-12-05,1257.080000,4809.286314,23.986105,1744.000000
2011-12-06,1258.470000,4815.009810,23.911291,1720.000000
2011-12-07,1261.010000,4825.134232,24.028039,1731.000000
2011-12-08,1234.350000,4723.529317,24.087632,1739.000000
2011-12-09,1255.190000,4803.676913,23.935374,1712.000000
2011-12-12,1236.470000,4732.439724,24.013933,1680.000000
2011-12-13,1225.730000,4691.732878,24.150345,1665.000000
2011-12-14,1211.820000,4638.885274,24.229505,1635.000000
2011-12-15,1215.750000,4654.320754,24.231351,1590.000000
2011-12-16,1219.660000,4669.682234,24.349508,1589.500000
2011-12-19,1205.350000,4615.287803,24.429223,1593.000000
2011-12-20,1241.300000,4753.329757,24.196467,1605.000000
2011-12-21,1243.720000,4762.997672,24.120901,1637.500000
2011-12-22,1254.000000,4802.768138,24.142093,1609.000000
2011-12-23,1265.330000,4846.566710,24.028098,1607.500000
2011-12-28,1249.640000,4786.878470,24.224339,1584.000000
2011-12-29,1263.020000,4838.535778,24.264953,1537.500000
2011-12-30,1257.600000,4818.180318,24.305616,1574.500000
2012-01-03,1277.060000,4893.129502,24.151883,1590.000000
2012-01-04,1277.300000,4894.448245,24.095807,1603.000000
2012-01-05,1281.060000,4909.255354,24.059166,1614.500000
2012-01-06,1277.810000,4897.201246,24.138084,1621.000000
2012-01-09,1280.700000,4908.676659,24.139980,1618.000000
2012-01-10,1292.080000,4952.694446,24.103253,1627.000000
2012-01-11,1292.480000,4954.631721,24.240144,1641.000000
2012-01-12,1295.500000,4966.612865,24.222608,1652.500000
2012-01-13,1289.090000,4942.443742,24.321364,1642.000000
2012-01-17,1293.670000,4960.406912,24.362102,1662.000000
2012-01-18,1308.040000,5015.911437,24.266461,1657.000000
2012-01-19,1314.500000,5041.092638,24.093592,1664.000000
2012-01-20,1315.380000,5044.878667,24.018414,1646.000000
2012-01-23,1316.000000,5047.668102,23.943509,1675.000000
2012-01-24,1314.650000,5042.901798,23.964649,1669.000000
2012-01-25,1326.060000,5087.081115,24.100830,1659.000000
2012-01-26,1318.430000,5058.225614,24.199155,1713.000000
2012-01-27,1316.330000,5050.581491,24.259115,1722.000000
2012-01-30,1313.010000,5038.255110,24.377417,1720.500000
2012-01-31,1312.410000,5036.363809,24.457234,1738.000000
2012-02-01,1324.090000,5081.585340,24.380747,1744.000000
2012-02-02,1325.540000,5087.553346,24.402060,1747.500000
2012-02-03,1344.900000,5162.262614,24.189123,1759.500000
2012-02-06,1344.330000,5160.484333,24.268420,1717.000000
2012-02-07,1347.050000,5171.335071,24.134375,1720.000000
2012-02-08,1349.960000,5182.916908,24.116983,1743.000000
2012-02-09,1351.950000,5190.968382,24.061026,1733.000000
2012-02-10,1342.640000,5155.633443,24.216964,1715.500000
2012-02-13,1351.770000,5191.101014,24.160727,1727.000000
2012-02-14,1350.500000,5186.635822,24.297935,1721.000000
2012-02-15,1343.230000,5159.126708,24.280348,1725.500000
2012-02-16,1358.040000,5216.418852,24.165662,1716.000000
2012-02-17,1361.230000,5229.085984,24.128905,1732.000000
2012-02-21,1362.210000,5233.265505,24.053617,1737.000000
2012-02-22,1357.660000,5216.200798,24.132546,1754.750000
2012-02-23,1363.460000,5238.898587,24.173082,1776.500000
2012-02-24,1365.740000,5248.074844,24.194330,1778.500000
2012-02-27,1367.590000,5255.600180,24.312364,1765.000000
2012-02-28,1372.180000,5273.656400,24.275316,1774.750000
2012-02-29,1365.680000,5249.093598,24.199504,1788.000000
2012-03-01,1374.090000,5281.828139,24.104607,1721.000000
2012-03-02,1369.630000,5265.097096,24.183684,1714.500000
2012-03-05,1364.330000,5245.134296,24.166247,1698.000000
2012-03-06,1343.360000,5164.925395,24.245497,1685.500000
2012-03-07,1352.630000,5200.970017,24.208590,1682.500000
2012-03-08,1365.910000,5252.438990,24.113657,1701.500000
2012-03-09,1370.870000,5271.922398,24.096309,1699.500000
2012-03-12,1371.090000,5273.180305,24.098260,1705.250000
2012-03-13,1395.950000,5369.203245,23.907424,1694.750000
2012-03-14,1394.280000,5363.199430,23.622565,1662.000000
2012-03-15,1402.600000,5395.621905,23.624712,1646.750000
2012-03-16,1404.170000,5402.083016,23.589059,1649.000000
2012-03-19,1409.750000,5423.972261,23.440252,1654.000000
2012-03-20,1405.520000,5408.121197,23.461227,1648.500000
2012-03-21,1402.890000,5398.424054,23.594826,1656.000000
2012-03-22,1392.780000,5359.941771,23.634740,1636.000000
2012-03-23,1397.110000,5377.023976,23.712519,1651.000000
2012-03-26,1416.510000,5452.108364,23.695666,1658.000000
2012-03-27,1412.520000,5437.176899,23.811531,1694.000000
2012-03-28,1405.540000,5410.733733,23.794560,1677.000000
2012-03-29,1403.280000,5402.456394,23.853754,1655.750000
2012-03-30,1408.470000,5422.859316,23.760402,1660.750000
2012-04-02,1419.040000,5463.985218,23.781513,1664.000000
2012-04-03,1413.380000,5442.624287,23.631407,1674.750000
2012-04-04,1398.960000,5387.527042,23.728089,1631.750000
2012-04-05,1398.080000,5384.564808,23.844103,1622.500000
2012-04-10,1358.590000,5232.899531,24.194671,1643.750000
2012-04-11,1368.710000,5272.293354,24.119178,1654.000000
2012-04-12,1387.570000,5345.359985,24.063254,1655.500000
2012-04-13,1370.260000,5279.099761,24.180744,1670.500000
2012-04-16,1369.570000,5276.859590,24.221371,1648.250000
2012-04-17,1390.780000,5358.998234,24.165162,1652.000000
2012-04-18,1385.140000,5337.690474,24.225105,1646.500000
2012-04-19,1376.920000,5306.437169,24.265788,1642.000000
2012-04-20,1378.530000,5313.062167,24.248282,1640.000000
2012-04-23,1366.940000,5268.813393,24.308393,1632.000000
2012-04-24,1371.970000,5288.618645,24.232496,1638.750000
2012-04-25,1390.690000,5361.198696,24.215034,1641.250000
2012-04-26,1399.980000,5397.436883,24.275081,1648.250000
2012-04-27,1403.360000,5410.895538,24.315829,1654.000000
2012-04-30,1397.910000,5390.310707,24.337172,1662.500000
2012-05-01,1405.820000,5421.257977,24.280646,1661.250000
2012-05-02,1402.310000,5408.171423,24.321403,1652.500000
2012-05-03,1391.570000,5367.199326,24.323295,1642.500000
2012-05-04,1369.100000,5280.978495,24.422480,1629.500000
2012-05-08,1363.720000,5260.663846,24.484748,1627.000000
2012-05-09,1354.580000,5225.841275,24.506162,1585.500000
2012-05-10,1357.990000,5239.429590,24.468771,1590.000000
2012-05-11,1353.390000,5222.115744,24.568481,1580.750000
2012-05-14,1338.350000,5164.515782,24.688204,1563.000000
2012-05-15,1330.660000,5135.268867,24.729449,1559.000000
2012-05-16,1324.800000,5113.079374,24.731176,1537.500000
2012-05-17,1304.860000,5036.544255,24.851613,1547.000000
2012-05-18,1295.220000,4999.752625,24.833408,1588.000000
2012-05-21,1315.990000,5080.342218,24.755626,1590.250000
2012-05-22,1316.630000,5083.233726,24.678127,1575.750000
2012-05-23,1318.860000,5092.264337,24.798335,1555.000000
2012-05-24,1320.680000,5099.713353,24.720683,1558.500000
2012-05-25,1317.820000,5089.092074,24.761972,1560.500000
2012-05-29,1332.420000,5145.895163,24.783502,1573.750000
2012-05-30,1313.320000,5072.555922,25.003308,1548.750000
2012-05-31,1310.330000,5061.427533,25.084935,1567.500000
2012-06-01,1278.040000,4937.130342,25.327334,1552.500000
2012-06-06,1315.130000,5080.830034,24.948750,1633.250000
2012-06-07,1314.990000,5080.720592,24.950394,1620.750000
2012-06-08,1325.660000,5122.377640,24.971998,1576.000000
2012-06-11,1308.930000,5058.167532,25.073521,1593.000000
2012-06-12,1324.180000,5117.528420,24.934701,1589.250000
2012-06-13,1314.880000,5082.021467,25.056040,1612.750000
2012-06-14,1329.100000,5137.413409,24.997506,1619.000000
2012-06-15,1342.840000,5190.959312,25.079125,1622.250000
2012-06-18,1344.780000,5198.899468,25.100781,1623.500000
2012-06-19,1357.980000,5250.371927,25.001961,1628.500000
2012-06-20,1355.690000,5241.963902,24.983587,1618.750000
2012-06-21,1325.510000,5125.713848,25.025196,1600.000000
2012-06-22,1335.020000,5162.924020,24.906694,1570.500000
2012-06-25,1313.720000,5080.988911,25.027917,1569.000000
2012-06-26,1319.990000,5105.670423,24.969468,1583.250000
2012-06-27,1331.850000,5151.977985,24.991089,1567.500000
2012-06-28,1329.040000,5141.545570,25.092689,1567.750000
2012-06-29,1362.160000,5270.110721,24.953764,1569.500000
2012-07-02,1365.510000,5283.513725,25.075195,1596.250000
2012-07-03,1374.020000,5316.884322,24.996557,1608.500000
2012-07-05,1367.580000,5292.410198,25.058185,1616.750000
2012-07-06,1354.680000,5242.932308,25.160029,1591.750000
2012-07-09,1352.460000,5234.780169,25.242108,1581.000000
2012-07-10,1341.470000,5192.681797,25.243641,1594.500000
2012-07-11,1341.450000,5193.039951,25.224979,1576.500000
2012-07-12,1334.760000,5167.577131,25.307240,1565.500000
2012-07-13,1356.780000,5253.261915,25.268255,1579.000000
2012-07-16,1353.640000,5241.544928,25.310208,1584.000000
2012-07-17,1363.670000,5280.822617,25.250970,1595.000000
2012-07-18,1372.780000,5316.544128,25.272704,1579.500000
2012-07-19,1376.510000,5331.435747,25.233792,1580.000000
2012-07-20,1362.660000,5278.239769,25.336269,1583.000000
2012-07-23,1350.520000,5231.658439,25.378306,1571.500000
2012-07-24,1338.310000,5184.798055,25.440694,1573.000000
2012-07-25,1337.890000,5183.605827,25.462500,1587.500000
2012-07-26,1360.020000,5269.782513,25.423205,1603.000000
2012-07-27,1385.970000,5370.775173,25.160267,1618.750000
2012-07-30,1385.300000,5368.629365,25.262485,1616.500000
2012-07-31,1379.320000,5345.904641,25.304439,1622.750000
2012-08-01,1375.320000,5330.842496,25.204737,1614.750000
2012-08-02,1365.000000,5291.281037,25.307117,1604.500000
2012-08-03,1390.990000,5392.464944,25.126422,1595.000000
2012-08-06,1394.230000,5405.470194,25.148118,1606.750000
2012-08-07,1401.350000,5433.520423,25.008876,1613.000000
2012-08-08,1402.220000,5437.341811,24.970509,1607.000000
2012-08-09,1402.800000,5440.039268,24.952197,1612.750000
2012-08-10,1405.870000,5452.393319,25.033718,1608.500000
2012-08-13,1404.110000,5446.017154,25.035357,1622.250000
2012-08-14,1403.930000,5445.768127,24.876770,1614.500000
2012-08-15,1405.530000,5452.423546,24.739167,1594.750000
2012-08-16,1415.510000,5491.588266,24.681561,1603.500000
2012-08-17,1418.160000,5502.322045,24.722843,1616.500000
2012-08-20,1418.130000,5502.659418,24.704841,1615.250000
2012-08-21,1413.170000,5483.867313,24.746153,1624.000000
2012-08-22,1413.490000,5485.561335,24.926093,1640.500000
2012-08-23,1402.080000,5441.733073,24.987607,1662.500000
2012-08-24,1411.130000,5477.306577,24.989273,1666.500000
2012-08-28,1409.300000,5470.655132,25.072594,1663.500000
2012-08-29,1410.490000,5475.725661,25.034109,1664.250000
2012-08-30,1399.480000,5433.434829,25.095840,1657.000000
2012-08-31,1406.580000,5461.448432,25.217924,1657.750000
2012-09-04,1404.940000,5455.524947,25.179146,1691.500000
2012-09-05,1403.440000,5450.144095,25.160591,1689.500000
2012-09-06,1432.120000,5561.963886,25.001161,1708.500000
2012-09-07,1437.920000,5584.941965,25.022829,1696.000000
2012-09-10,1429.080000,5551.061361,25.004469,1732.750000
2012-09-11,1433.560000,5568.914867,24.966129,1731.000000
2012-09-12,1436.560000,5581.021918,24.828002,1742.750000
2012-09-13,1459.990000,5672.501254,24.869471,1730.500000
2012-09-14,1465.770000,5695.419748,24.612556,1772.500000
2012-09-17,1461.190000,5678.086942,24.673462,1767.250000
2012-09-18,1459.320000,5671.282153,24.734490,1756.750000
2012-09-19,1461.050000,5678.466718,24.795639,1774.500000
2012-09-20,1460.260000,5675.858268,24.777564,1760.000000
2012-09-21,1460.150000,5675.892436,24.838800,1773.750000
2012-09-24,1456.890000,5663.681897,24.900157,1758.500000
2012-09-25,1441.590000,5604.663650,24.981557,1766.750000
2012-09-26,1433.320000,5572.967191,25.103154,1763.750000
2012-09-27,1447.150000,5627.193699,25.064623,1755.250000
2012-09-28,1440.670000,5602.454204,25.086325,1781.000000
2012-10-01,1444.490000,5617.775443,25.108037,1770.500000
2012-10-02,1445.750000,5623.143076,25.109671,1778.500000
2012-10-03,1450.990000,5643.991494,25.111305,1777.250000
2012-10-04,1461.400000,5684.953354,24.992405,1786.500000
2012-10-05,1460.930000,5683.597967,24.894121,1790.000000
2012-10-09,1441.480000,5608.402577,24.915765,1770.750000
2012-10-10,1432.560000,5574.163887,24.957351,1763.000000
2012-10-11,1432.840000,5575.717112,24.998986,1767.250000
2012-10-12,1428.590000,5559.642630,25.020672,1767.000000
2012-10-15,1440.130000,5605.015362,25.002333,1747.250000
2012-10-16,1454.920000,5663.044642,24.904011,1737.500000
2012-10-17,1460.910000,5686.830889,24.746354,1747.750000
2012-10-18,1457.340000,5673.407184,24.688760,1748.000000
2012-10-19,1433.190000,5579.863510,24.828840,1732.750000
2012-10-22,1433.820000,5582.780505,24.751151,1725.000000
2012-10-23,1413.110000,5502.607645,24.832152,1717.000000
2012-10-24,1408.750000,5486.087715,24.814050,1708.500000
2012-10-25,1412.970000,5502.978042,24.696715,1715.000000
2012-10-26,1411.940000,5499.424395,24.856597,1704.000000
2012-10-31,1412.160000,5500.738795,24.979516,1718.000000
2012-11-01,1427.590000,5561.323245,24.921270,1723.250000
2012-11-02,1414.200000,5509.646915,24.923001,1708.250000
2012-11-05,1417.260000,5522.049785,24.984547,1679.000000
2012-11-06,1428.390000,5565.897802,24.866327,1691.750000
2012-11-07,1394.530000,5434.444324,25.067014,1730.500000
2012-11-08,1377.510000,5368.592566,25.189006,1715.000000
2012-11-09,1379.850000,5378.181240,25.210777,1732.750000
2012-11-13,1374.530000,5357.915499,25.252725,1724.750000
2012-11-14,1355.490000,5284.165633,25.254318,1724.500000
2012-11-15,1353.330000,5276.206790,25.276115,1723.500000
2012-11-16,1359.880000,5302.204057,25.277700,1710.000000
2012-11-19,1386.890000,5407.979835,25.218618,1723.250000
2012-11-20,1387.810000,5412.039638,25.119355,1734.000000
2012-11-21,1391.030000,5425.069413,25.060723,1726.750000
2012-11-23,1409.150000,5496.211982,25.042355,1734.750000
2012-11-26,1406.290000,5485.537014,25.124180,1747.250000
2012-11-27,1398.940000,5457.345924,25.166034,1747.250000
2012-11-28,1409.930000,5500.695256,25.187804,1741.000000
2012-11-29,1415.950000,5524.662153,25.209584,1724.500000
2012-11-30,1416.180000,5526.042138,25.211204,1728.250000
2012-12-03,1409.460000,5500.301996,25.192656,1718.000000
2012-12-04,1407.050000,5491.376734,25.214440,1706.750000
2012-12-05,1409.280000,5500.558673,25.256404,1703.000000
2012-12-06,1413.940000,5519.226700,25.278213,1693.000000
2012-12-07,1418.070000,5535.829113,25.178695,1697.000000
2012-12-10,1418.550000,5538.185589,25.200476,1708.500000
2012-12-11,1427.840000,5574.937708,25.141625,1709.750000
2012-12-12,1428.480000,5577.922632,25.022602,1712.500000
2012-12-13,1419.450000,5543.148659,24.984273,1694.750000
2012-12-14,1413.580000,5520.708798,25.025973,1696.500000
2012-12-17,1430.360000,5586.724102,24.907557,1690.000000
2012-12-18,1446.790000,5651.383772,24.789760,1699.500000
2012-12-19,1435.810000,5608.986945,24.831233,1674.500000
2012-12-20,1443.690000,5640.259180,24.852892,1667.000000
2012-12-21,1430.150000,5587.852397,24.934206,1648.250000
2012-12-24,1426.660000,5574.703541,24.896063,1662.500000
2012-12-27,1418.100000,5541.741215,24.999267,1655.250000
2012-12-28,1402.430000,5480.988173,25.020992,1658.750000
2012-12-31,1426.190000,5574.325077,24.922626,1664.000000
2013-01-02,1462.420000,5716.402819,24.764882,1681.500000
2013-01-03,1459.370000,5704.964015,24.647838,1684.500000
2013-01-04,1466.470000,5733.201578,24.629998,1632.250000
2013-01-07,1461.890000,5715.780608,24.651588,1653.750000
2013-01-08,1457.150000,5697.731070,24.712630,1653.750000
2013-01-09,1461.020000,5713.345156,24.734254,1663.500000
2013-01-10,1472.120000,5757.234885,24.676737,1663.000000
2013-01-11,1472.050000,5757.447813,24.718090,1669.500000
2013-01-14,1470.680000,5752.576206,24.719944,1667.750000
2013-01-15,1472.340000,5759.555602,24.781126,1681.000000
2013-01-16,1472.630000,5761.176919,24.822604,1679.750000
2013-01-17,1480.940000,5794.174061,24.725126,1683.250000
2013-01-18,1485.980000,5814.382859,24.766541,1690.000000
2013-01-22,1492.560000,5840.620780,24.788192,1692.500000
2013-01-23,1494.810000,5849.919118,24.790022,1692.250000
2013-01-24,1494.820000,5850.452775,24.752187,1677.000000
2013-01-25,1502.960000,5882.805818,24.556017,1670.250000
2013-01-28,1500.180000,5872.421793,24.518656,1656.750000
2013-01-29,1507.840000,5902.903120,24.461757,1660.500000
2013-01-30,1501.960000,5880.383054,24.463728,1666.250000
2013-01-31,1498.110000,5865.806865,24.485270,1674.500000
2013-02-01,1513.170000,5925.263679,24.448056,1665.000000
2013-02-04,1495.710000,5857.388676,24.528269,1664.250000
2013-02-05,1511.290000,5918.891030,24.451725,1678.000000
2013-02-06,1512.120000,5922.635931,24.531950,1670.000000
2013-02-07,1509.390000,5912.437692,24.553523,1675.750000
2013-02-08,1517.930000,5946.383469,24.555461,1669.750000
2013-02-11,1517.010000,5943.275977,24.557401,1663.500000
2013-02-12,1519.430000,5953.253232,24.500402,1641.750000
2013-02-13,1520.330000,5957.276624,24.443565,1648.000000
2013-02-14,1521.380000,5961.888408,24.543328,1644.000000
2013-02-15,1519.790000,5956.155454,24.525641,1629.250000
2013-02-19,1530.940000,6000.350386,24.488356,1613.500000
2013-02-20,1511.950000,5926.422226,24.509920,1602.000000
2013-02-21,1502.420000,5889.562161,24.570708,1568.500000
2013-02-22,1515.600000,5941.720224,24.611961,1580.000000
2013-02-25,1487.850000,5833.425974,24.791092,1592.500000
2013-02-26,1496.940000,5869.552325,24.792941,1597.250000
2013-02-27,1515.990000,5944.738146,24.735288,1608.500000
2013-02-28,1514.680000,5940.097574,24.776739,1591.000000
2013-03-01,1518.200000,5954.389961,24.838061,1570.000000
2013-03-04,1525.200000,5982.333234,24.800154,1578.000000
2013-03-05,1539.790000,6040.051512,24.762324,1584.250000
2013-03-06,1541.460000,6047.098599,24.665141,1574.000000
2013-03-07,1544.260000,6058.579757,24.568389,1580.500000
2013-03-08,1551.180000,6086.226714,24.452411,1577.000000
2013-03-11,1556.220000,6106.501774,24.434848,1577.500000
2013-03-12,1552.480000,6092.327996,24.515047,1582.500000
2013-03-13,1554.520000,6100.834040,24.497409,1591.500000
2013-03-14,1563.230000,6135.518371,24.499393,1585.000000
2013-03-15,1560.700000,6126.092490,24.560174,1593.250000
2013-03-18,1552.100000,6092.838927,24.660374,1599.500000
2013-03-19,1548.340000,6078.579481,24.741205,1602.500000
2013-03-20,1558.710000,6119.790173,24.663918,1611.500000
2013-03-21,1545.800000,6069.605891,24.685568,1608.750000
2013-03-22,1556.890000,6113.649632,24.726975,1611.500000
2013-03-25,1551.690000,6093.732407,24.728869,1602.250000
2013-03-26,1563.770000,6141.673158,24.750546,1597.250000
2013-03-27,1562.850000,6138.564496,24.851434,1591.000000
2013-03-28,1569.190000,6163.971119,24.853278,1602.500000
2013-04-02,1570.250000,6168.640993,24.837041,1597.750000
2013-04-03,1553.690000,6104.092389,24.938242,1568.500000
2013-04-04,1559.980000,6129.305508,25.039806,1545.250000
2013-04-05,1553.280000,6103.483807,25.161766,1552.750000
2013-04-08,1563.070000,6142.453891,25.082965,1577.250000
2013-04-09,1568.610000,6164.728931,25.044584,1572.500000
2013-04-10,1587.730000,6240.377775,24.926139,1581.500000
2013-04-11,1593.370000,6263.057439,24.967841,1555.750000
2013-04-12,1588.850000,6245.804880,25.109464,1548.000000
2013-04-15,1552.360000,6102.874657,25.171471,1416.000000
2013-04-16,1574.570000,6190.691048,25.112777,1378.000000
2013-04-17,1552.010000,6102.500811,25.154702,1379.000000
2013-04-18,1541.610000,6062.109045,25.176552,1397.000000
2013-04-19,1555.250000,6116.243637,25.158130,1414.000000
2013-04-22,1562.500000,6145.257448,25.179983,1425.000000
2013-04-23,1578.780000,6209.790642,25.141414,1417.250000
2013-04-24,1578.790000,6210.339801,25.163263,1424.500000
2013-04-25,1585.160000,6235.906750,25.144860,1446.500000
2013-04-26,1582.240000,6224.931648,25.227059,1462.250000
2013-04-29,1593.610000,6270.175168,25.228761,1472.500000
2013-04-30,1597.570000,6286.270861,25.230463,1472.750000
2013-05-01,1582.700000,6228.259193,25.312903,1469.500000
2013-05-02,1597.590000,6287.350102,25.314570,1456.000000
2013-05-03,1614.420000,6354.085245,25.073218,1476.500000
2013-05-07,1625.960000,6400.010365,24.996604,1463.000000
2013-05-08,1632.690000,6427.009882,25.018407,1454.000000
2013-05-09,1626.670000,6403.823852,25.020204,1469.500000
2013-05-10,1633.700000,6432.008918,24.841855,1449.250000
2013-05-13,1633.770000,6432.796337,24.803981,1429.750000
2013-05-14,1650.340000,6498.550844,24.726498,1436.500000
2013-05-15,1658.780000,6532.302186,24.767984,1412.250000
2013-05-16,1650.470000,6500.097078,24.908592,1377.000000
2013-05-17,1667.470000,6567.565946,24.751025,1376.750000
2013-05-20,1666.290000,6563.440960,24.713339,1353.750000
2013-05-21,1669.160000,6575.268043,24.774582,1378.750000
2013-05-22,1655.350000,6521.389980,24.598113,1385.250000
2013-05-23,1650.510000,6502.841330,24.619773,1386.000000
2013-05-24,1649.600000,6499.773483,24.641442,1385.250000
2013-05-28,1660.060000,6541.505315,24.367423,1379.000000
2013-05-29,1648.360000,6495.921728,24.408490,1384.500000
2013-05-30,1654.410000,6520.280715,24.410553,1406.250000
2013-05-31,1630.740000,6427.512503,24.354031,1410.250000
2013-06-03,1640.420000,6466.190147,24.414568,1396.750000
2013-06-04,1631.380000,6431.083741,24.397100,1405.250000
2013-06-05,1608.900000,6342.989556,24.477243,1396.500000
2013-06-06,1622.560000,6397.360590,24.518446,1399.500000
2013-06-07,1643.380000,6479.970557,24.343937,1410.000000
2013-06-10,1642.810000,6478.251499,24.248658,1376.750000
2013-06-11,1626.130000,6413.003996,24.289592,1369.500000
2013-06-12,1612.520000,6359.852978,24.194554,1377.250000
2013-06-13,1636.360000,6454.397731,24.312848,1386.250000
2013-06-14,1626.730000,6416.939924,24.412212,1379.750000
2013-06-17,1639.040000,6466.022369,24.316637,1386.000000
2013-06-18,1651.810000,6516.927450,24.299296,1378.500000
2013-06-19,1628.930000,6427.189920,24.048705,1366.000000
2013-06-20,1588.190000,6266.968271,23.897017,1303.250000
2013-06-21,1592.430000,6284.210355,23.689009,1290.250000
2013-06-24,1573.090000,6208.401394,23.596622,1283.250000
2013-06-25,1588.030000,6267.870365,23.542396,1285.000000
2013-06-26,1603.260000,6328.493565,23.638995,1229.000000
2013-06-27,1613.200000,6368.245528,23.754854,1232.000000
2013-06-28,1606.280000,6341.447616,23.700189,1203.250000
2013-07-01,1614.960000,6376.222876,23.740480,1243.500000
2013-07-02,1614.080000,6373.258629,23.780820,1260.750000
2013-07-03,1615.410000,6379.020139,23.707061,1246.000000
2013-07-05,1631.890000,6444.607686,23.311154,1232.750000
2013-07-08,1640.460000,6478.967717,23.462870,1225.500000
2013-07-09,1652.320000,6526.326988,23.465338,1252.000000
2013-07-10,1652.620000,6528.034128,23.373944,1252.250000
2013-07-11,1675.020000,6617.038974,23.563440,1280.750000
2013-07-12,1680.190000,6637.992124,23.547020,1275.000000
2013-07-15,1682.500000,6647.649467,23.624809,1281.250000
2013-07-16,1676.260000,6623.526794,23.665018,1286.000000
2013-07-17,1680.910000,6642.430651,23.724209,1284.250000
2013-07-18,1689.370000,6676.393416,23.650664,1279.750000
2013-07-19,1692.090000,6687.677069,23.766590,1286.000000
2013-07-22,1695.530000,6701.808152,23.768948,1313.750000
2013-07-23,1692.390000,6689.933126,23.714260,1326.750000
2013-07-24,1685.940000,6664.971889,23.564870,1340.000000
2013-07-25,1690.250000,6682.543766,23.567310,1312.000000
2013-07-26,1691.650000,6688.613483,23.626313,1327.750000
2013-07-29,1685.330000,6664.160026,23.572029,1330.750000
2013-07-30,1685.960000,6667.184412,23.536755,1322.250000
2013-07-31,1685.730000,6666.808340,23.595699,1331.500000
2013-08-01,1706.870000,6750.952815,23.333862,1323.750000
2013-08-02,1709.670000,6762.573037,23.541737,1285.750000
2013-08-05,1707.140000,6753.112360,23.468861,1311.000000
2013-08-06,1697.370000,6715.010083,23.471347,1292.000000
2013-08-07,1690.910000,6689.996362,23.586496,1275.500000
2013-08-08,1697.480000,6716.531053,23.645547,1287.750000
2013-08-09,1691.420000,6693.096028,23.666884,1305.500000
2013-08-12,1689.470000,6685.920791,23.593564,1325.750000
2013-08-13,1694.160000,6705.021533,23.407259,1334.000000
2013-08-14,1685.390000,6670.854320,23.409776,1323.250000
2013-08-15,1661.320000,6576.123392,23.299927,1339.500000
2013-08-16,1655.830000,6554.923554,23.172008,1360.750000
2013-08-19,1646.060000,6516.777030,23.100469,1375.250000
2013-08-20,1652.350000,6542.206066,23.213992,1365.750000
2013-08-21,1642.800000,6504.923307,23.123733,1360.000000
2013-08-22,1656.960000,6561.517910,23.070870,1370.500000
2013-08-23,1663.500000,6587.946583,23.221178,1374.500000
2013-08-27,1630.480000,6457.710307,23.412450,1411.000000
2013-08-28,1634.960000,6475.975934,23.302598,1425.500000
2013-08-29,1638.170000,6489.214077,23.361095,1406.250000
2013-08-30,1632.970000,6469.140135,23.307577,1392.750000
2013-09-03,1639.770000,6496.602289,23.160980,1391.250000
2013-09-04,1653.080000,6549.860794,23.089494,1403.750000
2013-09-05,1655.080000,6558.315172,22.944378,1391.750000
2013-09-06,1655.170000,6559.202430,23.020513,1368.250000
2013-09-09,1671.710000,6625.278790,23.096865,1386.000000
2013-09-10,1683.990000,6674.482623,22.988658,1373.000000
2013-09-11,1689.130000,6695.395006,23.046531,1365.250000
2013-09-12,1683.420000,6673.303355,23.067647,1340.250000
2013-09-13,1687.990000,6691.959383,23.107229,1308.250000
2013-09-16,1697.600000,6730.599233,23.146859,1314.750000
2013-09-17,1704.760000,6759.531579,23.186540,1317.250000
2013-09-18,1725.520000,6842.393815,23.504508,1299.750000
2013-09-19,1722.340000,6830.337426,23.375392,1363.500000
2013-09-20,1709.910000,6781.596026,23.396652,1355.250000
2013-09-23,1701.840000,6750.138662,23.455358,1321.750000
2013-09-24,1697.420000,6733.153426,23.551711,1316.500000
2013-09-25,1692.770000,6715.253054,23.629572,1320.250000
2013-09-26,1698.670000,6739.201801,23.575327,1332.500000
2013-09-27,1691.750000,6712.293072,23.615536,1321.500000
2013-09-30,1681.550000,6672.366002,23.618010,1335.750000
2013-10-01,1695.000000,6726.267978,23.582695,1332.250000
2013-10-02,1693.870000,6722.320672,23.641783,1293.750000
2013-10-03,1678.660000,6662.494571,23.663164,1309.000000
2013-10-04,1690.500000,6710.018560,23.589902,1316.000000
2013-10-07,1676.120000,6653.476309,23.611264,1311.000000
2013-10-08,1655.450000,6571.956353,23.594858,1321.000000
2013-10-09,1656.400000,6576.252306,23.559596,1309.500000
2013-10-10,1692.560000,6720.339922,23.505559,1298.000000
2013-10-11,1703.200000,6763.122633,23.526891,1285.750000
2013-10-15,1698.060000,6743.252367,23.435304,1255.500000
2013-10-16,1721.540000,6837.033218,23.550351,1278.250000
2013-10-17,1733.150000,6883.687623,23.703587,1308.500000
2013-10-18,1744.500000,6929.316745,23.725005,1317.000000
2013-10-21,1744.660000,6930.505360,23.670513,1316.000000
2013-10-22,1754.670000,6970.822362,23.843411,1311.750000
2013-10-23,1746.380000,6938.444861,23.903039,1333.000000
2013-10-24,1752.070000,6961.605291,23.867175,1336.250000
2013-10-25,1759.770000,6992.755822,23.869571,1341.750000
2013-10-28,1762.110000,7002.612368,23.852872,1351.000000
2013-10-29,1771.950000,7042.275387,23.874358,1346.750000
2013-10-30,1763.310000,7008.499460,23.838556,1349.500000
2013-10-31,1756.540000,6982.150636,23.802827,1333.750000
2013-11-01,1761.640000,7002.963365,23.652916,1314.750000
2013-11-04,1767.930000,7028.509821,23.693248,1314.250000
2013-11-05,1762.970000,7009.335145,23.581993,1311.250000
2013-11-06,1770.490000,7039.776281,23.622242,1317.000000
2013-11-07,1747.150000,6947.517349,23.700336,1316.000000
2013-11-08,1770.610000,7041.343535,23.437365,1309.000000
2013-11-12,1767.690000,7030.276399,23.383692,1281.000000
2013-11-13,1782.000000,7087.732905,23.479825,1276.000000
2013-11-14,1790.620000,7122.566803,23.595090,1283.250000
2013-11-15,1798.180000,7153.189667,23.559857,1281.750000
2013-11-18,1791.530000,7127.289606,23.637782,1283.500000
2013-11-19,1787.870000,7113.280678,23.564646,1272.250000
2013-11-20,1781.370000,7087.970215,23.397514,1271.500000
2013-11-21,1795.850000,7146.134013,23.418832,1248.500000
2013-11-22,1804.760000,7182.142322,23.496365,1241.750000
2013-11-25,1802.480000,7173.624925,23.517726,1231.750000
2013-11-26,1802.750000,7175.254819,23.576726,1250.750000
2013-11-27,1807.230000,7193.641445,23.522677,1250.750000
2013-11-29,1805.810000,7188.546044,23.506417,1245.250000
2013-12-02,1800.900000,7169.552504,23.396151,1237.500000
2013-12-03,1795.150000,7147.211881,23.436194,1219.000000
2013-12-04,1792.810000,7138.444355,23.345044,1213.000000
2013-12-05,1785.030000,7108.014952,23.272970,1234.000000
2013-12-06,1805.090000,7188.440100,23.275630,1230.750000
2013-12-09,1808.370000,7202.054218,23.315531,1228.500000
2013-12-10,1802.620000,7179.707305,23.411440,1245.750000
2013-12-11,1782.220000,7099.007004,23.320404,1255.250000
2013-12-12,1775.500000,7072.784892,23.267082,1243.500000
2013-12-13,1775.320000,7072.611089,23.288364,1222.750000
2013-12-16,1786.540000,7117.853124,23.272395,1229.500000
2013-12-17,1781.000000,7096.327600,23.349535,1237.250000
2013-12-18,1810.650000,7215.011955,23.277458,1233.250000
2013-12-19,1809.600000,7211.382113,23.187017,1205.250000
2013-12-20,1818.320000,7246.685802,23.282471,1195.000000
2013-12-23,1827.990000,7285.780964,23.192011,1192.750000
2013-12-24,1833.320000,7307.584227,23.101949,1196.500000
2013-12-27,1841.400000,7340.352248,23.052018,1209.250000
2013-12-30,1841.070000,7339.600559,23.110106,1201.500000
2013-12-31,1848.360000,7369.226566,23.020407,1201.500000
2014-01-02,1831.980000,7304.489252,23.096850,1219.750000
2014-01-03,1831.370000,7302.620171,23.081122,1232.250000
2014-01-06,1826.770000,7284.840564,23.139274,1238.000000
2014-01-07,1837.880000,7329.706912,23.179033,1237.500000
2014-01-08,1837.490000,7328.716602,23.089039,1226.500000
2014-01-09,1838.130000,7331.834189,23.165682,1226.000000
2014-01-10,1842.370000,7349.311699,23.335205,1232.250000
2014-01-13,1819.200000,7257.451913,23.412545,1246.000000
2014-01-14,1838.880000,7336.522098,23.340263,1248.750000
2014-01-15,1848.380000,7374.989539,23.305586,1238.000000
2014-01-16,1845.890000,7365.623054,23.382846,1237.250000
2014-01-17,1838.700000,7337.500752,23.422912,1241.000000
2014-01-21,1843.800000,7358.418432,23.406814,1247.750000
2014-01-22,1844.860000,7363.216059,23.372010,1239.500000
2014-01-23,1828.460000,7298.327928,23.524253,1244.250000
2014-01-24,1790.290000,7146.534393,23.602135,1259.250000
2014-01-27,1781.560000,7112.236653,23.548065,1270.000000
2014-01-28,1792.500000,7156.458960,23.569502,1253.500000
2014-01-29,1774.200000,7083.948909,23.722937,1254.750000
2014-01-30,1794.190000,7164.310231,23.668534,1254.000000
2014-01-31,1782.590000,7118.543034,23.765763,1246.500000
2014-02-03,1741.890000,6956.569653,23.882357,1246.500000
2014-02-04,1755.200000,7010.269821,23.827513,1253.000000
2014-02-05,1751.640000,6996.599525,23.715637,1257.000000
2014-02-06,1773.430000,7084.182896,23.661260,1258.500000
2014-02-07,1797.020000,7178.970162,23.701682,1260.000000
2014-02-10,1799.840000,7190.797408,23.723192,1273.500000
2014-02-11,1819.750000,7270.905155,23.630841,1282.750000
2014-02-12,1819.260000,7269.516068,23.538896,1286.500000
2014-02-13,1829.830000,7312.320978,23.673330,1290.250000
2014-02-14,1838.630000,7348.059291,23.638017,1308.500000
2014-02-18,1840.760000,7357.146575,23.716238,1314.000000
2014-02-19,1828.750000,7309.720506,23.680843,1318.750000
2014-02-20,1839.780000,7354.380432,23.626574,1313.750000
2014-02-21,1836.250000,7340.844789,23.685865,1320.750000
2014-02-24,1847.610000,7386.833286,23.650534,1333.000000
2014-02-25,1845.120000,7377.455948,23.747717,1332.750000
2014-02-26,1845.160000,7378.192950,23.807256,1340.000000
2014-02-27,1854.290000,7415.277967,23.847870,1331.000000
2014-02-28,1859.450000,7436.492756,23.831299,1327.750000
2014-03-03,1845.730000,7382.196124,23.948205,1344.250000
2014-03-04,1873.910000,7495.474606,23.759090,1339.500000
2014-03-05,1873.810000,7495.652888,23.761636,1333.500000
2014-03-06,1877.030000,7509.111884,23.688145,1334.250000
2014-03-07,1878.040000,7513.731743,23.577017,1348.250000
2014-03-10,1877.170000,7510.830696,23.598499,1334.250000
2014-03-11,1867.630000,7473.239224,23.638869,1348.000000
2014-03-12,1868.200000,7476.096611,23.717112,1355.750000
2014-03-13,1846.340000,7389.194815,23.852497,1371.000000
2014-03-14,1841.130000,7368.914068,23.874097,1370.000000
2014-03-17,1858.830000,7440.324820,23.781111,1379.000000
2014-03-18,1872.250000,7494.614970,23.821708,1362.500000
2014-03-19,1860.770000,7449.238748,23.633668,1346.000000
2014-03-20,1872.010000,7494.810656,23.617368,1327.000000
2014-03-21,1866.520000,7473.409021,23.695559,1338.500000
2014-03-24,1857.440000,7437.629939,23.717101,1322.000000
2014-03-25,1865.620000,7470.958407,23.700706,1314.750000
2014-03-26,1852.560000,7419.235437,23.779135,1314.500000
2014-03-27,1849.040000,7405.710736,23.819739,1295.000000
2014-03-28,1857.620000,7440.646402,23.746058,1295.750000
2014-03-31,1872.340000,7500.181004,23.748631,1294.000000
2014-04-01,1885.520000,7553.561703,23.675208,1286.500000
2014-04-02,1890.900000,7575.703151,23.583109,1284.000000
2014-04-03,1888.770000,7567.759929,23.623481,1287.250000
2014-04-04,1865.090000,7473.470751,23.739499,1293.500000
2014-04-07,1845.040000,7393.712253,23.799055,1299.000000
2014-04-08,1851.960000,7422.019310,23.839693,1314.750000
2014-04-09,1872.180000,7503.632557,23.804094,1309.750000
2014-04-10,1833.080000,7347.505907,23.920914,1321.500000
2014-04-11,1815.690000,7278.374469,23.961703,1317.250000
2014-04-14,1830.610000,7338.750017,23.925865,1324.500000
2014-04-15,1842.980000,7388.912174,23.947521,1311.500000
2014-04-16,1862.310000,7466.986250,23.930872,1299.000000
2014-04-17,1864.850000,7477.752394,23.780231,1299.250000
2014-04-22,1879.550000,7537.279838,23.785384,1290.750000
2014-04-23,1875.390000,7521.185026,23.845045,1283.500000
2014-04-24,1878.610000,7534.684885,23.847600,1283.500000
2014-04-25,1863.400000,7474.268189,23.888311,1294.250000
2014-04-28,1869.430000,7499.037578,23.852631,1302.000000
2014-04-29,1878.330000,7535.323505,23.836104,1289.750000
2014-04-30,1883.950000,7558.456604,23.914943,1292.000000
2014-05-01,1883.680000,7557.960558,23.994005,1283.000000
2014-05-02,1881.140000,7548.356381,24.054094,1285.000000
2014-05-06,1867.720000,7495.093034,24.039749,1308.500000
2014-05-07,1878.210000,7537.771304,24.023007,1311.000000
2014-05-08,1875.630000,7528.002650,24.044723,1291.250000
2014-05-09,1878.480000,7540.026205,24.027978,1289.000000
2014-05-12,1896.650000,7613.544491,23.953586,1292.750000
2014-05-13,1897.450000,7617.347336,24.051929,1292.750000
2014-05-14,1888.530000,7582.129610,24.189111,1300.250000
2014-05-15,1870.850000,7511.736430,24.268954,1303.750000
2014-05-16,1877.860000,7540.466176,24.232532,1293.750000
2014-05-19,1885.080000,7570.043579,24.196183,1301.000000
2014-05-20,1872.830000,7521.438523,24.237336,1291.500000
2014-05-21,1888.030000,7583.067291,24.200980,1292.000000
2014-05-22,1892.490000,7601.569509,24.164697,1294.500000
2014-05-23,1900.530000,7634.454347,24.205816,1292.000000
2014-05-27,1911.910000,7680.761063,24.246985,1283.000000
2014-05-28,1909.780000,7672.800866,24.404590,1265.250000
2014-05-29,1920.030000,7714.577718,24.387429,1254.000000
2014-05-30,1923.570000,7729.400578,24.331271,1254.000000
2014-06-02,1924.970000,7735.614981,24.216875,1244.750000
2014-06-03,1924.240000,7733.270744,24.103075,1244.250000
2014-06-04,1927.880000,7748.488568,24.086279,1246.000000
2014-06-05,1940.460000,7799.640095,24.127312,1244.750000
2014-06-06,1949.440000,7836.329218,24.110490,1254.000000
2014-06-09,1951.270000,7844.282412,24.074401,1255.000000
2014-06-10,1950.790000,7842.950362,24.038385,1253.500000
2014-06-11,1943.890000,7815.807114,24.021672,1262.500000
2014-06-12,1930.110000,7760.997232,24.158720,1261.750000
2014-06-13,1936.160000,7785.915609,24.122539,1273.000000
2014-06-16,1937.780000,7793.023291,24.105730,1281.750000
2014-06-17,1941.990000,7810.548019,24.011804,1264.500000
2014-06-18,1956.980000,7871.431774,24.110386,1269.000000
2014-06-19,1959.480000,7882.087022,24.055018,1282.000000
2014-06-20,1962.870000,7896.323906,24.076782,1310.000000
2014-06-23,1962.610000,7895.879525,24.079295,1313.500000
2014-06-24,1949.980000,7845.668632,24.158861,1323.000000
2014-06-25,1959.530000,7884.690384,24.199999,1312.000000
2014-06-26,1957.220000,7875.996157,24.279907,1311.500000
2014-06-27,1960.960000,7891.646199,24.262920,1315.250000
2014-06-30,1960.230000,7889.309604,24.284776,1313.000000
2014-07-01,1973.320000,7942.591712,24.190075,1325.750000
2014-07-02,1974.620000,7948.427215,24.076439,1326.750000
2014-07-03,1985.440000,7992.584362,24.059701,1322.500000
2014-07-07,1977.650000,7961.831762,24.100726,1313.250000
2014-07-08,1963.710000,7906.315119,24.199644,1318.250000
2014-07-09,1972.830000,7943.634446,24.221482,1322.500000
2014-07-10,1964.680000,7911.421425,24.262706,1343.250000
2014-07-11,1967.570000,7923.659598,24.303982,1336.500000
2014-07-14,1977.100000,7962.639724,24.267535,1321.250000
2014-07-15,1973.280000,7947.859465,24.250577,1312.000000
2014-07-16,1981.570000,7981.852850,24.272441,1297.500000
2014-07-17,1958.120000,7888.001195,24.430241,1302.750000
2014-07-18,1978.220000,7969.569990,24.374003,1310.250000
2014-07-21,1973.630000,7951.683519,24.395920,1312.750000
2014-07-22,1983.530000,7992.173967,24.417847,1307.000000
2014-07-23,1987.010000,8006.802601,24.420250,1307.500000
2014-07-24,1987.980000,8011.319179,24.344509,1300.000000
2014-07-25,1978.340000,7973.079379,24.424846,1292.500000
2014-07-28,1978.910000,7975.981917,24.388170,1305.000000
2014-07-29,1969.950000,7940.474256,24.449121,1307.500000
2014-07-30,1970.070000,7941.560808,24.255924,1297.500000
2014-07-31,1930.670000,7783.338174,24.238993,1295.000000
2014-08-01,1925.150000,7761.684984,24.357822,1284.500000
2014-08-04,1938.990000,7818.082694,24.379744,1293.500000
2014-08-05,1920.210000,7742.963925,24.421180,1292.750000
2014-08-06,1920.240000,7743.682020,24.423593,1288.500000
2014-08-07,1909.570000,7701.250678,24.543239,1302.000000
2014-08-08,1931.590000,7790.650725,24.525971,1317.500000
2014-08-11,1936.920000,7812.748930,24.528346,1308.250000
2014-08-12,1933.750000,7800.564942,24.491476,1311.000000
2014-08-13,1946.720000,7853.486264,24.552646,1309.250000
2014-08-14,1955.180000,7888.221367,24.613940,1315.000000
2014-08-15,1955.060000,7888.345551,24.734431,1313.600000
2014-08-18,1971.740000,7956.254943,24.637790,1302.750000
2014-08-19,1981.600000,7996.655036,24.620417,1300.250000
2014-08-20,1986.510000,8017.085802,24.563672,1294.500000
2014-08-21,1992.370000,8041.353644,24.605343,1280.500000
2014-08-22,1988.400000,8025.950564,24.627380,1281.000000
2014-08-26,2000.020000,8073.472320,24.651766,1286.500000
2014-08-27,2000.120000,8074.498602,24.693546,1285.000000
2014-08-28,1996.740000,8061.476210,24.755133,1288.000000
2014-08-29,2003.370000,8088.865322,24.737628,1285.750000
2014-09-02,2002.280000,8085.084143,24.601404,1277.750000
2014-09-03,2000.720000,8079.404506,24.623448,1268.500000
2014-09-04,1997.650000,8067.626195,24.547007,1271.000000
2014-09-05,2007.710000,8108.872302,24.529756,1264.000000
2014-09-08,2001.540000,8084.573867,24.492903,1267.250000
2014-09-09,1988.440000,8032.280160,24.456125,1256.000000
2014-09-10,1995.690000,8062.181951,24.380292,1254.250000
2014-09-11,1997.450000,8069.909786,24.382749,1247.000000
2014-09-12,1985.540000,8022.410508,24.229157,1237.250000
2014-09-15,1984.130000,8017.328264,24.270443,1234.750000
2014-09-16,1998.980000,8077.947419,24.272947,1238.750000
2014-09-17,2001.570000,8089.032700,24.236615,1236.500000
2014-09-18,2011.360000,8129.217306,24.219745,1223.000000
2014-09-19,2010.400000,8125.960249,24.299776,1222.500000
2014-09-22,1994.290000,8061.466922,24.341153,1214.000000
2014-09-23,1982.770000,8015.517662,24.402054,1225.000000
2014-09-24,1998.300000,8078.913234,24.345949,1224.000000
2014-09-25,1965.990000,7948.906434,24.445816,1210.500000
2014-09-26,1982.850000,8017.684032,24.409147,1222.250000
2014-09-29,1977.800000,7997.878663,24.489716,1217.750000
2014-09-30,1972.290000,7976.210048,24.452962,1210.000000
2014-10-01,1946.160000,7871.170794,24.651031,1208.500000
2014-10-02,1946.170000,7871.836922,24.613957,1214.500000
2014-10-03,1967.900000,7960.355812,24.596649,1207.500000
2014-10-06,1964.820000,7948.529671,24.638395,1193.250000
2014-10-07,1935.100000,7828.931508,24.778746,1207.500000
2014-10-08,1968.890000,7966.259739,24.800890,1220.000000
2014-10-09,1928.210000,7802.298999,24.823043,1227.500000
2014-10-10,1906.130000,7713.574810,24.884923,1222.250000
2014-10-14,1877.700000,7599.139711,25.086284,1233.000000
2014-10-15,1862.490000,7538.188189,25.208898,1223.500000
2014-10-16,1862.760000,7539.880194,25.170715,1241.000000
2014-10-17,1886.760000,7637.624171,25.072199,1238.000000
2014-10-20,1904.010000,7708.059470,25.114523,1241.000000
2014-10-21,1941.280000,7859.553421,25.056441,1251.750000
2014-10-22,1927.110000,7802.808883,25.018568,1246.750000
2014-10-23,1950.820000,7899.430190,24.940742,1240.500000
2014-10-24,1964.580000,7955.776310,24.943009,1231.750000
2014-10-27,1961.630000,7944.462380,24.985184,1230.500000
2014-10-28,1985.050000,8039.943229,24.927471,1228.250000
2014-10-29,1982.300000,8029.444149,24.849978,1228.000000
2014-10-30,1994.650000,8080.106949,24.892045,1205.750000
2014-10-31,2018.050000,8175.540058,24.834596,1173.250000
2014-11-03,2017.810000,8175.188565,24.817044,1170.750000
2014-11-04,2012.100000,8152.675182,24.839222,1169.250000
2014-11-05,2023.570000,8199.768665,24.821667,1145.250000
2014-11-06,2031.210000,8231.349575,24.764420,1144.500000
2014-11-07,2031.920000,8234.851840,24.905449,1145.000000
2014-11-10,2038.260000,8261.171539,24.788196,1172.000000
2014-11-12,2038.250000,8261.758308,24.810367,1163.250000
2014-11-13,2039.330000,8266.763279,24.852397,1161.000000
2014-11-14,2039.820000,8269.377300,24.914361,1154.000000
2014-11-17,2041.320000,8276.086183,24.876791,1187.000000
2014-11-18,2051.800000,8319.203487,24.918904,1202.000000
2014-11-19,2048.720000,8307.347062,24.841458,1200.750000
2014-11-20,2052.750000,8324.319100,24.883531,1194.000000
2014-11-21,2063.500000,8368.544633,24.945562,1193.250000
2014-11-24,2069.410000,8393.148149,24.967805,1196.000000
2014-11-25,2067.030000,8384.132626,25.030006,1202.250000
2014-11-26,2072.830000,8408.294789,25.092333,1195.750000
2014-11-28,2067.560000,8387.555861,25.215007,1184.500000
2014-12-01,2053.440000,8330.913695,25.136500,1178.750000
2014-12-02,2066.550000,8384.736356,25.018059,1197.000000
2014-12-03,2074.330000,8416.941418,25.000308,1203.250000
2014-12-04,2071.920000,8407.803698,25.082581,1204.000000
2014-12-05,2075.370000,8422.444281,24.964424,1204.500000
2014-12-08,2060.310000,8361.968177,25.066570,1195.250000
2014-12-09,2059.820000,8360.616535,25.149031,1206.500000
2014-12-10,2026.140000,8224.549535,25.231724,1228.250000
2014-12-11,2035.330000,8262.480375,25.213721,1219.500000
2014-12-12,2002.330000,8129.145421,25.397451,1223.500000
2014-12-15,1989.630000,8078.204747,25.358932,1210.750000
2014-12-16,1972.740000,8010.244193,25.462501,1199.250000
2014-12-17,2012.890000,8173.882187,25.322002,1199.000000
2014-12-18,2061.230000,8370.802522,25.162092,1210.750000
2014-12-19,2070.650000,8409.695559,25.264957,1197.500000
2014-12-22,2078.540000,8442.380550,25.267133,1195.250000
2014-12-23,2082.170000,8457.767674,25.087385,1179.500000
2014-12-24,2081.880000,8457.234064,25.069565,1177.000000
2014-12-29,2090.570000,8493.179833,25.174445,1194.000000
2014-12-30,2080.350000,8452.306980,25.216942,1186.500000
2014-12-31,2058.900000,8365.801182,25.279664,1199.250000
2015-01-02,2058.200000,8363.609951,25.382960,1184.250000
2015-01-05,2020.580000,8211.391858,25.547546,1192.000000
2015-01-06,2002.610000,8139.004942,25.692681,1211.000000
2015-01-07,2025.900000,8234.295462,25.715243,1213.750000
2015-01-08,2062.140000,8382.236158,25.573238,1206.500000
2015-01-09,2044.810000,8312.447077,25.677591,1211.250000
2015-01-12,2028.260000,8245.817815,25.802861,1222.000000
2015-01-13,2023.030000,8225.199109,25.825469,1239.000000
2015-01-14,2011.270000,8178.027572,25.930728,1228.750000
2015-01-15,1992.670000,8103.036466,26.119344,1235.250000
2015-01-16,2019.420000,8212.445771,25.995805,1258.250000
2015-01-20,2022.550000,8225.815716,26.018490,1292.250000
2015-01-21,2032.120000,8265.379511,25.916295,1298.000000
2015-01-22,2063.150000,8392.235132,25.856019,1287.000000
2015-01-23,2051.820000,8346.803410,26.044132,1293.500000
2015-01-26,2057.090000,8368.893322,26.004332,1282.750000
2015-01-27,2029.550000,8257.505162,26.006220,1279.000000
2015-01-28,2002.160000,8146.709737,26.216158,1287.000000
2015-01-29,2021.250000,8225.022124,26.134067,1275.500000
2015-01-30,1994.990000,8118.805009,26.324067,1263.500000
2015-02-02,2020.850000,8224.669163,26.325822,1274.250000
2015-02-03,2050.030000,8344.061536,26.095910,1281.000000
2015-02-04,2041.510000,8310.025012,26.056010,1269.250000
2015-02-05,2062.520000,8396.185905,26.016192,1263.750000
2015-02-06,2055.470000,8368.132205,25.768326,1264.000000
2015-02-09,2046.740000,8333.234596,25.749705,1242.250000
2015-02-10,2068.590000,8422.837022,25.648709,1237.500000
2015-02-11,2068.530000,8423.240477,25.671274,1235.500000
2015-02-12,2088.480000,8505.126466,25.693848,1225.250000
2015-02-13,2096.990000,8540.436681,25.634212,1225.750000
2015-02-17,2100.340000,8554.737072,25.390179,1221.750000
2015-02-18,2099.680000,8552.706781,25.534520,1206.500000
2015-02-19,2097.450000,8544.280985,25.454907,1217.750000
2015-02-20,2110.300000,8597.284512,25.416310,1203.500000
2015-02-23,2109.660000,8595.338352,25.560790,1193.500000
2015-02-24,2115.480000,8619.711669,25.706020,1195.500000
2015-02-25,2113.860000,8613.773737,25.769744,1206.500000
2015-02-26,2110.740000,8601.722485,25.627438,1220.000000
2015-02-27,2104.500000,8576.954653,25.691008,1205.000000
2015-03-02,2117.390000,8630.156032,25.528625,1216.750000
2015-03-03,2107.780000,8591.659079,25.449040,1207.750000
2015-03-04,2098.530000,8554.623485,25.451181,1204.250000
2015-03-05,2101.040000,8565.521507,25.473683,1199.750000
2015-03-06,2071.260000,8444.781277,25.210890,1196.500000
2015-03-09,2079.430000,8478.748866,25.293806,1173.750000
2015-03-10,2044.160000,8335.597735,25.417424,1161.000000
2015-03-11,2040.240000,8320.261904,25.480584,1158.750000
2015-03-12,2065.950000,8425.757141,25.503102,1161.250000
2015-03-13,2053.400000,8375.229317,25.444020,1156.500000
2015-03-16,2081.190000,8489.228833,25.507237,1157.000000
2015-03-17,2074.280000,8461.703718,25.590985,1154.750000
2015-03-18,2099.500000,8565.243612,25.859223,1149.000000
2015-03-19,2089.270000,8524.175578,25.757767,1164.000000
2015-03-20,2108.100000,8601.665241,25.862822,1171.750000
2015-03-23,2104.420000,8587.319474,25.885493,1181.400000
2015-03-24,2091.500000,8535.266574,25.970299,1193.250000
2015-03-25,2061.050000,8411.666775,25.868355,1192.550000
2015-03-26,2056.150000,8392.323552,25.704779,1209.400000
2015-03-27,2061.020000,8412.854218,25.830212,1198.000000
2015-03-30,2086.240000,8516.454461,25.811547,1187.400000
2015-03-31,2067.890000,8442.209119,25.854853,1179.250000
2015-04-01,2059.690000,8409.390015,26.001630,1181.250000
2015-04-02,2066.960000,8439.727312,25.899553,1201.500000
2015-04-07,2076.330000,8478.643911,25.966755,1208.500000
2015-04-08,2081.900000,8502.049298,25.906382,1211.100000
2015-04-09,2091.180000,8540.609149,25.804731,1196.000000
2015-04-10,2102.060000,8585.709518,25.827392,1201.900000
2015-04-13,2092.430000,8547.045257,25.870724,1197.850000
2015-04-14,2095.840000,8561.639994,25.955502,1191.450000
2015-04-15,2106.630000,8606.384723,25.936695,1189.850000
2015-04-16,2104.990000,8600.355075,25.959410,1204.600000
2015-04-17,2081.180000,8503.744493,26.023670,1204.550000
2015-04-20,2100.400000,8582.940191,25.963144,1203.250000
2015-04-21,2097.290000,8570.900236,25.923561,1197.700000
2015-04-22,2107.960000,8615.172454,25.780364,1202.400000
2015-04-23,2112.930000,8636.155763,25.844273,1187.750000
2015-04-24,2117.690000,8656.283954,25.908309,1192.150000
2015-04-27,2108.920000,8621.109905,25.889567,1182.750000
2015-04-28,2114.760000,8645.654918,25.767290,1201.400000
2015-04-29,2106.850000,8613.990343,25.645652,1204.800000
2015-04-30,2085.510000,8527.411363,25.668265,1204.300000
2015-05-01,2108.290000,8621.219991,25.526611,1179.000000
2015-05-05,2089.460000,8544.891473,25.388181,1187.400000
2015-05-06,2080.150000,8507.483208,25.268524,1191.250000
2015-05-07,2088.000000,8540.250730,25.412284,1183.000000
2015-05-08,2116.100000,8655.849000,25.455142,1185.250000
2015-05-11,2105.330000,8612.468428,25.212955,1184.750000
2015-05-12,2099.120000,8587.735047,25.215236,1184.450000
2015-05-13,2098.480000,8585.785251,25.237689,1193.000000
2015-05-14,2121.100000,8679.001774,25.320723,1214.750000
2015-05-15,2122.730000,8686.346940,25.505273,1216.300000
2015-05-18,2129.200000,8713.498786,25.323801,1228.150000
2015-05-19,2127.830000,8708.570528,25.245006,1219.650000
2015-05-20,2125.850000,8701.144904,25.267476,1206.750000
2015-05-21,2130.820000,8722.164553,25.411240,1209.600000
2015-05-22,2126.060000,8703.359249,25.372790,1211.000000
2015-05-26,2104.200000,8614.549435,25.517103,1194.000000
2015-05-27,2123.480000,8694.151942,25.519270,1187.850000
2015-05-28,2120.790000,8683.815090,25.541853,1189.450000
2015-05-29,2107.390000,8629.623266,25.564445,1190.400000
2015-06-01,2111.730000,8648.076161,25.423435,1187.300000
2015-06-02,2109.600000,8640.035602,25.262934,1188.750000
2015-06-03,2114.070000,8659.024547,25.042896,1186.600000
2015-06-04,2095.840000,8585.039446,25.185501,1182.450000
2015-06-05,2092.830000,8573.387162,24.986326,1175.900000
2015-06-08,2079.280000,8518.555324,25.028694,1173.400000
2015-06-09,2080.150000,8522.791726,24.970999,1181.000000
2015-06-10,2105.200000,8626.099052,24.813582,1186.000000
2015-06-11,2108.860000,8641.776578,25.034403,1180.500000
2015-06-12,2094.110000,8582.015238,25.036778,1179.250000
2015-06-15,2084.430000,8543.022093,25.099241,1178.250000
2015-06-16,2096.290000,8592.304271,25.181909,1182.100000
2015-06-17,2100.440000,8609.992288,25.184227,1178.500000
2015-06-18,2121.240000,8695.933680,25.126103,1198.000000
2015-06-19,2109.990000,8650.500893,25.309354,1198.150000
2015-06-22,2122.850000,8703.906630,25.088902,1193.700000
2015-06-23,2124.200000,8710.128513,24.990906,1183.350000
2015-06-24,2108.580000,8646.767065,25.073277,1175.750000
2015-06-25,2102.310000,8621.737574,25.035527,1174.600000
2015-06-26,2101.490000,8619.054949,24.857656,1174.400000
2015-06-29,2057.640000,8439.888525,25.178290,1176.500000
2015-06-30,2063.110000,8462.990912,25.140333,1175.000000
2015-07-01,2077.420000,8522.364813,24.981779,1171.700000
2015-07-02,2076.780000,8520.417507,25.044144,1164.300000
2015-07-06,2068.760000,8488.191868,25.246883,1164.250000
2015-07-07,2081.340000,8540.483529,25.309780,1166.250000
2015-07-08,2046.680000,8398.940793,25.413299,1154.250000
2015-07-09,2051.310000,8418.609274,25.212231,1162.100000
2015-07-10,2076.620000,8523.151881,25.012854,1162.400000
2015-07-13,2099.600000,8618.147865,24.975236,1154.950000
2015-07-14,2108.950000,8657.212292,25.037595,1153.200000
2015-07-15,2107.400000,8651.538511,25.140139,1154.750000
2015-07-16,2124.290000,8721.565759,25.142494,1145.100000
2015-07-17,2126.640000,8731.908078,25.185076,1143.000000
2015-07-20,2128.280000,8739.336752,25.106823,1115.000000
2015-07-21,2119.210000,8702.788178,25.169450,1108.000000
2015-07-22,2114.150000,8682.701261,25.212069,1096.800000
2015-07-23,2102.150000,8634.108878,25.315248,1101.650000
2015-07-24,2079.650000,8542.382292,25.337791,1083.750000
2015-07-27,2067.640000,8493.729757,25.421154,1098.600000
2015-07-28,2093.250000,8599.609898,25.362393,1095.600000
2015-07-29,2108.570000,8663.232767,25.303798,1096.750000
2015-07-30,2108.630000,8664.168709,25.326340,1085.650000
2015-07-31,2103.840000,8645.176537,25.490720,1080.050000
2015-08-03,2098.040000,8622.053575,25.574516,1093.000000
2015-08-04,2093.320000,8603.365089,25.433491,1092.600000
2015-08-05,2099.840000,8630.868902,25.334007,1086.500000
2015-08-06,2083.560000,8564.663455,25.437635,1085.000000
2015-08-07,2077.570000,8540.745007,25.541637,1091.350000
2015-08-10,2104.180000,8650.838883,25.421247,1094.800000
2015-08-11,2084.070000,8568.872446,25.606539,1113.250000
2015-08-12,2086.050000,8577.717762,25.629209,1116.800000
2015-08-13,2083.390000,8567.485061,25.528869,1117.350000
2015-08-14,2091.540000,8601.704376,25.510664,1116.750000
2015-08-17,2102.440000,8647.238946,25.594526,1117.300000
2015-08-18,2096.920000,8625.246220,25.514817,1119.150000
2015-08-19,2079.610000,8554.754092,25.680339,1123.200000
2015-08-20,2035.730000,8374.951017,25.744132,1137.950000
2015-08-21,1970.890000,8108.889000,25.828649,1149.350000
2015-08-24,1893.210000,7789.954488,25.913402,1153.500000
2015-08-25,1867.610000,7685.258978,25.687431,1154.250000
2015-08-26,1940.510000,7985.875897,25.566292,1134.400000
2015-08-27,1987.660000,8180.571020,25.568504,1128.500000
2015-08-28,1988.870000,8186.223414,25.550261,1125.500000
2015-09-01,1913.850000,7878.150002,25.595475,1141.900000
2015-09-02,1948.860000,8022.948243,25.536250,1140.000000
2015-09-03,1951.130000,8032.989285,25.579337,1130.050000
2015-09-04,1921.220000,7910.543862,25.683868,1125.000000
2015-09-08,1969.410000,8109.650485,25.542209,1120.850000
2015-09-09,1942.040000,7997.649671,25.524005,1122.300000
2015-09-10,1952.290000,8040.554756,25.485405,1107.750000
2015-09-11,1961.050000,8077.330605,25.548825,1106.350000
2015-09-14,1953.030000,8044.997945,25.591934,1108.000000
2015-09-15,1978.090000,8148.924039,25.389412,1105.500000
2015-09-16,1995.310000,8220.570390,25.351086,1109.750000
2015-09-17,1990.200000,8200.230652,25.535928,1118.150000
2015-09-18,1958.030000,8068.391871,25.701597,1136.000000
2015-09-21,1966.970000,8105.930630,25.559841,1136.850000
2015-09-22,1942.740000,8006.781462,25.684759,1129.300000
2015-09-23,1938.760000,7991.072987,25.645845,1124.600000
2015-09-24,1932.240000,7964.892492,25.709593,1134.450000
2015-09-25,1931.340000,7961.873607,25.629496,1145.500000
2015-09-28,1881.770000,7758.213966,25.775228,1137.500000
2015-09-29,1884.090000,7768.452004,25.880477,1124.600000
2015-09-30,1920.030000,7917.313245,25.861878,1122.500000
2015-10-01,1923.820000,7933.605604,25.884681,1114.200000
2015-10-02,1951.360000,8047.842822,26.011033,1106.300000
2015-10-05,1987.050000,8195.711430,25.846617,1134.350000
2015-10-06,1979.920000,8166.990811,25.890094,1136.900000
2015-10-07,1995.830000,8233.303223,25.830064,1147.900000
2015-10-08,2013.430000,8306.598336,25.749540,1143.300000
2015-10-09,2014.890000,8313.318518,25.751706,1151.500000
2015-10-13,2003.690000,8267.805348,25.877481,1154.400000
2015-10-14,1994.240000,8229.505469,26.024510,1173.700000
2015-10-15,2023.860000,8352.426816,25.922467,1183.350000
2015-10-16,2033.110000,8391.302025,25.924566,1176.350000
2015-10-19,2033.660000,8394.275970,25.926664,1171.650000
2015-10-20,2030.770000,8383.051174,25.845798,1173.700000
2015-10-21,2018.940000,8334.919970,25.930638,1174.400000
2015-10-22,2052.510000,8474.208350,25.932737,1166.450000
2015-10-23,2075.150000,8568.393105,25.831105,1171.550000
2015-10-26,2071.180000,8552.719559,25.874577,1168.500000
2015-10-27,2065.890000,8531.592521,25.918102,1165.750000
2015-10-28,2090.350000,8633.321694,25.816538,1171.500000
2015-10-29,2089.410000,8630.163636,25.632810,1159.000000
2015-10-30,2079.360000,8589.376760,25.696557,1147.750000
2015-11-02,2104.050000,8692.071707,25.616530,1135.800000
2015-11-03,2109.790000,8716.498758,25.557287,1130.900000
2015-11-04,2102.310000,8686.311949,25.518657,1118.000000
2015-11-05,2099.930000,8677.192259,25.500521,1107.300000
2015-11-06,2099.200000,8674.889031,25.339604,1107.700000
2015-11-09,2078.580000,8590.390461,25.301414,1095.600000
2015-11-10,2081.720000,8604.073601,25.384748,1092.500000
2015-11-12,2045.970000,8457.020493,25.387085,1087.600000
2015-11-13,2023.040000,8362.934431,25.470661,1083.750000
2015-11-16,2053.190000,8488.257267,25.493342,1094.500000
2015-11-17,2050.440000,8477.585972,25.536428,1080.800000
2015-11-18,2083.580000,8615.300800,25.497849,1070.500000
2015-11-19,2081.240000,8606.333383,25.561341,1073.100000
2015-11-20,2089.170000,8639.832886,25.522715,1085.150000
2015-11-23,2086.590000,8629.873368,25.545422,1068.350000
2015-11-24,2089.140000,8641.129187,25.568139,1073.000000
2015-11-25,2088.870000,8640.722675,25.590866,1072.200000
2015-11-27,2090.110000,8646.562234,25.613604,1064.650000
2015-11-30,2080.410000,8607.145080,25.636351,1055.650000
2015-12-01,2102.630000,8699.795933,25.761654,1069.250000
2015-12-02,2079.510000,8604.864384,25.702024,1066.900000
2015-12-03,2049.620000,8481.902991,25.395823,1050.600000
2015-12-04,2091.690000,8656.711455,25.499754,1063.000000
2015-12-07,2077.070000,8596.930466,25.604060,1082.700000
2015-12-08,2063.590000,8541.857785,25.585843,1071.750000
2015-12-09,2047.620000,8476.468875,25.629055,1078.400000
2015-12-10,2052.230000,8496.263286,25.590306,1072.000000
2015-12-11,2012.370000,8331.954478,25.817775,1067.200000
2015-12-14,2021.940000,8372.276234,25.613415,1068.000000
2015-12-15,2043.410000,8461.879177,25.513228,1069.150000
2015-12-16,2073.070000,8585.412269,25.474715,1065.750000
2015-12-17,2041.890000,8457.003083,25.599319,1065.850000
2015-12-18,2005.550000,8307.200702,25.703992,1055.250000
2015-12-21,2021.150000,8372.513903,25.685662,1071.150000
2015-12-22,2038.970000,8447.034195,25.605711,1077.000000
2015-12-23,2064.290000,8552.637828,25.546533,1071.500000
2015-12-24,2060.990000,8539.682395,25.589709,1071.900000
2015-12-29,2078.360000,8612.370576,25.450822,1067.250000
2015-12-30,2063.360000,8550.935054,25.473526,1067.800000
2015-12-31,2043.940000,8471.171860,25.557376,1062.250000
2016-01-04,2012.660000,8342.294040,25.621016,1072.700000
2016-01-05,2016.710000,8359.832412,25.602797,1078.000000
2016-01-06,1990.260000,8250.942761,25.748458,1083.850000
2016-01-07,1943.090000,8056.135202,25.791883,1096.000000
2016-01-08,1922.030000,7969.545241,25.855995,1097.450000
2016-01-11,1923.670000,7977.063281,25.775441,1104.700000
2016-01-12,1938.680000,8040.025247,25.880762,1094.850000
2016-01-13,1890.280000,7840.026735,25.965758,1081.800000
2016-01-14,1921.840000,7971.629587,25.926356,1090.750000
2016-01-15,1880.330000,7800.167720,26.073704,1081.100000
2016-01-19,1881.330000,7805.018669,26.013228,1087.000000
2016-01-20,1859.330000,7714.451003,26.119407,1093.200000
2016-01-21,1868.990000,7755.225745,26.100595,1096.800000
2016-01-22,1906.900000,7913.228887,25.998285,1097.650000
2016-01-25,1877.080000,7790.195074,26.083615,1103.700000
2016-01-26,1903.630000,7901.083756,26.127450,1114.700000
2016-01-27,1882.950000,7815.962426,26.108632,1116.500000
2016-01-28,1893.360000,7859.877510,26.152498,1119.000000
2016-01-29,1940.240000,8055.197795,26.280106,1112.900000
2016-02-01,1939.380000,8052.361146,26.219057,1122.000000
2016-02-02,1903.030000,7902.168420,26.430859,1123.600000
2016-02-03,1912.530000,7942.336183,26.411676,1130.000000
2016-02-04,1915.450000,7955.185820,26.434775,1146.250000
2016-02-05,1880.050000,7808.888329,26.457885,1158.500000
2016-02-08,1853.440000,7699.073602,26.692667,1173.400000
2016-02-09,1852.210000,7694.665589,26.715875,1188.900000
2016-02-10,1851.860000,7693.912507,26.781838,1183.400000
2016-02-11,1829.080000,7599.969426,26.955059,1223.250000
2016-02-12,1864.780000,7748.998000,26.719598,1239.500000
2016-02-16,1895.580000,7877.691704,26.635940,1212.000000
2016-02-17,1926.820000,8008.237161,26.573895,1202.400000
2016-02-18,1917.830000,7971.602472,26.703358,1204.400000
2016-02-19,1917.780000,7972.120799,26.683850,1221.500000
2016-02-22,1945.500000,8088.077731,26.664367,1203.650000
2016-02-23,1921.270000,7988.082487,26.730234,1218.750000
2016-02-24,1929.800000,8024.275405,26.710695,1232.250000
2016-02-25,1951.700000,8116.068453,26.798025,1235.400000
2016-02-26,1948.050000,8101.629385,26.692651,1231.000000
2016-02-29,1932.230000,8036.574527,26.737223,1234.150000
2016-03-01,1978.350000,8229.089966,26.546562,1240.000000
2016-03-02,1986.450000,8263.491178,26.527252,1229.350000
2016-03-03,1993.400000,8293.114323,26.550411,1241.950000
2016-03-04,1999.990000,8321.244798,26.446137,1271.500000
2016-03-07,2001.760000,8329.325748,26.384639,1267.600000
2016-03-08,1979.260000,8236.420529,26.555501,1274.100000
2016-03-09,1989.260000,8278.743472,26.408719,1258.250000
2016-03-10,1989.570000,8280.746557,26.347329,1247.250000
2016-03-11,2022.190000,8417.226682,26.243957,1262.250000
2016-03-14,2019.640000,8407.337361,26.267015,1256.550000
2016-03-15,2015.930000,8392.617435,26.269068,1233.600000
2016-03-16,2027.220000,8440.342149,26.334167,1233.100000
2016-03-17,2040.590000,8496.735089,26.399397,1269.600000
2016-03-18,2049.580000,8534.899933,26.464756,1254.500000
2016-03-21,2051.600000,8544.046666,26.382043,1244.250000
2016-03-22,2049.800000,8537.286227,26.341842,1251.800000
2016-03-23,2036.710000,8483.502429,26.470311,1232.200000
2016-03-24,2035.940000,8481.025735,26.408757,1216.450000
2016-03-29,2055.010000,8561.195167,26.624296,1216.450000
2016-03-30,2063.950000,8599.176585,26.583609,1238.200000
2016-03-31,2059.740000,8582.376720,26.691874,1233.600000
2016-04-01,2072.780000,8637.434045,26.672406,1232.100000
2016-04-04,2066.130000,8610.450811,26.695638,1215.000000
2016-04-05,2045.170000,8523.827046,26.804307,1231.500000
2016-04-06,2066.660000,8614.110982,26.741816,1225.750000
2016-04-07,2041.910000,8511.675587,26.872045,1237.500000
2016-04-08,2047.600000,8536.111510,26.830862,1235.000000
2016-04-11,2041.990000,8513.443622,26.811229,1247.250000
2016-04-12,2061.720000,8596.419115,26.684376,1259.200000
2016-04-13,2082.420000,8683.452916,26.728966,1245.750000
2016-04-14,2082.780000,8685.685781,26.666694,1240.300000
2016-04-15,2080.730000,8677.868690,26.753932,1229.750000
2016-04-18,2094.340000,8735.361636,26.712994,1237.700000
2016-04-19,2100.800000,8763.041973,26.693511,1241.700000
2016-04-20,2102.400000,8770.454447,26.567278,1247.750000
2016-04-21,2091.480000,8725.639183,26.505467,1257.650000
2016-04-22,2091.580000,8726.791643,26.486240,1245.400000
2016-04-25,2087.790000,8711.713817,26.445848,1230.850000
2016-04-26,2091.700000,8728.763147,26.384383,1234.500000
2016-04-27,2095.150000,8743.895685,26.534167,1244.750000
2016-04-28,2075.810000,8663.918959,26.599818,1256.600000
2016-04-29,2065.300000,8620.782871,26.623040,1274.500000
2016-05-03,2063.370000,8613.459986,26.668963,1296.500000
2016-05-04,2051.120000,8563.055342,26.713549,1280.300000
2016-05-05,2050.630000,8561.737912,26.779559,1275.750000
2016-05-06,2057.140000,8589.646417,26.717158,1280.250000
2016-05-09,2058.690000,8596.848978,26.761803,1277.750000
2016-05-10,2084.390000,8704.900282,26.763683,1264.850000
2016-05-11,2064.460000,8622.408233,26.851206,1271.800000
2016-05-12,2064.110000,8621.679705,26.810088,1268.300000
2016-05-13,2046.610000,8549.316335,26.897742,1275.150000
2016-05-16,2066.660000,8633.798384,26.813494,1281.000000
2016-05-17,2047.210000,8553.277186,26.793906,1270.100000
2016-05-18,2047.630000,8555.759353,26.559991,1270.900000
2016-05-19,2040.040000,8524.773122,26.604458,1253.750000
2016-05-20,2052.320000,8576.812883,26.606411,1256.500000
2016-05-23,2048.040000,8559.655815,26.629649,1250.400000
2016-05-24,2076.060000,8677.491604,26.588986,1242.650000
2016-05-25,2090.540000,8738.752904,26.569677,1220.750000
2016-05-26,2090.100000,8737.656815,26.656672,1226.650000
2016-05-27,2099.060000,8775.857148,26.615957,1221.250000
2016-05-31,2096.950000,8767.781881,26.639204,1210.500000
2016-06-01,2099.330000,8778.475461,26.619837,1216.250000
2016-06-02,2105.260000,8804.015328,26.706975,1215.500000
2016-06-03,2099.130000,8779.125573,26.922549,1211.000000
2016-06-06,2109.410000,8822.862563,26.881300,1240.550000
2016-06-07,2112.130000,8834.986263,26.904650,1241.100000
2016-06-08,2119.120000,8864.973253,26.928011,1252.400000
2016-06-09,2115.480000,8850.496476,26.994465,1258.350000
2016-06-10,2096.070000,8770.040511,27.082647,1266.600000
2016-06-13,2079.060000,8699.612491,27.127742,1284.100000
2016-06-14,2075.320000,8684.699382,27.129486,1279.400000
2016-06-15,2071.500000,8669.448904,27.174637,1282.000000
2016-06-16,2077.990000,8697.344230,27.241581,1307.000000
2016-06-17,2071.220000,8669.745009,27.134312,1284.500000
2016-06-20,2083.250000,8720.834378,27.027519,1283.250000
2016-06-21,2088.900000,8745.224560,26.942822,1280.800000
2016-06-22,2085.450000,8731.521459,26.987759,1265.000000
2016-06-23,2113.320000,8848.948942,26.881618,1265.750000
2016-06-24,2037.410000,8531.845778,27.249064,1313.850000
2016-06-27,2000.540000,8378.171522,27.490554,1324.600000
2016-06-28,2036.090000,8527.762645,27.492146,1312.000000
2016-06-29,2070.770000,8673.734993,27.405764,1317.750000
2016-06-30,2098.860000,8792.128574,27.429320,1317.000000
2016-07-01,2102.950000,8809.986526,27.496772,1331.750000
2016-07-05,2088.550000,8750.386342,27.696342,1344.750000
2016-07-06,2099.730000,8797.948618,27.675691,1370.000000
2016-07-07,2097.900000,8791.006263,27.632925,1367.100000
2016-07-08,2129.900000,8925.823388,27.700779,1356.100000
2016-07-11,2137.160000,8956.984003,27.569322,1358.250000
2016-07-12,2152.140000,9020.504737,27.350331,1352.850000
2016-07-13,2152.430000,9022.464011,27.461393,1340.250000
2016-07-14,2163.750000,9070.658629,27.353161,1325.700000
2016-07-15,2161.740000,9062.980406,27.201644,1330.500000
2016-07-18,2166.890000,9085.318775,27.225132,1326.150000
2016-07-19,2163.780000,9073.028301,27.292190,1332.200000
2016-07-20,2173.020000,9112.520992,27.228378,1325.600000
2016-07-21,2165.170000,9080.353508,27.273662,1322.000000
2016-07-22,2175.030000,9122.453364,27.275361,1323.200000
2016-07-25,2168.480000,9095.733698,27.255240,1315.000000
2016-07-26,2169.180000,9099.419830,27.278753,1321.250000
2016-07-27,2166.580000,9089.263449,27.389568,1320.800000
2016-07-28,2170.060000,9104.612223,27.391220,1341.300000
2016-07-29,2173.600000,9120.215197,27.524350,1332.500000
2016-08-01,2170.840000,9109.382020,27.415847,1348.850000
2016-08-02,2157.030000,9052.178469,27.329759,1358.150000
2016-08-03,2163.790000,9081.289382,27.331440,1364.400000
2016-08-04,2164.250000,9083.964298,27.420582,1351.150000
2016-08-05,2182.870000,9162.862205,27.246733,1362.600000
2016-08-08,2180.890000,9155.301925,27.248452,1330.000000
2016-08-09,2181.740000,9159.620588,27.337366,1332.900000
2016-08-10,2175.490000,9134.131897,27.448397,1351.850000
2016-08-11,2185.790000,9178.126699,27.296320,1344.550000
2016-08-12,2184.050000,9171.572706,27.429043,1336.700000
2016-08-15,2190.150000,9197.940417,27.342914,1339.200000
2016-08-16,2178.150000,9148.298081,27.300847,1349.100000
2016-08-17,2182.220000,9166.142026,27.324388,1342.750000
2016-08-18,2187.020000,9187.055105,27.391659,1347.100000
2016-08-19,2183.870000,9174.575836,27.283755,1346.850000
2016-08-22,2182.640000,9170.160500,27.350947,1334.300000
2016-08-23,2186.900000,9188.810106,27.352629,1338.500000
2016-08-24,2175.440000,9141.411173,27.332429,1337.300000
2016-08-25,2172.470000,9129.680196,27.290389,1324.500000
2016-08-26,2169.040000,9116.014110,27.204771,1324.900000
2016-08-30,2176.120000,9146.517017,27.317041,1318.850000
2016-08-31,2170.950000,9125.536502,27.296889,1314.450000
2016-09-01,2170.860000,9125.913926,27.320438,1305.700000
2016-09-02,2179.980000,9165.008572,27.256571,1311.500000
2016-09-06,2186.480000,9193.094689,27.367328,1330.050000
2016-09-07,2186.160000,9192.510575,27.390905,1348.750000
2016-09-08,2181.300000,9172.836209,27.239190,1348.000000
2016-09-09,2127.810000,8948.658895,27.110182,1335.650000
2016-09-12,2159.040000,9080.740008,27.090291,1327.500000
2016-09-13,2127.020000,8946.818618,26.983736,1328.500000
2016-09-14,2125.770000,8942.301718,27.050349,1323.200000
2016-09-15,2147.260000,9033.442495,27.030533,1320.100000
2016-09-16,2139.160000,9000.114208,27.053992,1314.250000
2016-09-19,2139.120000,9000.691266,27.055817,1315.050000
2016-09-20,2139.760000,9004.129567,27.079287,1315.400000
2016-09-21,2163.120000,9103.174342,27.146093,1319.600000
2016-09-22,2177.180000,9163.097682,27.213032,1332.450000
2016-09-23,2164.690000,9111.289866,27.236563,1335.900000
2016-09-26,2146.100000,9033.798171,27.303681,1336.300000
2016-09-27,2159.930000,9092.762344,27.370933,1335.850000
2016-09-28,2171.370000,9141.674891,27.350731,1324.800000
2016-09-29,2151.130000,9057.219634,27.374315,1320.850000
2016-09-30,2168.270000,9130.136781,27.288412,1327.900000
2016-10-03,2161.200000,9101.131542,27.224652,1318.650000
2016-10-04,2150.490000,9056.792794,27.095735,1309.150000
2016-10-05,2159.730000,9096.465996,27.032522,1274.000000
2016-10-06,2160.770000,9101.608572,26.969489,1265.500000
2016-10-07,2153.740000,9072.759442,27.014514,1255.000000
2016-10-11,2136.730000,9001.864055,26.929922,1256.400000
2016-10-12,2139.180000,9012.940020,26.888725,1255.700000
2016-10-13,2132.550000,8985.761298,26.976679,1258.000000
2016-10-14,2132.980000,8988.326128,26.870646,1256.150000
2016-10-17,2126.500000,8961.772751,26.937055,1252.700000
2016-10-18,2139.600000,9017.731436,26.982046,1261.650000
2016-10-19,2144.290000,9038.253940,26.962334,1269.750000
2016-10-20,2141.340000,9026.576962,26.964217,1269.200000
2016-10-21,2141.160000,9026.574585,27.009243,1263.950000
2016-10-24,2151.330000,9070.205056,26.946286,1267.000000
2016-10-25,2143.160000,9036.519632,26.948179,1269.300000
2016-10-26,2139.430000,9021.549512,26.906954,1273.900000
2016-10-27,2133.040000,8995.360127,26.779712,1269.300000
2016-10-28,2126.410000,8968.154166,26.760254,1265.900000
2016-10-31,2126.150000,8967.809110,26.805046,1274.200000
2016-11-01,2111.720000,8907.692862,26.828447,1284.400000
2016-11-02,2097.940000,8850.308335,26.873321,1295.850000
2016-11-03,2088.660000,8811.897717,26.853752,1293.000000
2016-11-04,2085.180000,8797.950378,26.920141,1301.700000
2016-11-07,2131.520000,8994.204992,26.835909,1286.800000
2016-11-08,2139.560000,9028.880452,26.730514,1284.000000
2016-11-09,2163.260000,9129.646360,26.326204,1304.550000
2016-11-10,2167.480000,9148.217107,26.159879,1280.900000
2016-11-14,2164.200000,9135.135861,25.994688,1222.600000
2016-11-15,2180.390000,9204.235668,25.996988,1228.900000
2016-11-16,2176.940000,9190.439157,26.020086,1225.700000
2016-11-17,2187.120000,9234.182374,25.876666,1232.000000
2016-11-18,2181.900000,9212.912864,25.775511,1206.100000
2016-11-21,2198.180000,9282.421915,25.798525,1214.950000
2016-11-22,2202.940000,9303.296066,25.842188,1217.550000
2016-11-23,2204.720000,9311.588710,25.741188,1213.250000
2016-11-25,2213.350000,9348.813502,25.743598,1187.500000
2016-11-28,2201.720000,9300.469634,25.828389,1189.100000
2016-11-29,2204.660000,9313.663976,25.872092,1187.300000
2016-11-30,2198.810000,9289.726786,25.729570,1187.400000
2016-12-01,2191.080000,9257.818270,25.567320,1168.750000
2016-12-02,2191.950000,9262.241517,25.672075,1171.650000
2016-12-05,2204.710000,9316.907463,25.695058,1164.900000
2016-12-06,2212.230000,9349.438377,25.697495,1171.150000
2016-12-07,2241.350000,9473.261487,25.802722,1171.250000
2016-12-08,2246.190000,9494.482856,25.681265,1174.750000
2016-12-09,2259.530000,9551.636472,25.539896,1168.900000
2016-12-12,2256.960000,9541.543409,25.501535,1154.400000
2016-12-13,2271.720000,9604.713110,25.524456,1157.350000
2016-12-14,2253.280000,9527.525054,25.404451,1160.950000
2016-12-15,2262.030000,9565.291674,25.285070,1132.450000
2016-12-16,2258.070000,9549.318408,25.287679,1134.850000
2016-12-19,2262.530000,9568.950456,25.411669,1137.600000
2016-12-20,2270.760000,9604.530124,25.353242,1132.750000
2016-12-21,2265.180000,9581.703935,25.396393,1134.400000
2016-12-22,2260.960000,9564.626789,25.398963,1130.550000
2016-12-23,2263.790000,9577.370710,25.401533,1131.000000
2016-12-28,2249.920000,9519.464271,25.487792,1139.750000
2016-12-29,2249.260000,9517.440212,25.531111,1146.800000
2016-12-30,2238.830000,9474.075327,25.615333,1159.100000
2017-01-03,2257.830000,9555.236705,25.617824,1148.650000
2017-01-04,2270.750000,9610.680141,25.599820,1165.900000
2017-01-05,2269.000000,9604.043338,25.786638,1173.050000
2017-01-06,2276.980000,9638.589782,25.685916,1178.000000
2017-01-09,2268.900000,9605.158769,25.770578,1176.100000
2017-01-10,2268.900000,9605.928191,25.773012,1183.200000
2017-01-11,2275.320000,9633.878273,25.775446,1187.550000
2017-01-12,2270.440000,9613.987703,25.819121,1206.650000
2017-01-13,2274.640000,9632.542380,25.738918,1196.350000
2017-01-17,2267.890000,9604.729402,25.885507,1217.500000
2017-01-18,2271.890000,9622.439169,25.701525,1212.500000
2017-01-19,2263.690000,9588.479420,25.601187,1203.350000
2017-01-20,2271.310000,9621.524105,25.583215,1199.100000
2017-01-23,2265.200000,9596.412192,25.728999,1213.750000
2017-01-24,2280.070000,9660.176962,25.607960,1213.300000
2017-01-25,2298.370000,9738.484041,25.487552,1203.500000
2017-01-26,2296.680000,9732.103400,25.530891,1191.550000
2017-01-27,2294.690000,9724.450434,25.574284,1184.200000
2017-01-30,2280.900000,9666.790071,25.576811,1189.850000
2017-01-31,2278.870000,9658.960991,25.661184,1198.800000
2017-02-01,2279.550000,9662.602428,25.602092,1210.000000
2017-02-02,2280.850000,9668.872446,25.604611,1224.050000
2017-02-03,2297.420000,9739.875258,25.586647,1213.050000
2017-02-06,2292.560000,9720.036992,25.732461,1221.850000
2017-02-07,2293.080000,9723.005764,25.776104,1231.000000
2017-02-08,2294.670000,9730.511905,25.902284,1235.600000
2017-02-09,2307.870000,9787.251187,25.780358,1241.750000
2017-02-10,2316.100000,9822.922450,25.762189,1225.750000
2017-02-13,2328.250000,9875.224550,25.723433,1229.400000
2017-02-14,2337.580000,9915.573819,25.643599,1229.650000
2017-02-15,2349.250000,9965.855197,25.564053,1225.150000
2017-02-16,2347.220000,9958.027036,25.689307,1236.750000
2017-02-17,2351.160000,9975.525170,25.753458,1241.400000
2017-02-21,2365.380000,10036.642078,25.735329,1228.700000
2017-02-22,2362.820000,10026.568590,25.758399,1237.500000
2017-02-23,2363.810000,10031.557793,25.843299,1237.350000
2017-02-24,2367.340000,10047.326993,25.990462,1255.350000
2017-02-27,2369.750000,10058.345169,25.888883,1256.250000
2017-02-28,2363.640000,10033.202086,25.891308,1251.900000
2017-03-01,2395.960000,10171.174534,25.686602,1246.050000
2017-03-02,2381.920000,10112.363760,25.627462,1243.300000
2017-03-03,2383.120000,10118.244674,25.629994,1228.750000
2017-03-06,2375.310000,10085.871807,25.632526,1231.150000
2017-03-07,2368.390000,10057.272890,25.573541,1223.700000
2017-03-08,2362.980000,10035.081612,25.473804,1213.300000
2017-03-09,2364.870000,10043.888390,25.415265,1204.600000
2017-03-10,2372.600000,10077.499662,25.458552,1196.550000
2017-03-13,2373.470000,10081.978585,25.379691,1207.800000
2017-03-14,2365.450000,10048.695379,25.422937,1203.550000
2017-03-15,2385.260000,10133.631871,25.608605,1202.250000
2017-03-16,2381.380000,10117.935934,25.570182,1225.600000
2017-03-17,2378.250000,10105.424070,25.634118,1228.750000
2017-03-20,2373.470000,10085.899182,25.698182,1233.000000
2017-03-21,2344.020000,9961.537707,25.782935,1232.050000
2017-03-22,2348.450000,9981.138797,25.847301,1246.100000
2017-03-23,2345.960000,9971.332206,25.829085,1247.900000
2017-03-24,2343.980000,9963.691747,25.852218,1244.000000
2017-03-27,2341.590000,9954.307227,25.896044,1256.900000
2017-03-28,2358.570000,10027.264779,25.815622,1253.650000
2017-03-29,2361.130000,10038.928143,25.880059,1252.900000
2017-03-30,2368.060000,10069.173394,25.820401,1250.900000
2017-03-31,2362.720000,10047.250298,25.864193,1241.700000
2017-04-03,2358.840000,10031.539462,25.970113,1246.250000
2017-04-04,2360.160000,10037.940358,25.951759,1258.650000
2017-04-05,2352.950000,10008.063456,25.995712,1252.500000
2017-04-06,2357.490000,10028.159376,25.998126,1253.750000
2017-04-07,2355.540000,10020.651585,25.917346,1264.300000
2017-04-10,2357.160000,10028.329613,25.940528,1253.600000
2017-04-11,2353.780000,10014.736724,26.046730,1255.700000
2017-04-12,2344.930000,9977.868176,26.132477,1272.300000
2017-04-13,2328.950000,9910.655038,26.218465,1286.100000
2017-04-18,2342.190000,9967.774557,26.348739,1285.000000
2017-04-19,2338.170000,9951.448714,26.287781,1282.050000
2017-04-20,2355.840000,10027.434714,26.226996,1279.900000
2017-04-21,2348.690000,9997.788294,26.229327,1281.500000
2017-04-24,2374.150000,10106.949799,26.147725,1271.800000
2017-04-25,2388.610000,10169.300390,26.003663,1270.500000
2017-04-26,2387.450000,10165.159877,26.068497,1264.950000
2017-04-27,2388.770000,10171.577866,26.112607,1264.300000
2017-04-28,2384.200000,10152.916699,26.135880,1265.550000
2017-05-02,2391.170000,10183.387384,26.140404,1255.800000
2017-05-03,2388.130000,10171.232686,26.059130,1253.950000
2017-05-04,2389.520000,10177.943751,25.998998,1235.850000
2017-05-05,2399.290000,10220.349649,26.001433,1239.400000
2017-05-08,2399.380000,10221.527792,25.941464,1229.700000
2017-05-09,2396.920000,10211.842876,25.881665,1225.150000
2017-05-10,2399.630000,10224.182670,25.904856,1222.950000
2017-05-11,2394.440000,10202.864530,25.948781,1221.000000
2017-05-12,2390.900000,10188.573766,26.075796,1227.900000
2017-05-15,2402.320000,10238.031214,26.057346,1231.500000
2017-05-16,2400.670000,10231.795506,26.080612,1234.050000
2017-05-17,2357.030000,10046.594937,26.312533,1244.600000
2017-05-18,2365.720000,10084.416412,26.293801,1261.350000
2017-05-19,2381.730000,10153.446852,26.296127,1251.850000
2017-05-22,2394.020000,10206.629366,26.256381,1255.250000
2017-05-23,2398.420000,10226.181960,26.174705,1259.900000
2017-05-24,2404.390000,10252.431565,26.239902,1251.350000
2017-05-25,2415.070000,10298.768846,26.263248,1257.100000
2017-05-26,2415.820000,10302.767993,26.265593,1265.000000
2017-05-30,2412.910000,10291.158866,26.351988,1262.800000
2017-05-31,2411.800000,10287.224944,26.354299,1263.800000
2017-06-01,2430.060000,10365.902605,26.356610,1266.150000
2017-06-02,2439.070000,10405.134566,26.485433,1260.950000
2017-06-05,2436.100000,10393.265511,26.424128,1280.700000
2017-06-06,2429.330000,10365.182420,26.510971,1287.850000
2017-06-07,2433.140000,10382.236449,26.428387,1292.700000
2017-06-08,2433.790000,10385.809284,26.409531,1284.800000
2017-06-09,2431.770000,10377.988809,26.369570,1274.250000
2017-06-12,2429.390000,10368.630708,26.371883,1269.250000
2017-06-13,2440.350000,10416.206192,26.374196,1261.300000
2017-06-14,2437.920000,10406.636056,26.503105,1268.250000
2017-06-15,2432.460000,10384.130363,26.484164,1260.250000
2017-06-16,2433.150000,10387.875384,26.486434,1256.600000
2017-06-19,2453.460000,10475.384813,26.425136,1251.100000
2017-06-20,2437.030000,10406.041118,26.490853,1246.500000
2017-06-21,2435.610000,10400.778873,26.493124,1247.050000
2017-06-22,2434.500000,10396.839547,26.516589,1251.400000
2017-06-23,2438.300000,10413.868329,26.518852,1256.300000
2017-06-26,2439.070000,10417.958676,26.542329,1240.850000
2017-06-27,2419.380000,10334.659138,26.395946,1250.400000
2017-06-28,2440.690000,10426.482862,26.377144,1251.600000
2017-06-29,2419.700000,10337.617511,26.273959,1246.600000
2017-06-30,2423.410000,10354.263484,26.192249,1243.250000
2017-07-03,2429.010000,10378.985942,26.110835,1235.200000
2017-07-05,2432.540000,10394.867174,26.155047,1221.900000
2017-07-06,2409.750000,10298.278675,26.073770,1224.300000
2017-07-07,2425.180000,10365.011728,26.034504,1220.400000
2017-07-10,2427.430000,10375.424756,26.057800,1207.550000
2017-07-11,2425.530000,10368.101215,26.081108,1211.900000
2017-07-12,2443.250000,10444.643578,26.167020,1219.400000
2017-07-13,2447.830000,10465.025450,26.127572,1221.400000
2017-07-14,2459.270000,10514.738439,26.171813,1218.950000
2017-07-17,2459.140000,10514.990846,26.216108,1229.850000
2017-07-18,2460.610000,10522.084640,26.302402,1237.100000
2017-07-19,2473.830000,10579.424927,26.304772,1239.850000
2017-07-20,2473.450000,10578.613044,26.307141,1236.550000
2017-07-21,2472.540000,10575.534235,26.372648,1247.250000
2017-07-24,2469.910000,10565.098116,26.332796,1255.850000
2017-07-25,2477.130000,10596.793936,26.187694,1252.000000
2017-07-26,2477.830000,10600.602968,26.273916,1245.400000
2017-07-27,2475.420000,10591.107383,26.213246,1262.050000
2017-07-28,2472.100000,10577.716832,26.257601,1259.600000
2017-07-31,2470.300000,10570.827992,26.259997,1266.350000
2017-08-01,2476.350000,10597.534204,26.346426,1267.050000
2017-08-02,2477.570000,10603.574503,26.327712,1266.650000
2017-08-03,2472.160000,10581.240410,26.393270,1261.800000
2017-08-04,2476.830000,10602.046809,26.332272,1269.300000
2017-08-07,2480.910000,10620.330870,26.355710,1257.550000
2017-08-08,2474.920000,10595.509829,26.294820,1261.450000
2017-08-09,2474.020000,10592.475947,26.402388,1267.950000
2017-08-10,2438.210000,10439.974941,26.489223,1278.900000
2017-08-11,2441.320000,10454.098531,26.512727,1288.300000
2017-08-14,2465.840000,10559.905072,26.451400,1281.100000
2017-08-15,2464.610000,10555.454027,26.347925,1274.600000
2017-08-16,2468.110000,10571.259917,26.434612,1270.150000
2017-08-17,2430.010000,10408.889575,26.521542,1285.900000
2017-08-18,2425.550000,10390.590000,26.523847,1295.250000
2017-08-21,2428.370000,10403.473650,26.547371,1287.600000
2017-08-22,2452.510000,10507.697065,26.464716,1285.100000
2017-08-23,2444.040000,10472.219999,26.572906,1286.450000
2017-08-24,2438.970000,10451.305692,26.532678,1285.900000
2017-08-25,2443.050000,10469.597033,26.577436,1287.050000
2017-08-29,2446.300000,10484.334204,26.667109,1323.400000
2017-08-30,2457.590000,10533.531362,26.626695,1310.600000
2017-08-31,2471.650000,10594.608605,26.692871,1305.800000
2017-09-01,2476.550000,10616.424613,26.609700,1318.400000
2017-09-05,2457.850000,10537.075897,26.803570,1331.150000
2017-09-06,2465.540000,10570.851763,26.741443,1340.150000
2017-09-07,2465.100000,10569.775862,26.850638,1340.450000
2017-09-08,2461.430000,10554.850245,26.831341,1350.900000
2017-09-11,2488.110000,10670.066014,26.661814,1338.750000
2017-09-12,2496.480000,10706.778287,26.600090,1326.250000
2017-09-13,2498.370000,10715.705019,26.538540,1332.250000
2017-09-14,2495.620000,10704.731733,26.540857,1323.000000
2017-09-15,2500.230000,10725.326741,26.543174,1325.000000
2017-09-18,2503.870000,10741.763797,26.481788,1314.400000
2017-09-19,2506.650000,10754.513854,26.462946,1308.450000
2017-09-20,2508.240000,10762.160235,26.380617,1314.900000
2017-09-21,2500.600000,10730.204361,26.404108,1297.350000
2017-09-22,2502.220000,10737.978656,26.427610,1297.000000
2017-09-25,2496.660000,10714.941967,26.514548,1295.500000
2017-09-26,2496.840000,10716.536096,26.474461,1306.900000
2017-09-27,2507.040000,10761.136643,26.328557,1291.300000
2017-09-28,2510.060000,10774.924755,26.330970,1284.300000
2017-09-29,2519.360000,10815.673050,26.291255,1286.950000
2017-10-02,2529.120000,10858.385752,26.272652,1273.100000
2017-10-03,2534.580000,10882.643415,26.296110,1270.700000
2017-10-04,2537.740000,10897.029224,26.298542,1275.550000
2017-10-05,2552.070000,10959.380996,26.258895,1278.400000
2017-10-06,2549.330000,10948.438173,26.219330,1268.200000
2017-10-10,2550.640000,10954.886907,26.263747,1289.600000
2017-10-11,2555.240000,10975.466954,26.266196,1290.200000
2017-10-12,2550.930000,10957.779101,26.310671,1294.450000
2017-10-13,2553.170000,10968.224715,26.418347,1293.900000
2017-10-16,2557.640000,10988.251747,26.378468,1305.150000
2017-10-17,2559.360000,10996.467048,26.380875,1289.700000
2017-10-18,2561.260000,11005.456903,26.298864,1280.650000
2017-10-19,2562.100000,11009.893342,26.322345,1283.400000
2017-10-20,2575.210000,11067.057207,26.198432,1280.250000
2017-10-23,2564.980000,11023.925094,26.221875,1275.250000
2017-10-24,2569.130000,11042.589651,26.140442,1278.300000
2017-10-25,2557.150000,10991.927264,26.101127,1273.000000
2017-10-26,2560.400000,11006.723445,26.061893,1278.000000
2017-10-27,2581.070000,11096.407398,26.147835,1267.800000
2017-10-30,2572.830000,11061.816286,26.254937,1272.750000
2017-10-31,2575.260000,11073.095293,26.236403,1274.400000
2017-11-01,2579.360000,11091.549139,26.259870,1279.250000
2017-11-02,2579.850000,11094.482249,26.304355,1276.400000
2017-11-03,2587.840000,11129.669012,26.327851,1275.300000
2017-11-06,2591.130000,11144.647392,26.372421,1271.600000
2017-11-07,2590.640000,11143.369872,26.374849,1276.350000
2017-11-08,2594.380000,11160.287007,26.377277,1282.250000
2017-11-09,2584.620000,11119.133427,26.358603,1284.000000
2017-11-10,2582.300000,11109.980806,26.213432,1284.450000
2017-11-13,2584.840000,11121.736222,26.215929,1278.400000
2017-11-14,2578.870000,11096.877531,26.260371,1273.700000
2017-11-15,2564.620000,11036.386231,26.367893,1285.700000
2017-11-16,2585.640000,11127.664009,26.285954,1277.700000
2017-11-17,2578.850000,11099.271035,26.330483,1283.850000
2017-11-20,2582.140000,11114.257696,26.290810,1292.350000
2017-11-21,2599.030000,11187.784757,26.314315,1280.000000
2017-11-22,2597.080000,11180.224006,26.400985,1283.950000
2017-11-24,2602.420000,11204.044941,26.361174,1289.150000
2017-11-27,2601.420000,11200.574131,26.405800,1294.700000
2017-11-28,2627.040000,11311.716793,26.365982,1293.900000
2017-11-29,2626.070000,11308.382540,26.305152,1294.850000
2017-11-30,2647.580000,11401.851103,26.202405,1282.150000
2017-12-01,2642.220000,11379.599088,26.309731,1277.250000
2017-12-04,2639.440000,11368.455394,26.312205,1279.100000
2017-12-05,2629.570000,11326.772345,26.335729,1275.900000
2017-12-06,2629.270000,11326.305557,26.401402,1268.550000
2017-12-07,2636.980000,11360.343925,26.319358,1256.800000
2017-12-08,2651.500000,11423.725271,26.300778,1245.850000
2017-12-11,2659.990000,11461.136112,26.282221,1251.400000
2017-12-12,2664.110000,11479.723256,26.263688,1243.400000
2017-12-13,2662.850000,11475.130479,26.350233,1241.600000
2017-12-14,2652.010000,11429.253478,26.373781,1255.600000
2017-12-15,2675.810000,11532.656234,26.376241,1257.250000
2017-12-18,2690.160000,11595.344734,26.294296,1258.650000
2017-12-19,2681.470000,11558.733418,26.149542,1263.100000
2017-12-20,2679.250000,11550.006250,26.089336,1265.950000
2017-12-21,2684.570000,11573.782012,26.112785,1265.850000
2017-12-22,2683.340000,11569.322658,26.115355,1268.050000
2017-12-27,2682.620000,11567.061478,26.245935,1285.400000
2017-12-28,2687.540000,11589.118754,26.227458,1291.600000
2017-12-29,2673.610000,11529.894850,26.292933,1296.500000
2018-01-02,2695.810000,11626.440265,26.169231,1312.800000
2018-01-03,2713.060000,11701.650836,26.213657,1314.600000
2018-01-04,2723.990000,11749.613182,26.174253,1313.700000
2018-01-05,2743.150000,11833.081327,26.155869,1317.900000
2018-01-08,2747.710000,11853.581295,26.116583,1318.800000
2018-01-09,2751.290000,11869.856372,25.993804,1314.950000
2018-01-10,2748.230000,11857.486801,25.996434,1321.650000
2018-01-11,2767.560000,11941.719116,26.019862,1319.850000
2018-01-12,2786.240000,12023.158463,26.001669,1332.900000
2018-01-16,2776.420000,11981.626182,26.025101,1334.950000
2018-01-17,2802.560000,12095.273202,25.965264,1337.350000
2018-01-18,2798.030000,12076.570605,25.864051,1329.750000
2018-01-19,2810.300000,12130.375764,25.825358,1335.800000
2018-01-22,2832.970000,12229.078940,25.786743,1334.150000
2018-01-23,2839.130000,12256.527140,25.851353,1337.100000
2018-01-24,2837.540000,12250.522365,25.812689,1350.500000
2018-01-25,2839.250000,12258.763791,25.856703,1360.250000
2018-01-26,2872.870000,12404.781131,25.797346,1354.350000
2018-01-29,2853.530000,12322.142489,25.717517,1348.400000
2018-01-30,2822.430000,12188.710008,25.658551,1345.700000
2018-01-31,2823.810000,12195.524064,25.681857,1343.350000
2018-02-01,2821.980000,12188.508737,25.561356,1341.100000
2018-02-02,2762.130000,11930.896191,25.441482,1345.000000
2018-02-05,2648.940000,11442.845923,25.586821,1337.100000
2018-02-06,2695.140000,11643.253196,25.548695,1344.650000
2018-02-07,2681.660000,11585.866248,25.449329,1328.500000
2018-02-08,2581.000000,11151.817660,25.431837,1311.050000
2018-02-09,2619.550000,11319.194110,25.475405,1316.050000
2018-02-12,2656.000000,11477.520505,25.417124,1321.700000
2018-02-13,2662.940000,11508.346538,25.481010,1329.400000
2018-02-14,2698.630000,11663.424992,25.320793,1330.750000
2018-02-15,2731.200000,11805.041246,25.343974,1353.700000
2018-02-16,2732.220000,11810.309659,25.407716,1358.600000
2018-02-20,2716.260000,11742.180932,25.390283,1337.400000
2018-02-21,2701.330000,11678.494801,25.271312,1328.600000
2018-02-22,2703.960000,11690.715380,25.314694,1323.500000
2018-02-23,2747.300000,11878.949534,25.398635,1328.900000
2018-02-26,2779.600000,12019.475376,25.442175,1339.050000
2018-02-27,2744.280000,11867.620825,25.363648,1332.750000
2018-02-28,2713.830000,11736.804234,25.427439,1320.300000
2018-03-01,2677.670000,11581.280645,25.552387,1311.250000
2018-03-02,2691.250000,11640.866152,25.453027,1316.750000
2018-03-05,2720.940000,11770.143316,25.415190,1326.300000
2018-03-06,2728.120000,11802.066355,25.418095,1324.950000
2018-03-07,2726.800000,11797.222329,25.400665,1332.500000
2018-03-08,2738.970000,11850.740638,25.464540,1325.400000
2018-03-09,2786.570000,12057.562212,25.385944,1319.350000
2018-03-12,2783.020000,12043.086424,25.449791,1317.250000
2018-03-13,2765.310000,11967.333245,25.513769,1318.700000
2018-03-14,2749.480000,11899.704852,25.577878,1324.950000
2018-03-15,2747.330000,11891.273255,25.560267,1323.350000
2018-03-16,2752.010000,11912.402656,25.501783,1320.050000
2018-03-19,2712.920000,11744.071441,25.504667,1311.700000
2018-03-20,2716.940000,11762.335927,25.425937,1312.750000
2018-03-21,2711.930000,11741.509825,25.428853,1316.350000
2018-03-22,2643.690000,11446.921443,25.553827,1328.850000
2018-03-23,2588.260000,11207.755245,25.577140,1342.350000
2018-03-26,2658.550000,11512.949723,25.518617,1348.400000
2018-03-27,2612.620000,11314.893324,25.664408,1350.650000
2018-03-28,2605.000000,11282.722802,25.687770,1341.050000
2018-03-29,2640.870000,11438.910488,25.752245,1323.900000
2018-04-03,2614.450000,11325.333373,25.654716,1336.600000
2018-04-04,2644.690000,11457.180073,25.657556,1343.150000
2018-04-05,2662.840000,11536.670812,25.578293,1327.050000
2018-04-06,2604.470000,11284.652911,25.703941,1325.600000
2018-04-09,2613.160000,11323.154286,25.686203,1328.500000
2018-04-10,2656.870000,11513.407493,25.647939,1335.950000
2018-04-11,2642.190000,11450.659021,25.671307,1345.200000
2018-04-12,2663.990000,11545.997153,25.592001,1345.900000
2018-04-13,2656.300000,11513.536925,25.615349,1340.750000
2018-04-16,2677.840000,11607.767023,25.597723,1344.400000
2018-04-17,2706.390000,11732.397780,25.621076,1342.950000
2018-04-18,2708.640000,11743.034719,25.521458,1346.550000
2018-04-19,2693.130000,11676.676508,25.422279,1347.900000
2018-04-20,2670.140000,11577.876975,25.343874,1340.150000
2018-04-23,2670.290000,11579.398778,25.306300,1328.000000
2018-04-24,2634.560000,11425.331341,25.268803,1327.350000
2018-04-25,2639.400000,11447.180947,25.211166,1325.700000
2018-04-26,2666.940000,11567.484561,25.274704,1321.900000
2018-04-27,2669.910000,11581.237140,25.358592,1317.700000
2018-04-30,2648.050000,11487.286923,25.381857,1316.250000
2018-05-01,2654.800000,11517.423368,25.344218,1309.200000
2018-05-02,2635.670000,11435.288007,25.347205,1310.750000
2018-05-03,2629.730000,11410.367298,25.411025,1313.300000
2018-05-04,2663.420000,11557.396912,25.393661,1309.350000
2018-05-08,2671.920000,11595.141067,25.358972,1310.050000
2018-05-09,2697.790000,11708.270119,25.301099,1306.850000
2018-05-10,2723.070000,11818.855293,25.364834,1314.800000
2018-05-11,2727.720000,11839.917044,25.367824,1324.800000
2018-05-14,2730.130000,11851.258938,25.309931,1320.700000
2018-05-15,2711.450000,11771.052581,25.150960,1310.050000
2018-05-16,2722.460000,11819.725568,25.133913,1291.750000
2018-05-17,2720.130000,11810.489297,25.096781,1288.850000
2018-05-18,2712.970000,11780.280286,25.200265,1287.200000
2018-05-21,2733.010000,11868.174768,25.203325,1285.850000
2018-05-22,2724.440000,11831.842467,25.206386,1293.900000
2018-05-23,2733.290000,11871.157185,25.310272,1294.000000
2018-05-24,2727.760000,11848.022820,25.374040,1296.350000
2018-05-25,2721.330000,11820.975793,25.478537,1303.950000
2018-05-29,2689.860000,11685.155344,25.807624,1302.050000
2018-05-30,2724.010000,11834.377619,25.665938,1298.600000
2018-05-31,2705.270000,11753.842922,25.689364,1303.500000
2018-06-01,2734.620000,11882.226115,25.568940,1299.150000
2018-06-04,2746.870000,11936.326616,25.469596,1294.650000
2018-06-05,2748.800000,11945.590164,25.513319,1292.250000
2018-06-06,2772.350000,12048.810065,25.414222,1295.250000
2018-06-07,2770.370000,12041.089994,25.498543,1298.300000
2018-06-08,2779.030000,12079.614241,25.501508,1299.200000
2018-06-11,2782.000000,12093.411343,25.443269,1296.050000
2018-06-12,2786.850000,12115.382804,25.446258,1298.300000
2018-06-13,2775.630000,12067.495682,25.408532,1294.400000
2018-06-14,2782.490000,12098.207138,25.492844,1305.300000
2018-06-15,2779.660000,12086.791122,25.516213,1300.100000
2018-06-18,2773.750000,12061.980603,25.539593,1281.250000
2018-06-19,2762.590000,12014.336123,25.603847,1279.000000
2018-06-20,2767.320000,12035.789208,25.524851,1273.250000
2018-06-21,2749.760000,11960.300413,25.589078,1263.700000
2018-06-22,2754.880000,11983.448894,25.592023,1269.700000
2018-06-25,2717.070000,11819.859558,25.656389,1269.800000
2018-06-26,2723.060000,11846.785708,25.638786,1257.150000
2018-06-27,2699.630000,11745.722813,25.744271,1256.800000
2018-06-28,2716.310000,11819.158093,25.726567,1250.500000
2018-06-29,2718.370000,11828.989791,25.708885,1250.550000
2018-07-02,2726.710000,11866.145635,25.670658,1249.000000
2018-07-03,2713.220000,11808.306652,25.755728,1245.850000
2018-07-05,2736.610000,11910.965964,25.738016,1252.500000
2018-07-06,2759.820000,12012.856710,25.782097,1254.200000
2018-07-09,2784.170000,12119.724377,25.702480,1262.600000
2018-07-10,2793.840000,12162.704263,25.684835,1253.700000
2018-07-11,2774.020000,12077.308577,25.728856,1250.000000
2018-07-12,2798.290000,12183.855851,25.731766,1244.850000
2018-07-13,2801.310000,12197.895296,25.775847,1240.500000
2018-07-16,2798.430000,12186.246038,25.737500,1244.900000
2018-07-17,2809.550000,12235.560426,25.719821,1243.650000
2018-07-18,2815.620000,12262.889245,25.681588,1223.450000
2018-07-19,2804.490000,12215.310710,25.766704,1217.400000
2018-07-20,2801.830000,12204.617298,25.666541,1224.850000
2018-07-23,2806.980000,12227.942187,25.525752,1229.450000
2018-07-24,2820.400000,12287.296709,25.549171,1224.300000
2018-07-25,2846.070000,12400.027917,25.572601,1230.550000
2018-07-26,2837.440000,12363.333965,25.493752,1228.350000
2018-07-27,2818.820000,12283.106006,25.537557,1219.150000
2018-07-30,2802.600000,12213.324301,25.499697,1222.050000
2018-07-31,2816.290000,12273.875744,25.543512,1219.200000
2018-08-01,2813.360000,12261.990662,25.464773,1222.750000
2018-08-02,2827.220000,12323.282786,25.508548,1217.600000
2018-08-03,2840.350000,12381.401734,25.572785,1207.700000
2018-08-06,2850.400000,12426.102912,25.596237,1212.000000
2018-08-07,2858.450000,12462.091607,25.517315,1215.400000
2018-08-08,2857.700000,12459.719728,25.561160,1212.350000
2018-08-09,2853.580000,12442.654067,25.625509,1215.500000
2018-08-10,2833.280000,12355.035154,25.751491,1211.650000
2018-08-13,2821.930000,12306.431614,25.733823,1204.400000
2018-08-14,2839.960000,12385.947119,25.716177,1195.300000
2018-08-15,2818.370000,12292.678864,25.780845,1186.700000
2018-08-16,2840.690000,12390.916097,25.763146,1179.650000
2018-08-17,2850.130000,12432.985595,25.766080,1176.700000
2018-08-20,2857.050000,12464.068205,25.872079,1188.750000
2018-08-21,2862.960000,12490.749034,25.812881,1194.100000
2018-08-22,2861.820000,12486.675339,25.877752,1196.850000
2018-08-23,2856.980000,12466.457176,25.880647,1187.300000
2018-08-24,2874.690000,12544.633153,25.883544,1189.950000
2018-08-28,2897.520000,12645.163062,25.765262,1212.750000
2018-08-29,2914.040000,12718.169655,25.747594,1204.300000
2018-08-30,2901.130000,12662.741034,25.812341,1202.350000
2018-08-31,2901.520000,12665.355672,25.815271,1206.850000
2018-09-04,2896.720000,12645.309932,25.735592,1195.750000
2018-09-05,2888.600000,12610.768163,25.738553,1194.700000
2018-09-06,2878.050000,12565.612720,25.782697,1204.300000
2018-09-07,2871.680000,12538.700683,25.661887,1200.750000
2018-09-10,2877.130000,12563.394737,25.664880,1195.800000
2018-09-11,2887.890000,12611.279125,25.585747,1194.000000
2018-09-12,2888.920000,12616.679841,25.609241,1197.800000
2018-09-13,2904.180000,12684.227449,25.612260,1206.650000
2018-09-14,2904.980000,12688.629487,25.574299,1206.200000
2018-09-17,2888.800000,12618.865338,25.577333,1196.800000
2018-09-18,2904.310000,12687.519467,25.457597,1199.400000
2018-09-19,2907.950000,12704.329071,25.399579,1203.000000
2018-09-20,2930.750000,12804.847731,25.423004,1203.000000
2018-09-21,2929.670000,12801.045674,25.426101,1207.600000
2018-09-24,2919.370000,12756.956681,25.408857,1198.750000
2018-09-25,2915.560000,12741.221065,25.371309,1199.450000
2018-09-26,2905.970000,12700.224085,25.455618,1198.800000
2018-09-27,2914.000000,12736.227443,25.458709,1196.000000
2018-09-28,2913.980000,12737.051728,25.482167,1183.500000
2018-10-01,2924.590000,12784.386472,25.403709,1185.300000
2018-10-02,2923.430000,12780.277544,25.488115,1192.650000
2018-10-03,2925.510000,12790.332144,25.287295,1203.500000
2018-10-04,2901.610000,12686.803602,25.209537,1199.450000
2018-10-05,2885.570000,12617.625878,25.132058,1201.100000
2018-10-09,2880.340000,12595.706134,25.175490,1187.400000
2018-10-10,2785.680000,12182.706269,25.158557,1186.400000
2018-10-11,2728.370000,11932.987118,25.322786,1201.100000
2018-10-12,2767.130000,12103.408302,25.305683,1218.750000
2018-10-15,2750.790000,12032.847847,25.288602,1233.000000
2018-10-16,2809.920000,12292.406939,25.291773,1228.850000
2018-10-17,2809.210000,12290.225756,25.234244,1226.750000
2018-10-18,2768.780000,12114.270137,25.277813,1224.600000
2018-10-19,2767.780000,12110.806242,25.220326,1228.250000
2018-10-22,2755.880000,12059.647291,25.223529,1222.900000
2018-10-23,2740.690000,11994.083617,25.287268,1235.600000
2018-10-24,2656.100000,11624.794712,25.432058,1231.650000
2018-10-25,2705.570000,11842.181704,25.353804,1232.150000
2018-10-26,2658.690000,11637.880589,25.478662,1236.050000
2018-10-29,2641.250000,11562.416071,25.481776,1230.750000
2018-10-30,2682.630000,11744.432310,25.403348,1220.000000
2018-10-31,2711.740000,11872.758157,25.345525,1217.700000
2018-11-01,2740.370000,11999.030114,25.368970,1223.250000
2018-11-02,2723.060000,11924.167849,25.209770,1235.500000
2018-11-05,2738.310000,11991.872751,25.253327,1231.600000
2018-11-06,2755.450000,12067.864937,25.216128,1234.850000
2018-11-07,2813.890000,12324.747736,25.219350,1235.050000
2018-11-08,2806.830000,12294.782042,25.182222,1223.450000
2018-11-09,2781.010000,12182.637023,25.286188,1219.050000
2018-11-13,2722.180000,11925.869113,25.390534,1197.550000
2018-11-14,2701.580000,11836.546435,25.434323,1201.450000
2018-11-15,2730.200000,11962.859425,25.457819,1210.600000
2018-11-16,2736.270000,11990.384998,25.522060,1215.800000
2018-11-19,2690.730000,11791.758809,25.566014,1223.550000
2018-11-20,2641.890000,11578.639641,25.569119,1223.100000
2018-11-21,2649.930000,11614.775588,25.572223,1224.000000
2018-11-23,2632.560000,11539.543768,25.595786,1222.150000
2018-11-26,2673.450000,11719.676605,25.557931,1226.650000
2018-11-27,2682.170000,11758.812613,25.581491,1225.050000
2018-11-28,2743.790000,12029.871754,25.584597,1213.200000
2018-11-29,2737.800000,12004.543186,25.649107,1226.450000
2018-11-30,2760.170000,12103.561856,25.693230,1220.450000
2018-12-03,2790.370000,12236.996795,25.757962,1231.050000
2018-12-04,2700.060000,11841.964476,25.905253,1239.250000
2018-12-06,2695.950000,11824.922613,25.991141,1236.450000
2018-12-07,2633.080000,11550.145883,26.035687,1241.200000
2018-12-10,2637.720000,11571.459084,26.038632,1246.800000
2018-12-11,2636.780000,11568.296745,25.958253,1248.250000
2018-12-12,2651.070000,11631.952102,25.919697,1244.750000
2018-12-13,2650.540000,11630.593040,25.922690,1244.450000
2018-12-14,2599.950000,11409.569948,25.967159,1239.150000
2018-12-17,2545.940000,11173.501430,26.032459,1239.100000
2018-12-18,2546.160000,11175.395257,26.118717,1248.800000
2018-12-19,2506.960000,11004.270312,26.226115,1248.600000
2018-12-20,2467.420000,10831.624206,26.187036,1255.000000
2018-12-21,2416.620000,10609.519301,26.189935,1257.600000
2018-12-24,2351.100000,10322.752831,26.297594,1261.250000
2018-12-27,2488.830000,10928.328561,26.239794,1271.100000
2018-12-28,2485.740000,10915.668457,26.347637,1277.250000
2018-12-31,2506.850000,11009.276007,26.413715,1281.650000
2019-01-02,2510.030000,11024.148784,26.479928,1287.200000
2019-01-03,2447.890000,10752.135971,26.694562,1287.950000
2019-01-04,2531.940000,11122.204066,26.462362,1290.350000
2019-01-07,2549.690000,11201.092101,26.401656,1291.500000
2019-01-08,2574.410000,11310.613059,26.341121,1283.900000
2019-01-09,2584.960000,11357.896325,26.322902,1281.300000
2019-01-10,2596.640000,11410.152329,26.325764,1292.400000
2019-01-11,2596.260000,11409.422812,26.391808,1292.800000
2019-01-14,2582.610000,11350.377274,26.394646,1293.700000
2019-01-15,2610.300000,11473.008100,26.376369,1289.350000
2019-01-16,2616.100000,11499.446202,26.358115,1290.500000
2019-01-17,2635.960000,11587.691344,26.318797,1294.000000
2019-01-18,2670.710000,11741.407401,26.237449,1285.050000
2019-01-22,2632.900000,11576.148538,26.345304,1284.750000
2019-01-23,2638.700000,11602.603526,26.306016,1284.900000
2019-01-24,2642.330000,11619.521104,26.393076,1279.750000
2019-01-25,2664.760000,11719.113499,26.311467,1282.950000
2019-01-28,2643.850000,11628.120990,26.335398,1301.000000
2019-01-29,2640.000000,11612.146248,26.401477,1308.350000
2019-01-30,2681.050000,11793.663250,26.446569,1312.950000
2019-01-31,2704.100000,11896.029712,26.597503,1322.500000
2019-02-01,2706.530000,11907.654544,26.451333,1320.750000
2019-02-04,2724.870000,11989.278795,26.390684,1311.000000
2019-02-05,2737.700000,12046.672057,26.435768,1314.000000
2019-02-06,2731.610000,12020.820769,26.459760,1313.350000
2019-02-07,2706.050000,11909.284961,26.568434,1306.600000
2019-02-08,2707.880000,11918.274443,26.613737,1311.100000
2019-02-11,2709.800000,11927.661384,26.573933,1306.750000
2019-02-12,2744.730000,12082.349047,26.512950,1311.600000
2019-02-13,2753.030000,12119.835068,26.452138,1311.150000
2019-02-14,2745.730000,12088.650046,26.560791,1305.650000
2019-02-15,2775.600000,12221.108735,26.563595,1318.000000
2019-02-19,2779.760000,12240.385607,26.587650,1329.550000
2019-02-20,2784.700000,12263.100079,26.590446,1345.750000
2019-02-21,2774.880000,12220.818812,26.508152,1335.050000
2019-02-22,2792.670000,12300.127713,26.595808,1322.250000
2019-02-25,2796.110000,12316.245350,26.556052,1329.150000
2019-02-26,2793.900000,12307.478443,26.622600,1327.550000
2019-02-27,2792.380000,12301.749618,26.518899,1326.450000
2019-02-28,2784.490000,12267.956965,26.436869,1325.450000
2019-03-01,2803.690000,12353.502538,26.376284,1309.950000
2019-03-04,2792.810000,12306.524047,26.463577,1287.450000
2019-03-05,2789.650000,12293.556360,26.466434,1285.000000
2019-03-06,2771.450000,12214.307625,26.532810,1285.550000
2019-03-07,2748.930000,12116.007389,26.641773,1286.400000
2019-03-08,2743.070000,12091.121277,26.687191,1294.100000
2019-03-11,2783.300000,12269.390370,26.647266,1296.350000
2019-03-12,2791.520000,12306.579887,26.714011,1296.950000
2019-03-13,2810.920000,12393.062792,26.716778,1308.400000
2019-03-14,2808.480000,12383.268667,26.676798,1299.200000
2019-03-15,2822.480000,12445.960886,26.764948,1302.650000
2019-03-18,2832.940000,12493.052830,26.746287,1305.350000
2019-03-19,2832.570000,12492.392521,26.727650,1308.350000
2019-03-20,2824.230000,12456.582199,26.880093,1303.000000
2019-03-21,2854.880000,12592.735979,26.882802,1317.300000
2019-03-22,2800.710000,12354.773874,27.100574,1311.100000
2019-03-25,2798.360000,12345.367929,27.124879,1319.350000
2019-03-26,2818.460000,12435.001853,27.170894,1315.250000
2019-03-27,2805.370000,12378.215826,27.216966,1318.250000
2019-03-28,2815.440000,12423.610415,27.219547,1306.900000
2019-03-29,2834.400000,12508.240621,27.178578,1291.150000
2019-04-01,2867.190000,12653.888870,27.007234,1291.900000
2019-04-02,2867.240000,12655.066141,27.031508,1287.200000
2019-04-03,2873.400000,12683.211072,26.947668,1291.850000
2019-04-04,2879.390000,12710.609801,26.971921,1291.600000
2019-04-05,2892.740000,12770.502147,26.996185,1288.900000
2019-04-08,2895.770000,12784.844026,26.955669,1297.100000
2019-04-09,2878.200000,12708.238861,26.979929,1301.850000
2019-04-10,2888.210000,12753.397151,27.047368,1304.800000
2019-04-11,2888.320000,12754.847001,26.985116,1304.650000
2019-04-12,2907.410000,12840.112848,26.879864,1296.150000
2019-04-15,2905.580000,12833.001625,26.904098,1286.750000
2019-04-16,2907.060000,12840.508448,26.799204,1283.750000
2019-04-17,2900.450000,12812.282733,26.823408,1276.100000
2019-04-18,2905.030000,12833.482742,26.869083,1276.500000
2019-04-23,2933.680000,12961.019353,26.874516,1273.450000
2019-04-24,2927.250000,12933.591389,26.963255,1273.800000
2019-04-25,2926.170000,12929.797327,26.944392,1277.850000
2019-04-26,2939.880000,12991.354837,27.011774,1281.500000
2019-04-29,2943.030000,13006.256829,26.949636,1282.150000
2019-04-30,2945.830000,13019.614229,27.017032,1285.150000
2019-05-01,2923.730000,12922.947426,26.998109,1281.800000
2019-05-02,2917.520000,12896.499650,26.936013,1271.450000
2019-05-03,2945.640000,13021.798783,26.960288,1270.050000
2019-05-07,2884.050000,12750.535909,27.160135,1281.300000
2019-05-08,2879.420000,12731.053641,27.075863,1287.750000
2019-05-09,2870.720000,12693.573199,27.165181,1284.100000
2019-05-10,2881.400000,12741.780160,27.124358,1285.400000
2019-05-13,2811.870000,12435.299491,27.278913,1282.950000
2019-05-14,2834.410000,12535.943870,27.237865,1297.600000
2019-05-15,2850.960000,12610.111305,27.349432,1298.900000
2019-05-16,2876.320000,12723.257721,27.286365,1295.550000
2019-05-17,2859.530000,12649.973088,27.310793,1285.800000
2019-05-20,2840.230000,12565.573272,27.269686,1275.250000
2019-05-21,2864.360000,12673.300637,27.228663,1276.000000
2019-05-22,2856.270000,12638.487827,27.318420,1274.000000
2019-05-23,2822.240000,12488.889645,27.495849,1275.950000
2019-05-24,2826.060000,12506.760738,27.476373,1281.500000
2019-05-28,2802.390000,12402.977213,27.610789,1283.900000
2019-05-29,2783.020000,12318.208658,27.635354,1283.500000
2019-05-30,2788.860000,12345.011409,27.704146,1276.450000
2019-05-31,2752.060000,12183.070398,27.883893,1296.000000
2019-06-03,2744.450000,12150.319792,28.042411,1313.950000
2019-06-04,2803.270000,12411.665156,27.932545,1323.600000
2019-06-05,2826.150000,12513.923521,27.934894,1337.750000
2019-06-06,2843.490000,12591.666903,27.937244,1336.650000
2019-06-07,2873.340000,12724.819476,28.006644,1334.300000
2019-06-10,2886.730000,12785.097927,27.874535,1328.600000
2019-06-11,2885.720000,12781.609107,27.876913,1322.650000
2019-06-12,2879.840000,12756.549169,27.923895,1336.650000
2019-06-13,2891.640000,12809.800681,27.993272,1335.800000
2019-06-14,2886.980000,12790.143438,28.018000,1352.450000
2019-06-17,2889.670000,12803.045682,28.020323,1333.200000
2019-06-18,2917.750000,12928.443418,28.089896,1344.550000
2019-06-19,2926.460000,12968.032536,28.159608,1342.400000
2019-06-20,2954.180000,13091.866744,28.206932,1381.650000
2019-06-21,2950.460000,13076.389047,28.073788,1388.350000
2019-06-24,2945.350000,13054.748431,28.188390,1405.450000
2019-06-25,2917.380000,12931.781452,28.235751,1429.550000
2019-06-26,2913.780000,12916.819525,28.125048,1406.750000
2019-06-27,2924.920000,12967.197802,28.217337,1402.250000
2019-06-28,2941.760000,13042.853848,28.242161,1413.200000
2019-07-01,2964.330000,13143.897552,28.176621,1390.050000
2019-07-02,2973.010000,13183.367704,28.291598,1393.100000
2019-07-03,2995.820000,13285.501046,28.339087,1425.100000
2019-07-05,2990.410000,13262.502881,28.159921,1414.400000
2019-07-08,2975.950000,13199.364345,28.139673,1404.900000
2019-07-09,2979.630000,13216.673422,28.096938,1387.900000
2019-07-10,2993.070000,13277.277212,28.099246,1395.450000
2019-07-11,2999.910000,13308.612329,27.966678,1423.100000
2019-07-12,3013.770000,13371.095141,27.991415,1405.600000
2019-07-15,3014.300000,13374.446425,28.060950,1416.250000
2019-07-16,3004.040000,13329.922916,27.973482,1416.100000
2019-07-17,2984.420000,13243.859233,28.132498,1400.800000
2019-07-18,2995.110000,13292.288219,28.179809,1420.900000
2019-07-19,2976.610000,13211.179238,28.159547,1437.050000
2019-07-22,2985.030000,13249.537874,28.161838,1424.450000
2019-07-23,3005.470000,13341.254877,28.096540,1417.550000
2019-07-24,3019.560000,13404.797882,28.166291,1425.550000
2019-07-25,3003.670000,13335.259432,28.100983,1426.350000
2019-07-26,3025.860000,13434.772554,28.103303,1418.250000
2019-07-29,3020.970000,13414.065641,28.150588,1418.950000
2019-07-30,3013.180000,13380.478632,28.152889,1428.450000
2019-07-31,2980.380000,13235.825854,28.245279,1430.550000
2019-08-01,2953.560000,13117.748935,28.518698,1406.400000
2019-08-02,2932.050000,13023.236957,28.612108,1436.050000
2019-08-05,2844.740000,12636.447382,28.866007,1457.450000
2019-08-06,2881.770000,12801.919771,28.914197,1461.850000
2019-08-07,2883.980000,12812.733981,28.962444,1487.650000
2019-08-08,2938.090000,13054.127296,28.941240,1497.400000
2019-08-09,2918.650000,12968.770277,28.896909,1503.500000
2019-08-12,2882.700000,12810.039081,29.106962,1501.950000
2019-08-13,2926.320000,13004.873256,29.039011,1527.200000
2019-08-14,2840.600000,12624.936925,29.250028,1500.350000
2019-08-15,2847.600000,12657.030927,29.415674,1517.650000
2019-08-16,2888.680000,12840.608847,29.346850,1509.050000
2019-08-19,2923.650000,12997.055217,29.231268,1499.350000
2019-08-20,2900.510000,12895.198330,29.350049,1502.650000
2019-08-21,2924.430000,13002.546591,29.257934,1499.650000
2019-08-22,2922.950000,12996.978409,29.189561,1498.700000
2019-08-23,2847.110000,12660.765474,29.424954,1495.500000
2019-08-27,2869.160000,12759.804808,29.498963,1531.850000
2019-08-28,2887.940000,12844.316995,29.547906,1541.750000
2019-08-29,2924.580000,13008.275830,29.478714,1536.650000
2019-08-30,2926.460000,13017.650517,29.480469,1526.550000
2019-09-03,2906.270000,12928.831352,29.552977,1532.450000
2019-09-04,2937.780000,13069.991134,29.554701,1538.800000
2019-09-05,2976.000000,13241.024573,29.319987,1542.600000
2019-09-06,2978.710000,13254.090273,29.368726,1504.950000
2019-09-09,2978.430000,13253.853559,29.182573,1509.950000
2019-09-10,2979.390000,13259.134665,28.974346,1494.600000
2019-09-11,3000.930000,13356.003364,28.906785,1493.650000
2019-09-12,3009.570000,13395.473669,28.816290,1502.950000
2019-09-13,3007.390000,13386.790519,28.564754,1506.300000
2019-09-16,2997.960000,13345.834054,28.704018,1502.050000
2019-09-17,3005.700000,13381.305897,28.775004,1499.300000
2019-09-18,3006.730000,13386.910295,28.800091,1502.200000
2019-09-19,3006.790000,13388.196723,28.825188,1498.400000
2019-09-20,2992.070000,13323.673037,28.942536,1504.100000
2019-09-23,2991.780000,13323.396143,28.990843,1519.500000
2019-09-24,2966.600000,13212.275641,29.178363,1520.250000
2019-09-25,2984.870000,13294.650296,28.970178,1530.850000
2019-09-26,2977.620000,13263.370965,29.041695,1507.050000
2019-09-27,2961.790000,13193.868437,29.066887,1496.150000
2019-09-30,2976.740000,13261.470705,29.092090,1487.600000
2019-10-01,2940.250000,13099.923867,29.163851,1466.100000
2019-10-02,2887.610000,12866.397665,29.282416,1484.050000
2019-10-03,2910.630000,12969.955426,29.424830,1504.000000
2019-10-04,2952.010000,13155.342284,29.473708,1509.500000
2019-10-07,2938.790000,13097.437777,29.381170,1502.150000
2019-10-08,2893.060000,12894.635508,29.429999,1500.000000
2019-10-09,2919.400000,13013.024445,29.314077,1503.400000
2019-10-10,2938.130000,13097.510337,29.128317,1508.200000
2019-10-11,2970.270000,13241.787780,28.920523,1498.350000
2019-10-15,2995.680000,13356.084088,28.899407,1494.750000
2019-10-16,2989.690000,13330.402505,28.947676,1482.550000
2019-10-17,2997.950000,13368.254670,28.926528,1484.450000
2019-10-18,2986.200000,13316.885325,28.928548,1487.500000
2019-10-21,3006.720000,13409.415275,28.837997,1490.850000
2019-10-22,2995.990000,13362.590072,28.886198,1487.450000
2019-10-23,3004.520000,13401.660245,28.911347,1494.250000
2019-10-24,3010.290000,13428.425346,28.913378,1488.850000
2019-10-25,3022.550000,13484.145329,28.846016,1504.650000
2019-10-28,3039.420000,13560.439813,28.732693,1505.050000
2019-10-29,3036.890000,13550.192360,28.757788,1492.750000
2019-10-30,3046.770000,13595.314995,28.897925,1490.150000
2019-10-31,3037.560000,13555.260952,29.108032,1506.400000
2019-11-01,3066.910000,13687.239856,29.016838,1509.850000
2019-11-04,3078.270000,13738.950982,28.879549,1509.200000
2019-11-05,3074.620000,13723.676960,28.719875,1504.600000
2019-11-06,3076.780000,13734.333745,28.836875,1488.550000
2019-11-07,3085.180000,13772.846556,28.585181,1484.100000
2019-11-08,3093.080000,13809.132887,28.541623,1466.850000
2019-11-12,3091.840000,13804.618747,28.589487,1455.000000
2019-11-13,3094.040000,13815.462966,28.683151,1463.450000
2019-11-14,3096.630000,13828.050137,28.822970,1467.650000
2019-11-15,3120.460000,13935.486649,28.778935,1465.600000
2019-11-18,3122.030000,13943.529245,28.850106,1458.400000
2019-11-19,3120.180000,13936.298639,28.898338,1464.900000
2019-11-20,3108.460000,13884.982486,29.039103,1475.700000
2019-11-21,3103.540000,13864.033135,28.948171,1468.900000
2019-11-22,3110.290000,13895.212449,28.950205,1471.300000
2019-11-25,3133.640000,14000.556754,28.975398,1459.450000
2019-11-26,3140.520000,14032.331430,29.023783,1457.650000
2019-11-27,3153.630000,14091.947336,28.956130,1459.800000
2019-11-29,3140.980000,14036.463804,28.934999,1456.350000
2019-12-02,3113.870000,13916.335348,28.821302,1457.500000
2019-12-03,3093.200000,13824.970554,29.077023,1470.400000
2019-12-04,3112.760000,13913.399202,28.962699,1475.850000
2019-12-05,3117.430000,13935.285356,28.895223,1474.600000
2019-12-06,3145.910000,14063.608170,28.804822,1474.850000
2019-12-09,3135.960000,14020.150411,28.829969,1463.600000
2019-12-10,3132.520000,14005.790945,28.785935,1464.450000
2019-12-11,3141.630000,14047.541543,28.926221,1468.050000
2019-12-12,3168.570000,14169.023519,28.673725,1474.700000
2019-12-13,3168.800000,14171.082828,28.859398,1470.600000
2019-12-16,3191.450000,14273.406081,28.699870,1477.400000
2019-12-17,3192.520000,14279.229939,28.702023,1478.400000
2019-12-18,3191.140000,14274.096419,28.635290,1478.900000
2019-12-19,3205.370000,14338.786228,28.637472,1474.400000
2019-12-20,3221.220000,14410.732203,28.639654,1476.900000
2019-12-23,3224.010000,14424.262184,28.618924,1483.950000
2019-12-24,3223.380000,14422.492933,28.689802,1490.850000
2019-12-27,3240.020000,14497.995172,28.740035,1510.600000
2019-12-30,3221.290000,14415.239489,28.696195,1511.500000
2019-12-31,3230.780000,14458.755862,28.652445,1523.000000
2020-01-02,3257.850000,14580.929773,28.746316,1520.550000
2020-01-03,3234.850000,14479.026126,28.932437,1547.400000
2020-01-06,3246.280000,14531.214826,28.911357,1576.850000
2020-01-07,3237.180000,14491.513101,28.867176,1566.500000
2020-01-08,3253.050000,14563.585994,28.776897,1582.850000
2020-01-09,3274.700000,14661.545523,28.825076,1547.850000
2020-01-10,3265.350000,14620.725095,28.873312,1548.800000
2020-01-13,3288.130000,14723.762046,28.829211,1550.350000
2020-01-14,3283.150000,14702.508319,28.900518,1544.950000
2020-01-15,3289.290000,14731.048761,28.971966,1551.900000
2020-01-16,3316.810000,14855.343274,28.927669,1555.200000
2020-01-17,3329.620000,14913.772086,28.860321,1556.500000
2020-01-21,3320.790000,14875.280922,29.000957,1556.250000
2020-01-22,3321.750000,14880.637929,29.026207,1558.100000
2020-01-23,3325.540000,14898.673338,29.097908,1554.050000
2020-01-24,3295.470000,14765.015846,29.193031,1561.850000
2020-01-27,3243.630000,14533.800946,29.405190,1583.450000
2020-01-28,3276.240000,14680.949741,29.312972,1579.600000
2020-01-29,3273.400000,14669.266537,29.432143,1571.200000
2020-01-30,3283.660000,14716.287345,29.504649,1580.400000
2020-01-31,3225.520000,14456.768379,29.648109,1580.850000
2020-02-03,3248.920000,14562.682204,29.578731,1578.850000
2020-02-04,3297.590000,14781.879162,29.414897,1571.200000
2020-02-05,3334.690000,14949.243164,29.299117,1552.200000
2020-02-06,3345.780000,15000.029436,29.324486,1564.750000
2020-02-07,3327.710000,14920.090789,29.467164,1568.300000
2020-02-10,3352.090000,15030.469027,29.539744,1574.050000
2020-02-11,3357.750000,15056.924146,29.470678,1567.700000
2020-02-12,3379.450000,15155.310028,29.401807,1566.750000
2020-02-13,3373.940000,15131.685291,29.427219,1575.000000
2020-02-14,3380.160000,15160.664626,29.476183,1576.350000
2020-02-18,3370.290000,15117.481299,29.572366,1588.200000
2020-02-19,3386.150000,15189.703964,29.550527,1609.500000
2020-02-20,3373.230000,15132.834592,29.646918,1610.350000
2020-02-21,3337.750000,14974.749312,29.791012,1633.700000
2020-02-24,3225.890000,14473.963837,29.983400,1682.350000
2020-02-25,3128.210000,14036.728328,30.104976,1655.900000
2020-02-26,3116.390000,13984.695326,30.106564,1647.950000
2020-02-27,2978.760000,13368.086642,30.180409,1646.600000
2020-02-28,2954.220000,13258.913131,30.592420,1626.350000
2020-03-02,3090.230000,13870.525102,30.667213,1609.700000
2020-03-03,3003.370000,13481.889613,30.864822,1599.050000
2020-03-04,3130.120000,14052.062064,30.866071,1644.800000
2020-03-05,3023.940000,13576.640286,31.114249,1647.450000
2020-03-06,2972.370000,13346.315691,31.563430,1687.000000
2020-03-09,2746.560000,12333.590022,32.069372,1676.600000
2020-03-10,2882.230000,12943.923577,31.505638,1657.400000
2020-03-11,2741.380000,12312.528405,31.355362,1662.500000
2020-03-12,2480.640000,11142.548348,31.205876,1636.650000
2020-03-13,2711.020000,12178.363356,31.057178,1588.150000
2020-03-16,2386.130000,10719.987731,31.580097,1504.650000
2020-03-17,2529.190000,11363.658256,30.848353,1472.350000
2020-03-18,2398.100000,10775.683435,30.454743,1506.000000
2020-03-19,2409.390000,10827.374738,30.602352,1480.700000
2020-03-20,2304.920000,10358.870077,31.093350,1504.450000
2020-03-23,2237.400000,10056.342181,31.492480,1494.500000
2020-03-24,2447.330000,11000.801616,31.291877,1599.500000
2020-03-25,2475.560000,11128.676678,31.192787,1620.950000
2020-03-26,2630.070000,11824.255690,31.318647,1620.100000
2020-03-27,2541.470000,11426.982248,31.595283,1621.200000
2020-03-30,2626.650000,11810.987982,31.646738,1624.450000
2020-03-31,2584.590000,11622.913905,31.647617,1604.650000
2020-04-01,2470.500000,11110.846115,31.851041,1594.250000
2020-04-02,2526.900000,11365.451560,31.826343,1588.050000
2020-04-03,2488.650000,11194.384752,31.852600,1609.750000
2020-04-06,2663.680000,11982.659226,31.725973,1636.600000
2020-04-07,2659.410000,11964.476791,31.523771,1652.200000
2020-04-08,2749.980000,12372.968864,31.474271,1649.050000
2020-04-09,2789.820000,12553.280484,31.575950,1662.500000
2020-04-14,2846.060000,12807.417334,31.502033,1715.850000
2020-04-15,2783.360000,12526.361040,31.830604,1712.250000
2020-04-16,2799.550000,12600.296138,31.882329,1717.850000
2020-04-17,2874.560000,12938.982542,31.781077,1693.150000
2020-04-20,2823.160000,12708.728849,31.832746,1684.950000
2020-04-21,2736.560000,12319.979040,31.960873,1678.600000
2020-04-22,2799.310000,12603.534420,31.833765,1702.650000
2020-04-23,2797.800000,12597.815328,31.885495,1727.550000
2020-04-24,2836.740000,12774.231710,31.911775,1727.250000
2020-04-27,2878.480000,12963.286800,31.733829,1717.250000
2020-04-28,2863.390000,12896.439013,31.861608,1708.100000
2020-04-29,2939.510000,13240.380904,31.836903,1706.000000
2020-04-30,2912.430000,13119.538993,31.812229,1716.750000
2020-05-01,2830.710000,12752.480882,31.813037,1673.050000
2020-05-04,2842.740000,12807.710441,31.813845,1703.700000
2020-05-05,2868.440000,12924.537814,31.763751,1696.300000
2020-05-06,2848.420000,12835.380046,31.612117,1698.900000
2020-05-07,2881.190000,12984.086829,31.840627,1688.650000
2020-05-11,2930.190000,13205.958022,31.588053,1698.800000
2020-05-12,2870.120000,12936.301513,31.690049,1703.450000
2020-05-13,2820.000000,12711.447711,31.817677,1699.850000
2020-05-14,2852.500000,12858.975412,31.843940,1716.400000
2020-05-15,2863.700000,12910.507121,31.819260,1734.850000
2020-05-18,2953.910000,13318.250307,31.590970,1756.900000
2020-05-19,2922.940000,13179.696040,31.667703,1735.250000
2020-05-20,2971.610000,13400.220209,31.719251,1750.050000
2020-05-21,2948.510000,13297.139101,31.720107,1732.800000
2020-05-22,2955.450000,13329.514994,31.771715,1732.450000
2020-05-26,2991.770000,13494.404173,31.696295,1722.750000
2020-05-27,3036.130000,13695.584327,31.722520,1705.150000
2020-05-28,3029.730000,13667.825071,31.672620,1723.300000
2020-05-29,3044.310000,13734.706936,31.800191,1725.650000
2020-06-01,3055.730000,13787.277092,31.775571,1734.800000
2020-06-02,3080.820000,13901.533424,31.725562,1740.250000
2020-06-03,3122.870000,14092.335364,31.497994,1717.600000
2020-06-04,3112.350000,14045.937541,31.372964,1706.450000
2020-06-05,3193.930000,14415.176945,31.148100,1709.550000
2020-06-08,3232.390000,14589.858214,31.223980,1692.000000
2020-06-09,3207.180000,14477.182168,31.324987,1707.500000
2020-06-10,3190.140000,14401.368086,31.551571,1717.650000
2020-06-11,3002.100000,13553.590640,31.779682,1731.900000
2020-06-12,3041.310000,13731.646031,31.653395,1735.850000
2020-06-15,3066.590000,13846.833781,31.654287,1710.400000
2020-06-16,3124.740000,14110.459650,31.553885,1728.350000
2020-06-17,3113.490000,14060.734123,31.580067,1717.300000
2020-06-18,3115.340000,14070.161411,31.656787,1732.650000
2020-06-19,3097.740000,13991.745826,31.683004,1728.550000
2020-06-22,3117.860000,14083.690321,31.658538,1745.450000
2020-06-23,3131.290000,14145.429308,31.634103,1756.600000
2020-06-24,3050.330000,13780.776010,31.710929,1775.700000
2020-06-25,3083.760000,13932.857216,31.737166,1758.550000
2020-06-26,3009.050000,13596.369836,31.839581,1762.100000
2020-06-29,3053.240000,13797.079159,31.840390,1768.800000
2020-06-30,3100.290000,14010.742662,31.790254,1770.700000
2020-07-01,3115.860000,14082.135813,31.714790,1787.400000
2020-07-02,3130.010000,14147.121662,31.741030,1771.850000
2020-07-06,3179.720000,14372.842217,31.716494,1774.400000
2020-07-07,3145.320000,14218.404982,31.818855,1775.500000
2020-07-08,3169.940000,14330.744490,31.768765,1799.350000
2020-07-09,3152.050000,14250.920093,31.896685,1812.450000
2020-07-10,3185.040000,14401.120435,31.820918,1805.750000
2020-07-13,3155.220000,14267.347997,31.847195,1808.050000
2020-07-14,3197.520000,14459.669637,31.873482,1798.200000
2020-07-15,3226.560000,14592.055554,31.848780,1809.300000
2020-07-16,3215.570000,14543.425859,31.900547,1804.600000
2020-07-17,3224.730000,14585.923632,31.850291,1802.900000
2020-07-20,3251.840000,14709.618029,31.902060,1810.300000
2020-07-21,3257.300000,14735.397213,31.928367,1823.200000
2020-07-22,3276.020000,14821.165786,31.954682,1851.000000
2020-07-23,3235.660000,14639.660792,31.981007,1882.350000
2020-07-24,3215.630000,14550.111436,31.981756,1893.850000
2020-07-27,3239.410000,14658.780679,31.905748,1940.550000
2020-07-28,3218.440000,14564.965785,31.983107,1931.650000
2020-07-29,3258.440000,14747.055113,32.009442,1954.350000
2020-07-30,3246.220000,14692.833569,32.087002,1952.200000
2020-07-31,3271.120000,14806.614133,32.087702,1974.700000
2020-08-03,3294.610000,14913.965107,32.062732,1972.950000
2020-08-04,3306.510000,14968.865463,32.166045,1972.250000
2020-08-05,3327.770000,15066.146885,32.089511,2034.450000
2020-08-06,3349.160000,15164.030214,32.090211,2049.150000
2020-08-07,3351.280000,15174.677970,32.039567,2061.500000
2020-08-10,3360.470000,15217.340260,31.989029,2030.300000
2020-08-11,3333.690000,15097.124094,31.861821,1996.600000
2020-08-12,3380.350000,15309.475407,31.735183,1931.700000
2020-08-13,3373.430000,15279.194062,31.685276,1931.000000
2020-08-14,3372.850000,15277.624057,31.686169,1948.300000
2020-08-17,3381.990000,15320.081366,31.737759,1949.850000
2020-08-18,3389.780000,15356.429101,31.789409,2005.150000
2020-08-19,3374.850000,15289.855323,31.764822,1993.150000
2020-08-20,3385.510000,15339.208472,31.841915,1928.050000
2020-08-21,3397.160000,15393.053900,31.868210,1932.850000
2020-08-24,3431.280000,15548.721713,31.843525,1947.550000
2020-08-25,3443.620000,15605.715598,31.742447,1925.450000
2020-08-26,3478.730000,15765.905828,31.743316,1918.500000
2020-08-27,3484.550000,15793.373216,31.617212,1938.800000
2020-08-28,3508.010000,15900.795857,31.618140,1955.850000
2020-09-01,3526.650000,15986.388941,31.771905,1987.950000
2020-09-02,3580.840000,16233.142798,31.823598,1969.000000
2020-09-03,3455.060000,15664.066490,31.900808,1934.100000
2020-09-04,3426.960000,15537.757574,31.671920,1937.600000
2020-09-08,3331.840000,15107.563847,31.748837,1920.600000
2020-09-09,3398.960000,15412.954405,31.698908,1928.400000
2020-09-10,3339.190000,15142.990327,31.775879,1944.800000
2020-09-11,3340.970000,15152.113266,31.802157,1944.500000
2020-09-14,3383.540000,15346.229991,31.777561,1942.300000
2020-09-15,3401.200000,15427.392751,31.778418,1963.550000
2020-09-16,3385.490000,15357.204772,31.753853,1964.800000
2020-09-17,3357.010000,15229.079888,31.754723,1936.100000
2020-09-18,3319.470000,15059.836372,31.730188,1954.750000
2020-09-21,3281.060000,14886.622129,31.781838,1930.900000
2020-09-22,3315.570000,15044.231739,31.782696,1903.100000
2020-09-23,3236.920000,14688.405242,31.783553,1888.100000
2020-09-24,3246.590000,14733.304720,31.809838,1850.750000
2020-09-25,3298.460000,14969.717580,31.836131,1870.050000
2020-09-28,3351.600000,15211.926684,31.811496,1850.950000
2020-09-29,3335.470000,15139.772907,31.837791,1882.400000
2020-09-30,3363.000000,15265.782735,31.762214,1883.400000
2020-10-01,3380.800000,15347.622326,31.788494,1895.550000
2020-10-02,3348.420000,15201.673718,31.738490,1906.400000
2020-10-05,3408.600000,15475.923234,31.536245,1899.650000
2020-10-06,3360.970000,15260.724490,31.587679,1912.500000
2020-10-07,3419.440000,15527.250793,31.462281,1888.000000
2020-10-08,3446.830000,15652.682605,31.538802,1891.350000
2020-10-09,3477.140000,15791.391610,31.514547,1912.400000
2020-10-13,3511.930000,15950.465219,31.641593,1920.800000
2020-10-14,3488.670000,15845.909126,31.667836,1896.450000
2020-10-15,3483.340000,15822.778634,31.643419,1891.700000
2020-10-16,3483.810000,15825.990928,31.593719,1908.200000
2020-10-19,3426.920000,15568.632878,31.544121,1910.000000
2020-10-20,3443.120000,15643.290172,31.469392,1906.350000
2020-10-21,3435.560000,15610.007603,31.420052,1918.950000
2020-10-22,3453.490000,15692.538251,31.320543,1916.850000
2020-10-23,3465.390000,15747.679927,31.371737,1910.600000
2020-10-26,3400.970000,15456.010074,31.473185,1901.600000
2020-10-27,3390.680000,15410.298641,31.524554,1898.900000
2020-10-28,3271.030000,14867.550731,31.525542,1896.850000
2020-10-29,3310.110000,15046.190244,31.375208,1876.850000
2020-10-30,3269.960000,14864.711866,31.300966,1875.800000
2020-11-02,3310.240000,15048.790066,31.327099,1886.750000
2020-11-03,3369.160000,15317.632038,31.252996,1899.850000
2020-11-04,3443.440000,15656.341874,31.554141,1888.550000
2020-11-05,3510.450000,15962.040833,31.529874,1916.800000
2020-11-06,3509.440000,15958.491899,31.429967,1947.950000
2020-11-09,3550.500000,16146.247527,31.104131,1957.450000
2020-11-10,3545.530000,16124.701550,31.055549,1874.900000
2020-11-12,3537.010000,16087.007653,31.305201,1868.000000
2020-11-13,3585.150000,16307.009424,31.281250,1878.200000
2020-11-16,3626.910000,16498.020351,31.232305,1892.600000
2020-11-17,3609.530000,16420.041116,31.333376,1885.400000
2020-11-18,3567.790000,16231.235997,31.309391,1877.200000
2020-11-19,3581.870000,16296.352423,31.360579,1857.400000
2020-11-20,3557.540000,16186.724174,31.436915,1867.000000
2020-11-23,3577.590000,16279.009439,31.362502,1863.800000
2020-11-24,3635.410000,16543.170461,31.313392,1818.100000
2020-11-25,3629.650000,16518.040740,31.314486,1808.550000
2020-11-27,3638.350000,16558.713142,31.415786,1808.050000
2020-11-30,3621.630000,16483.700297,31.416833,1771.950000
2020-12-01,3662.450000,16670.522458,31.216812,1796.200000
2020-12-02,3669.010000,16701.425176,31.143032,1832.950000
2020-12-03,3666.720000,16692.046271,31.218949,1834.800000
2020-12-04,3699.120000,16840.585763,31.095213,1839.300000
2020-12-07,3691.960000,16809.043143,31.171038,1832.800000
2020-12-08,3702.250000,16856.944224,31.222075,1864.500000
2020-12-09,3672.820000,16723.999631,31.148281,1859.800000
2020-12-10,3668.100000,16703.553996,31.224212,1834.200000
2020-12-11,3663.460000,16683.470033,31.275310,1833.650000
2020-12-14,3647.490000,16611.786443,31.276427,1820.250000
2020-12-15,3694.620000,16827.470519,31.227502,1844.300000
2020-12-16,3701.170000,16858.356189,31.228642,1861.350000
2020-12-17,3722.480000,16956.475569,31.179816,1871.950000
2020-12-18,3709.410000,16898.000880,31.156035,1878.950000
2020-12-21,3694.920000,16833.050066,31.157210,1869.250000
2020-12-22,3687.260000,16799.206661,31.208236,1873.300000
2020-12-23,3690.010000,16812.787050,31.134488,1867.100000
2020-12-24,3703.060000,16873.298948,31.185489,1872.550000
2020-12-29,3727.040000,16983.621790,31.187816,1873.900000
2020-12-30,3732.040000,17007.469013,31.213930,1877.550000
2020-12-31,3756.070000,17118.041733,31.215081,1891.100000
2021-01-04,3700.650000,16866.508387,31.216233,1930.800000
2021-01-05,3726.860000,16986.990479,31.142467,1946.550000
2021-01-06,3748.140000,17085.016203,30.944341,1957.200000
2021-01-07,3803.790000,17339.721312,30.846596,1911.050000
2021-01-08,3824.680000,17436.002291,30.724532,1891.300000
2021-01-11,3799.610000,17322.771807,30.676750,1847.800000
2021-01-12,3801.190000,17331.027263,30.678150,1861.850000
2021-01-13,3809.840000,17371.518395,30.802263,1852.400000
2021-01-14,3795.540000,17307.370520,30.680398,1840.250000
2021-01-15,3768.250000,17183.981374,30.779976,1853.850000
2021-01-19,3798.910000,17324.840829,30.805956,1843.100000
2021-01-20,3851.850000,17567.324686,30.807300,1854.600000
2021-01-21,3853.070000,17573.955744,30.759353,1867.650000
2021-01-22,3841.470000,17522.115178,30.809935,1853.600000
2021-01-25,3855.360000,17586.535898,30.934520,1855.600000
2021-01-26,3849.620000,17561.420534,30.935809,1853.200000
2021-01-27,3750.770000,17111.547436,30.961847,1846.400000
2021-01-28,3787.380000,17279.606737,30.888816,1839.650000
2021-01-29,3714.240000,16946.961029,30.791283,1852.700000
2021-02-01,3773.860000,17219.990944,30.841906,1857.800000
2021-02-02,3826.310000,17460.336365,30.769219,1847.100000
2021-02-03,3830.170000,17478.982553,30.696740,1834.700000
2021-02-04,3871.740000,17669.720486,30.698141,1811.550000
2021-02-05,3886.830000,17739.632229,30.601308,1808.550000
2021-02-08,3915.590000,17871.942532,30.602753,1811.650000
2021-02-09,3911.230000,17853.098614,30.628681,1846.550000
2021-02-10,3909.880000,17847.991773,30.703624,1843.450000
2021-02-11,3916.380000,17878.718290,30.680462,1841.700000
2021-02-12,3934.830000,17964.001478,30.583697,1818.000000
2021-02-16,3932.590000,17954.836912,30.340483,1823.450000
2021-02-17,3931.330000,17950.145538,30.366321,1788.850000
2021-02-18,3913.970000,17871.942205,30.367875,1782.800000
2021-02-19,3906.710000,17839.848091,30.247959,1773.750000
2021-02-22,3876.500000,17702.949783,30.176972,1798.800000
2021-02-23,3881.370000,17726.236243,30.178612,1809.500000
2021-02-24,3925.430000,17928.506318,30.156110,1807.250000
2021-02-25,3829.340000,17490.696948,29.771763,1792.100000
2021-02-26,3811.150000,17408.647148,30.011757,1765.100000
2021-03-01,3901.820000,17823.829521,29.989462,1746.950000
2021-03-02,3870.290000,17680.840347,30.063163,1728.500000
2021-03-03,3819.720000,17450.852928,29.944604,1727.050000
2021-03-04,3768.470000,17217.731706,29.778661,1710.050000
2021-03-05,3841.940000,17554.415157,29.732835,1696.050000
2021-03-08,3821.350000,17461.362938,29.663317,1694.450000
2021-03-09,3875.440000,17709.544223,29.760111,1702.850000
2021-03-10,3898.810000,17817.373520,29.809558,1711.500000
2021-03-11,3939.340000,18003.635703,29.787520,1736.350000
2021-03-12,3943.340000,18022.969501,29.551040,1703.850000
2021-03-15,3968.940000,18141.027936,29.600245,1727.900000
2021-03-16,3962.710000,18113.613138,29.602148,1732.300000
2021-03-17,3974.120000,18166.827802,29.580369,1736.950000
2021-03-18,3915.460000,17899.738809,29.392968,1734.100000
2021-03-19,3913.100000,17889.996797,29.324419,1737.200000
2021-03-22,3940.590000,18016.722471,29.443742,1733.400000
2021-03-23,3910.520000,17880.293497,29.587047,1739.250000
2021-03-24,3889.140000,17783.582223,29.612630,1734.050000
2021-03-25,3909.520000,17877.812402,29.590843,1729.200000
2021-03-26,3974.540000,18176.187408,29.498067,1727.850000
2021-03-29,3971.090000,18161.473048,29.358431,1723.950000
2021-03-30,3958.550000,18105.184491,29.360446,1696.700000
2021-03-31,3972.890000,18171.830092,29.338974,1685.350000
2021-04-01,4019.870000,18387.719533,29.458355,1715.850000
2021-04-06,4073.940000,18636.063788,29.511108,1731.050000
2021-04-07,4079.950000,18664.586865,29.489455,1736.000000
2021-04-08,4097.170000,18744.395532,29.585787,1743.700000
2021-04-09,4128.800000,18890.138148,29.516707,1747.950000
2021-04-12,4127.990000,18887.476866,29.471436,1741.550000
2021-04-13,4141.590000,18950.747693,29.591298,1728.100000
2021-04-14,4124.660000,18874.328779,29.593224,1743.300000
2021-04-15,4170.420000,19084.769025,29.784547,1748.000000
2021-04-16,4185.470000,19154.696573,29.714908,1766.450000
2021-04-19,4163.260000,19054.112345,29.669239,1788.400000
2021-04-20,4134.940000,18925.553090,29.742340,1765.500000
2021-04-21,4173.420000,19102.722022,29.767999,1781.050000
2021-04-22,4134.980000,18927.829524,29.769854,1785.650000
2021-04-23,4180.170000,19135.733020,29.747892,1785.300000
2021-04-26,4187.620000,19170.895407,29.749758,1779.650000
2021-04-27,4186.720000,19167.835379,29.632624,1780.900000
2021-04-28,4183.180000,19152.688384,29.634540,1764.150000
2021-04-29,4211.470000,19283.273299,29.589042,1774.650000
2021-04-30,4181.170000,19145.603518,29.590979,1768.800000
2021-05-04,4164.660000,19071.057524,29.689604,1784.950000
2021-05-05,4167.590000,19085.524051,29.739004,1778.050000
2021-05-06,4201.620000,19242.414902,29.764672,1793.150000
2021-05-07,4232.600000,19385.354619,29.718915,1820.500000
2021-05-10,4188.430000,19184.122123,29.649476,1834.150000
2021-05-11,4152.100000,19018.776589,29.627674,1837.150000
2021-05-12,4063.040000,18611.881910,29.511092,1833.600000
2021-05-13,4112.500000,18839.471194,29.583898,1814.300000
2021-05-14,4173.850000,19121.553721,29.656848,1833.500000
2021-05-17,4163.290000,19074.227535,29.635041,1848.450000
2021-05-18,4127.830000,18912.816043,29.636969,1867.400000
2021-05-19,4115.680000,18858.187985,29.544060,1860.000000
2021-05-20,4159.120000,19058.269152,29.664205,1869.350000
2021-05-21,4155.860000,19044.379499,29.666124,1877.650000
2021-05-24,4197.050000,19234.182001,29.715509,1876.850000
2021-05-25,4188.130000,19194.361822,29.836269,1882.800000
2021-05-26,4195.990000,19231.440588,29.790378,1904.300000
2021-05-27,4200.880000,19254.910999,29.720749,1895.050000
2021-05-28,4204.110000,19270.775254,29.793978,1892.450000
2021-06-01,4202.040000,19262.330808,29.700505,1907.700000
2021-06-02,4208.120000,19291.245338,29.773696,1895.900000
2021-06-03,4192.850000,19222.288336,29.680298,1892.150000
2021-06-04,4229.890000,19393.141077,29.848428,1869.550000
2021-06-07,4226.520000,19378.740985,29.826397,1882.050000
2021-06-08,4227.260000,19383.183767,29.923700,1892.050000
2021-06-09,4219.550000,19348.881333,29.997333,1890.450000
2021-06-10,4239.180000,19439.943564,30.119108,1882.000000
2021-06-11,4247.440000,19478.875273,30.072651,1891.950000
2021-06-14,4255.150000,19515.288825,29.978172,1859.750000
2021-06-15,4246.590000,19477.087564,29.979969,1863.850000
2021-06-16,4223.700000,19373.157211,29.837861,1858.100000
2021-06-17,4221.860000,19365.767102,29.959072,1806.750000
2021-06-18,4166.450000,19112.649335,30.128650,1792.350000
2021-06-21,4224.790000,19381.306364,30.009869,1782.450000
2021-06-22,4246.440000,19481.676156,30.059671,1779.100000
2021-06-23,4241.840000,19461.627863,30.013341,1782.900000
2021-06-24,4266.490000,19575.776794,30.039138,1780.200000
2021-06-25,4280.700000,19642.036538,29.920757,1783.250000
2021-06-28,4290.610000,19688.572798,30.042269,1774.250000
2021-06-29,4291.800000,19695.100063,30.044045,1769.600000
2021-06-30,4297.500000,19722.324398,30.141963,1757.800000
2021-07-01,4319.940000,19826.353402,30.071356,1774.000000
2021-07-02,4352.340000,19976.104752,30.169351,1783.500000
2021-07-06,4343.540000,19936.774625,30.340023,1807.800000
2021-07-07,4358.130000,20004.799968,30.438760,1804.250000
2021-07-08,4320.820000,19834.599749,30.513420,1810.250000
2021-07-09,4369.550000,20059.345482,30.344119,1803.400000
2021-07-12,4384.630000,20129.637411,30.321493,1802.950000
2021-07-13,4369.210000,20059.912612,30.226125,1807.850000
2021-07-14,4374.300000,20084.345837,30.348733,1813.050000
2021-07-15,4360.030000,20019.891275,30.496057,1832.000000
2021-07-16,4327.160000,19870.024436,30.497642,1822.000000
2021-07-19,4258.490000,19555.750417,30.792005,1803.250000
2021-07-20,4323.060000,19853.304727,30.694924,1815.300000
2021-07-21,4358.690000,20017.985695,30.524531,1805.900000
2021-07-22,4367.480000,20059.416984,30.599364,1797.400000
2021-07-23,4411.790000,20263.992562,30.527468,1803.050000
2021-07-26,4422.300000,20313.341367,30.553465,1808.150000
2021-07-27,4401.460000,20218.692619,30.652800,1797.150000
2021-07-28,4400.640000,20215.998284,30.629798,1799.300000
2021-07-29,4419.150000,20302.103246,30.582322,1819.450000
2021-07-30,4395.260000,20193.426600,30.681739,1828.250000
2021-08-02,4387.160000,20157.269923,30.781430,1807.550000
2021-08-03,4423.150000,20323.685560,30.807521,1809.700000
2021-08-04,4402.660000,20230.601699,30.808976,1812.450000
2021-08-05,4429.100000,20353.155398,30.711842,1811.200000
2021-08-06,4436.520000,20388.318753,30.516785,1799.450000
2021-08-09,4432.350000,20370.223128,30.469545,1741.500000
2021-08-10,4436.750000,20391.511613,30.398026,1729.550000
2021-08-11,4442.410000,20418.593290,30.423985,1734.050000
2021-08-12,4460.830000,20504.326373,30.401276,1755.500000
2021-08-13,4468.000000,20538.357433,30.573164,1757.650000
2021-08-16,4479.710000,20593.261323,30.648104,1775.750000
2021-08-17,4448.080000,20448.936588,30.649637,1794.050000
2021-08-18,4400.270000,20230.213115,30.626649,1788.100000
2021-08-19,4405.800000,20256.696857,30.701697,1788.200000
2021-08-20,4441.670000,20422.678568,30.654085,1782.950000
2021-08-23,4479.530000,20597.827508,30.680141,1786.900000
2021-08-24,4486.230000,20629.714383,30.583486,1802.950000
2021-08-25,4496.190000,20676.595495,30.438251,1794.700000
2021-08-26,4470.000000,20557.238719,30.464232,1783.800000
2021-08-27,4509.370000,20739.375515,30.538966,1795.500000
2021-08-31,4522.680000,20801.676786,30.566511,1814.300000
2021-09-01,4524.090000,20809.262217,30.543634,1813.900000
2021-09-02,4536.950000,20869.514464,30.594092,1815.150000
2021-09-03,4535.430000,20863.626462,30.497757,1812.050000
2021-09-07,4520.030000,20793.887794,30.377375,1810.750000
2021-09-08,4514.070000,20767.569332,30.451945,1797.950000
2021-09-09,4493.280000,20673.020671,30.575384,1795.350000
2021-09-10,4458.580000,20514.463753,30.454659,1799.900000
2021-09-13,4468.730000,20562.250191,30.505018,1787.850000
2021-09-14,4443.050000,20445.174775,30.628649,1788.650000
2021-09-15,4480.700000,20619.506720,30.556695,1801.400000
2021-09-16,4473.750000,20588.614488,30.484948,1781.450000
2021-09-17,4432.990000,20402.122156,30.413405,1766.100000
2021-09-20,4357.730000,20056.829257,30.561043,1757.150000
2021-09-21,4354.190000,20041.596961,30.513734,1766.450000
2021-09-22,4395.640000,20233.444325,30.539755,1775.350000
2021-09-23,4448.980000,20480.042349,30.321469,1771.050000
2021-09-24,4455.480000,20511.047121,30.177622,1755.150000
2021-09-27,4443.110000,20455.186031,30.155241,1749.150000
2021-09-28,4352.630000,20039.716214,30.012266,1739.650000
2021-09-29,4359.460000,20072.221815,29.990091,1741.650000
2021-09-30,4307.540000,19834.228708,30.063911,1730.950000
2021-10-01,4357.040000,20063.205546,30.161929,1755.600000
2021-10-04,4300.460000,19803.731548,30.139571,1751.850000
2021-10-05,4345.720000,20013.205662,30.020795,1758.000000
2021-10-06,4363.550000,20096.379328,30.046646,1748.250000
2021-10-07,4399.760000,20264.211044,29.928284,1758.550000
2021-10-08,4391.340000,20226.505649,29.858333,1757.500000
2021-10-12,4350.650000,20040.160619,29.908013,1759.100000
2021-10-13,4363.800000,20101.795909,29.981680,1767.450000
2021-10-14,4438.260000,20445.861501,30.079477,1797.150000
2021-10-15,4471.370000,20599.474990,29.912846,1781.450000
2021-10-18,4486.460000,20670.087031,29.914734,1762.450000
2021-10-19,4519.630000,20824.004946,29.773030,1779.400000
2021-10-20,4536.190000,20901.409198,29.774980,1778.150000
2021-10-21,4549.780000,20965.136717,29.705470,1785.300000
2021-10-22,4544.900000,20943.762181,29.754979,1792.300000
2021-10-25,4566.480000,21044.318022,29.804547,1799.200000
2021-10-26,4574.790000,21083.730539,29.830330,1801.900000
2021-10-27,4551.680000,20978.342537,30.047038,1783.850000
2021-10-28,4596.420000,21185.658688,29.976761,1798.200000
2021-10-29,4605.380000,21228.080744,30.026592,1796.300000
2021-11-01,4613.670000,21267.375937,29.956375,1786.550000
2021-11-02,4630.650000,21346.732887,30.006183,1791.500000
2021-11-03,4660.570000,21485.749691,29.912021,1781.850000
2021-11-04,4680.060000,21576.697114,30.081427,1778.100000
2021-11-05,4697.530000,21658.340843,30.275775,1793.200000
2021-11-08,4701.700000,21678.672110,30.132193,1818.000000
2021-11-09,4685.250000,21603.930375,30.254527,1824.400000
2021-11-10,4646.710000,21427.322809,30.014244,1824.950000
2021-11-12,4682.850000,21595.068152,29.968079,1850.000000
2021-11-15,4682.800000,21595.939493,29.850086,1863.800000
2021-11-16,4700.900000,21680.514272,29.852017,1872.250000
2021-11-17,4688.670000,21625.215884,29.925592,1858.450000
2021-11-18,4704.540000,21699.515401,29.951433,1860.500000
2021-11-19,4697.960000,21670.272643,30.073128,1861.400000
2021-11-22,4682.940000,21602.095668,29.858440,1841.100000
2021-11-23,4690.700000,21638.994316,29.764824,1797.300000
2021-11-24,4701.460000,21689.736179,29.838232,1790.800000
2021-11-26,4594.620000,21197.946802,30.222103,1809.800000
2021-11-29,4655.270000,21478.846041,30.127168,1795.000000
2021-11-30,4567.000000,21072.675051,30.345900,1797.600000
2021-12-01,4513.040000,20824.777642,30.347622,1786.800000
2021-12-02,4577.100000,21121.441016,30.325066,1775.700000
2021-12-03,4538.430000,20944.077687,30.545140,1773.500000
2021-12-06,4591.670000,21190.844958,30.351287,1781.250000
2021-12-07,4686.750000,21630.731554,30.231604,1779.650000
2021-12-08,4701.210000,21698.577699,30.136639,1789.800000
2021-12-09,4667.450000,21543.869858,30.210784,1783.400000
2021-12-10,4712.020000,21750.699205,30.236739,1771.900000
2021-12-13,4668.970000,21553.095406,30.383652,1784.450000
2021-12-14,4634.090000,21393.185892,30.336750,1782.350000
2021-12-15,4709.850000,21744.027259,30.265675,1769.400000
2021-12-16,4668.670000,21555.025799,30.340078,1785.150000
2021-12-17,4620.640000,21334.378695,30.414628,1807.500000
2021-12-20,4568.020000,21092.515883,30.367666,1797.400000
2021-12-21,4649.230000,21468.578825,30.247919,1795.850000
2021-12-22,4696.560000,21688.233503,30.298092,1789.900000
2021-12-23,4725.790000,21824.326587,30.202894,1805.550000
2021-12-29,4793.060000,22136.107304,30.087271,1796.350000
2021-12-30,4778.730000,22071.061010,30.161331,1799.250000
2021-12-31,4766.180000,22014.229093,30.163150,1820.100000
2022-01-04,4793.540000,22141.764166,29.829709,1809.050000
2022-01-05,4700.580000,21713.544428,29.712355,1818.500000
2022-01-06,4696.050000,21693.766531,29.666832,1804.950000
2022-01-07,4677.030000,21607.048805,29.597668,1792.200000
2022-01-10,4670.290000,21577.053254,29.552379,1800.550000
2022-01-11,4713.070000,21775.840192,29.625392,1805.200000
2022-01-12,4726.350000,21838.348871,29.651150,1816.400000
2022-01-13,4659.030000,21528.447547,29.748081,1822.400000
2022-01-14,4662.850000,21547.236903,29.559700,1822.250000
2022-01-18,4577.110000,21152.167447,29.348958,1810.800000
2022-01-19,4532.760000,20948.331102,29.445052,1817.500000
2022-01-20,4482.730000,20718.222698,29.447191,1836.700000
2022-01-21,4397.940000,20327.436462,29.637791,1834.250000
2022-01-24,4410.130000,20384.853497,29.639849,1838.250000
2022-01-25,4356.450000,20137.806986,29.570772,1835.650000
2022-01-26,4349.930000,20108.732507,29.407264,1845.200000
2022-01-27,4326.510000,20001.530056,29.503526,1815.500000
2022-01-28,4431.850000,20489.575878,29.576454,1790.200000
2022-01-31,4515.550000,20877.625370,29.554882,1790.600000
2022-02-01,4546.540000,21022.055076,29.509693,1806.500000
2022-02-02,4589.380000,21221.291956,29.582636,1802.000000
2022-02-03,4477.440000,20704.847893,29.490061,1803.750000
2022-02-04,4500.530000,20812.760144,29.232679,1814.550000
2022-02-07,4483.870000,20736.859768,29.258304,1811.150000
2022-02-08,4521.540000,20912.214630,29.166906,1821.000000
2022-02-09,4587.180000,21216.950447,29.215842,1828.100000
2022-02-10,4504.080000,20833.756660,29.007737,1832.300000
2022-02-11,4418.640000,20439.696553,29.265342,1826.250000
2022-02-14,4401.670000,20362.320420,29.127098,1855.800000
2022-02-15,4471.070000,20684.487148,28.966275,1855.100000
2022-02-16,4475.010000,20703.851711,29.014977,1854.400000
2022-02-17,4380.260000,20266.624248,29.156586,1886.550000
2022-02-18,4348.870000,20122.502722,29.275492,1886.950000
2022-02-22,4304.760000,19919.508971,29.230882,1895.000000
2022-02-23,4225.500000,19553.842374,29.116209,1895.700000
2022-02-24,4288.700000,19847.380291,29.188387,1968.350000
2022-02-25,4384.650000,20292.511657,29.167306,1912.150000
2022-02-28,4373.940000,20244.060335,29.496260,1903.300000
2022-03-01,4306.260000,19931.948286,29.757969,1920.450000
2022-03-02,4386.540000,20304.648365,29.426711,1926.000000
2022-03-03,4363.490000,20199.090375,29.428883,1935.400000
2022-03-04,4328.870000,20039.961623,29.713572,1943.800000
2022-03-07,4201.090000,19449.542359,29.620541,1999.250000
2022-03-08,4170.700000,19309.936723,29.433061,2007.000000
2022-03-09,4277.880000,19807.251098,29.246862,2017.150000
2022-03-10,4259.520000,19723.350651,29.155524,1997.650000
2022-03-11,4204.310000,19468.809885,29.111166,1991.450000
2022-03-14,4173.110000,19325.422962,28.787431,1961.600000
2022-03-15,4262.450000,19740.233393,28.766846,1928.750000
2022-03-16,4357.860000,20183.201085,28.677246,1918.750000
2022-03-17,4411.670000,20433.549558,28.656797,1941.400000
2022-03-18,4463.120000,20672.995016,28.796851,1932.900000
2022-03-21,4461.180000,20665.166708,28.384622,1925.050000
2022-03-22,4511.610000,20899.926815,28.250989,1929.350000
2022-03-23,4456.240000,20644.597001,28.389262,1932.150000
2022-03-24,4520.160000,20941.877786,28.346453,1945.900000
2022-03-25,4543.060000,21049.146120,28.031605,1956.650000
2022-03-28,4575.520000,21200.720272,28.079214,1927.000000
2022-03-29,4631.600000,21461.754793,28.194272,1911.050000
2022-03-30,4602.450000,21327.882354,28.332301,1917.800000
2022-03-31,4530.410000,20995.241344,28.402940,1924.100000
2022-04-01,4545.860000,21068.029849,28.246499,1933.350000
2022-04-04,4582.640000,21239.681534,28.181386,1927.100000
2022-04-05,4525.120000,20974.289602,27.913551,1929.450000
2022-04-06,4481.150000,20771.672682,27.760049,1929.000000
2022-04-07,4500.210000,20861.198383,27.651883,1926.400000
2022-04-08,4488.280000,20807.076718,27.522073,1931.200000
2022-04-11,4412.530000,20457.087710,27.370920,1956.850000
2022-04-12,4397.450000,20388.333013,27.527228,1951.400000
2022-04-13,4446.590000,20617.320000,27.574243,1975.250000
2022-04-14,4392.590000,20368.107734,27.290425,1970.600000
2022-04-19,4462.210000,20692.083602,27.078508,1975.950000
2022-04-20,4459.450000,20680.456512,27.254959,1947.550000
2022-04-21,4393.660000,20376.529846,27.149021,1945.950000
2022-04-22,4271.780000,19812.439172,27.152146,1942.000000
2022-04-25,4296.120000,19926.449387,27.350766,1918.700000
2022-04-26,4175.200000,19366.721205,27.441338,1903.400000
2022-04-27,4183.960000,19408.451078,27.334589,1896.150000
2022-04-28,4287.500000,19889.848750,27.272045,1890.000000
2022-04-29,4131.930000,19169.280690,27.187859,1915.450000
2022-05-03,4175.480000,19372.514844,27.019832,1857.900000
2022-05-04,4300.170000,19952.230402,27.109480,1868.700000
2022-05-05,4146.870000,19242.179463,26.852381,1895.200000
2022-05-06,4123.340000,19134.193262,26.705257,1884.300000
2022-05-09,3991.240000,18522.378798,26.858113,1865.400000
2022-05-10,4001.050000,18569.056843,26.990283,1862.250000
2022-05-11,3935.180000,18264.506260,27.166223,1851.750000
2022-05-12,3930.080000,18241.971596,27.321491,1850.750000
2022-05-13,4023.890000,18678.537538,27.127855,1824.200000
2022-05-16,4008.010000,18605.985921,27.239521,1805.800000
2022-05-17,4088.850000,18982.418817,27.024718,1828.050000
2022-05-18,3923.680000,18216.800638,27.222491,1818.500000
2022-05-19,3900.790000,18111.660501,27.334503,1825.550000
2022-05-20,3901.360000,18115.433714,27.468790,1846.300000
2022-05-23,3973.750000,18452.693712,27.296020,1864.300000
2022-05-24,3941.480000,18303.991086,27.517486,1858.600000
2022-05-25,3978.730000,18478.116423,27.542513,1859.050000
2022-05-26,4057.840000,18846.670500,27.545519,1845.150000
2022-05-27,4158.240000,19314.151489,27.570561,1858.950000
2022-05-31,4132.150000,19194.170381,27.330938,1854.400000
2022-06-01,4101.230000,19051.795138,27.137246,1829.700000
2022-06-06,4121.430000,19146.873306,26.929737,1851.500000
2022-06-07,4160.680000,19330.464089,27.062248,1846.800000
2022-06-08,4115.770000,19123.072359,26.957200,1848.350000
2022-06-09,4017.820000,18669.214005,26.938875,1849.250000
2022-06-10,3900.860000,18126.963780,26.705063,1843.350000
2022-06-13,3749.630000,17425.391983,26.110207,1855.950000
2022-06-14,3735.480000,17360.769086,25.988432,1823.650000
2022-06-15,3789.990000,17615.237340,26.324683,1823.150000
2022-06-16,3666.770000,17043.679237,26.433461,1831.550000
2022-06-17,3674.840000,17082.300301,26.500342,1849.850000
2022-06-21,3764.790000,17501.541190,26.376558,1836.500000
2022-06-22,3759.890000,17479.902715,26.696541,1827.300000
2022-06-23,3795.730000,17647.663490,26.849389,1831.400000
2022-06-24,3911.740000,18188.184049,26.766763,1826.500000
2022-06-27,3900.110000,18135.293838,26.620194,1838.050000
2022-06-28,3821.550000,17771.175882,26.623575,1827.000000
2022-06-29,3818.830000,17759.685128,26.839944,1811.850000
2022-06-30,3785.380000,17605.281194,27.100909,1813.600000
2022-07-01,3825.330000,17792.234250,27.320921,1795.650000
2022-07-05,3831.390000,17821.583628,27.455184,1804.400000
2022-07-06,3845.080000,17886.427458,27.216651,1766.650000
2022-07-07,3902.620000,18155.259787,27.045629,1743.450000
2022-07-08,3899.380000,18141.374147,26.875767,1737.050000
2022-07-11,3854.430000,17933.436093,27.094069,1737.400000
2022-07-12,3818.800000,17768.833604,27.162309,1734.350000
2022-07-13,3801.780000,17690.801535,27.274149,1728.900000
2022-07-14,3790.380000,17638.910676,27.168202,1716.150000
2022-07-15,3863.160000,17978.752956,27.236597,1702.550000
2022-07-18,3830.850000,17829.561033,27.174396,1723.650000
2022-07-19,3936.690000,18323.327855,27.068890,1712.950000
2022-07-20,3959.900000,18432.556880,27.007158,1712.650000
2022-07-21,3998.950000,18615.532158,27.291290,1686.550000
2022-07-22,3961.630000,18443.020799,27.600104,1725.000000
2022-07-25,3966.840000,18468.481377,27.514818,1731.950000
2022-07-26,3921.050000,18256.503676,27.517886,1719.850000
2022-07-27,4023.610000,18735.219203,27.586997,1723.950000
2022-07-28,4072.430000,18963.765773,27.810737,1746.600000
2022-07-29,4130.290000,19234.437832,27.835943,1758.900000
2022-08-01,4118.630000,19181.329046,27.994773,1766.750000
2022-08-02,4091.190000,19054.722809,27.661724,1772.900000
2022-08-03,4155.170000,19353.889539,27.709002,1766.600000
2022-08-04,4151.940000,19340.043211,27.822840,1777.900000
2022-08-05,4145.190000,19309.798674,27.491925,1786.750000
2022-08-08,4140.060000,19287.096862,27.626973,1775.700000
2022-08-09,4122.470000,19206.345365,27.563705,1790.600000
2022-08-10,4210.240000,19616.449818,27.610870,1793.500000
2022-08-11,4207.270000,19603.826499,27.415117,1789.700000
2022-08-12,4280.150000,19944.625553,27.484036,1788.450000
2022-08-15,4297.140000,20025.030380,27.597070,1781.450000
2022-08-16,4305.200000,20063.830525,27.533892,1776.150000
2022-08-17,4274.040000,19919.855631,27.382783,1773.650000
2022-08-18,4283.740000,19966.297413,27.407830,1765.600000
2022-08-19,4228.480000,19709.969559,27.191700,1752.900000
2022-08-22,4137.990000,19289.394115,27.086148,1732.800000
2022-08-23,4128.730000,19247.422607,27.046067,1739.450000
2022-08-24,4140.770000,19304.742724,26.919520,1752.000000
2022-08-25,4199.120000,19577.972364,27.095127,1762.400000
2022-08-26,4057.660000,18919.641612,27.076708,1752.100000
2022-08-30,3986.160000,18587.430165,26.931541,1734.000000
2022-08-31,3955.000000,18443.282212,26.848683,1712.400000
2022-09-01,3966.850000,18499.783628,26.615771,1706.000000
2022-09-02,3924.260000,18302.406419,26.746970,1706.900000
2022-09-06,3908.190000,18228.689376,26.472198,1712.500000
2022-09-07,3979.870000,18564.248315,26.602763,1705.050000
2022-09-08,4006.180000,18688.221927,26.563650,1720.250000
2022-09-09,4067.360000,18974.875352,26.482114,1726.950000
2022-09-12,4110.410000,19176.987689,26.400871,1726.500000
2022-09-13,3932.690000,18349.131565,26.298798,1727.050000
2022-09-14,3946.010000,18412.515156,26.323406,1703.800000
2022-09-15,3901.350000,18205.366149,26.242734,1689.000000
2022-09-16,3873.330000,18075.838359,26.246326,1664.300000
2022-09-20,3855.930000,17995.853802,26.002093,1667.900000
2022-09-21,3789.930000,17689.039290,26.130587,1674.450000
2022-09-22,3757.990000,17541.153955,25.737041,1671.850000
2022-09-23,3693.230000,17240.054769,25.761410,1661.450000
2022-09-26,3655.040000,17062.943781,25.373609,1647.000000
2022-09-27,3647.290000,17027.912800,25.194825,1632.600000
2022-09-28,3719.040000,17364.034529,25.702691,1618.200000
2022-09-29,3640.470000,16998.363516,25.624237,1646.600000
2022-09-30,3585.620000,16743.397915,25.484564,1672.750000
2022-10-03,3678.430000,17177.957410,25.814640,1660.800000
2022-10-04,3790.930000,17704.527645,25.921658,1709.150000
2022-10-05,3783.280000,17670.042028,25.635059,1712.150000
2022-10-06,3744.520000,17490.250312,25.495328,1716.000000
2022-10-07,3639.660000,17001.687166,25.376825,1711.500000
2022-10-11,3588.840000,16765.487658,25.299537,1664.150000
2022-10-12,3577.030000,16711.492324,25.343961,1672.300000
2022-10-13,3669.910000,17146.589533,25.226243,1676.400000
2022-10-14,3583.070000,16742.057370,25.169674,1655.150000
2022-10-17,3677.950000,17186.562648,25.133397,1658.000000
2022-10-18,3719.980000,17384.168492,25.157514,1652.250000
2022-10-19,3695.160000,17269.399148,24.899879,1640.700000
2022-10-20,3665.780000,17133.302321,24.704770,1633.200000
2022-10-21,3752.750000,17540.988578,24.768218,1624.550000
2022-10-24,3797.340000,17750.639982,24.693098,1646.350000
2022-10-25,3859.110000,18040.628328,24.993580,1642.850000
2022-10-26,3830.600000,17908.614569,25.117615,1670.800000
2022-10-27,3807.300000,17800.939646,25.282395,1663.300000
2022-10-28,3901.060000,18240.560702,25.165012,1649.250000
2022-10-31,3871.980000,18105.867815,25.007971,1638.850000
2022-11-01,3856.100000,18032.828483,25.072059,1652.550000
2022-11-02,3759.690000,17583.185340,25.015935,1656.450000
2022-11-03,3719.890000,17398.232511,24.939954,1620.650000
2022-11-04,3770.550000,17636.343480,24.884195,1648.800000
2022-11-07,3806.800000,17807.084950,24.788776,1679.900000
2022-11-08,3828.110000,17907.964292,24.951576,1670.800000
2022-11-09,3748.570000,17537.079052,24.995597,1705.150000
2022-11-10,3956.370000,18510.417081,25.599578,1705.650000
2022-11-14,3957.250000,18515.779040,25.480581,1757.350000
2022-11-15,3991.730000,18678.354391,25.647580,1775.100000
2022-11-16,3958.790000,18525.475520,25.918182,1783.200000
2022-11-17,3946.560000,18469.490025,25.714611,1764.550000
2022-11-18,3965.340000,18558.620476,25.615600,1764.750000
2022-11-21,3949.940000,18487.793256,25.598990,1739.650000
2022-11-22,4003.580000,18740.099858,25.746235,1747.000000
2022-11-23,4027.260000,18852.202249,25.853062,1735.750000
2022-11-25,4026.120000,18848.133482,25.918915,1753.550000
2022-11-28,3963.940000,18558.307556,25.901965,1762.900000
2022-11-29,3957.630000,18530.013483,25.781428,1755.350000
2022-11-30,4080.110000,19104.722984,25.929641,1759.650000
2022-12-01,4076.570000,19089.444020,26.244583,1779.600000
2022-12-02,4071.700000,19067.934873,26.290251,1800.750000
2022-12-05,3998.840000,18728.022812,26.104623,1794.350000
2022-12-06,3941.260000,18459.625897,26.296305,1773.350000
2022-12-07,3933.920000,18426.500599,26.489302,1771.850000
2022-12-08,3963.510000,18566.351015,26.365748,1782.450000
2022-12-09,3934.380000,18431.156964,26.179555,1793.000000
2022-12-12,3990.560000,18695.591110,26.099490,1790.600000
2022-12-13,4019.650000,18833.145406,26.312024,1785.150000
2022-12-14,3995.320000,18720.431101,26.357789,1808.200000
2022-12-15,3895.750000,18255.157575,26.466870,1775.950000
2022-12-16,3852.360000,18053.074758,26.385789,1780.150000
2022-12-19,3817.660000,17891.687673,26.199455,1796.500000
2022-12-20,3821.620000,17911.460856,25.951652,1806.350000
2022-12-21,3878.440000,18178.984930,25.976213,1813.500000
2022-12-22,3822.390000,17917.501846,26.000788,1815.200000
2022-12-23,3844.820000,18023.858919,25.838169,1797.400000
2022-12-28,3783.220000,17736.312031,25.577790,1802.650000
2022-12-29,3849.280000,18047.215245,25.684039,1805.400000
2022-12-30,3839.500000,18002.587023,25.585206,1812.350000
2023-01-03,3824.140000,17931.782097,25.773359,1835.050000
2023-01-04,3852.970000,18068.178927,25.983422,1857.550000
2023-01-05,3808.100000,17858.984060,25.945654,1850.250000
2023-01-06,3895.080000,18268.102416,26.281578,1834.500000
2023-01-09,3892.090000,18255.311897,26.327331,1873.800000
2023-01-10,3919.250000,18383.933988,26.162524,1875.200000
2023-01-11,3969.610000,18621.396991,26.312782,1884.250000
2023-01-12,3983.170000,18686.263360,26.548030,1883.100000
2023-01-13,3999.090000,18762.209861,26.424213,1904.050000
2023-01-17,3990.970000,18725.379967,26.343315,1904.950000
2023-01-18,3928.860000,18435.227331,26.684200,1911.550000
2023-01-19,3898.850000,18295.656643,26.645074,1907.500000
2023-01-20,3972.610000,18643.015752,26.456814,1928.750000
2023-01-23,4019.810000,18865.778105,26.375805,1927.200000
2023-01-24,4016.950000,18853.628596,26.506093,1936.500000
2023-01-25,4016.220000,18851.474555,26.509733,1925.850000
2023-01-26,4060.430000,19060.261089,26.449749,1936.450000
2023-01-27,4070.560000,19109.098983,26.389933,1928.250000
2023-01-30,4017.770000,18862.567675,26.330283,1926.750000
2023-01-31,4076.600000,19140.034727,26.397185,1905.200000
2023-02-01,4119.210000,19341.354711,26.675403,1925.600000
2023-02-02,4179.760000,19626.936568,26.657651,1954.900000
2023-02-03,4136.480000,19425.000261,26.384008,1910.000000
2023-02-06,4111.080000,19307.001972,26.176632,1873.500000
2023-02-07,4164.000000,19556.804817,26.096638,1873.800000
2023-02-08,4117.860000,19341.391247,26.183947,1880.750000
2023-02-09,4081.500000,19171.885221,26.103931,1882.100000
2023-02-10,4090.460000,19215.236688,25.961550,1864.100000
2023-02-13,4137.290000,19436.490893,26.006942,1858.500000
2023-02-14,4136.130000,19432.322775,25.906753,1860.500000
2023-02-15,4147.600000,19487.492156,25.827727,1835.450000
2023-02-16,4090.410000,19220.069815,25.728321,1837.300000
2023-02-17,4079.090000,19168.146411,25.814593,1824.500000
2023-02-21,3997.340000,18785.256821,25.550034,1833.200000
2023-02-22,3991.050000,18756.935835,25.594919,1833.450000
2023-02-23,4012.320000,18858.136130,25.701290,1826.950000
2023-02-24,3970.040000,18660.660976,25.561320,1824.100000
2023-02-27,3982.240000,18719.235775,25.626674,1809.050000
2023-02-28,3970.150000,18663.638689,25.630660,1810.200000
2023-03-01,3951.390000,18576.721050,25.450107,1833.500000
2023-03-02,3981.350000,18718.839408,25.311636,1831.750000
2023-03-03,4045.640000,19022.383992,25.538476,1845.550000
2023-03-06,4048.420000,19036.752821,25.522069,1851.700000
2023-03-07,3986.370000,18746.275534,25.546517,1843.050000
2023-03-08,3992.010000,18774.076744,25.530105,1813.350000
2023-03-09,3918.320000,18428.799547,25.636257,1817.500000
2023-03-10,3861.590000,18163.241671,26.111963,1834.950000
2023-03-13,3855.760000,18137.058704,26.429140,1882.100000
2023-03-14,3919.290000,18437.133668,26.242573,1901.450000
2023-03-15,3891.930000,18309.684189,26.519287,1906.000000
2023-03-16,3960.280000,18632.487319,26.416903,1919.400000
2023-03-17,3916.640000,18428.438886,26.779905,1930.900000
2023-03-20,3951.570000,18594.047219,26.612116,1981.950000
2023-03-21,4002.870000,18836.706723,26.360304,1965.950000
2023-03-22,3936.970000,18527.879238,26.596030,1941.850000
2023-03-23,3948.720000,18584.439915,26.812471,1977.550000
2023-03-24,3970.990000,18690.520028,26.816068,1996.150000
2023-03-27,3977.530000,18722.577059,26.497872,1960.250000
2023-03-28,3971.270000,18694.387668,26.459187,1949.850000
2023-03-29,4027.810000,18961.819555,26.420580,1965.850000
2023-03-30,4050.830000,19071.484658,26.466595,1968.100000
2023-03-31,4109.310000,19348.111819,26.618537,1978.800000
2023-04-03,4124.510000,19420.952674,26.728687,1963.100000
2023-04-04,4100.600000,19309.646971,26.903388,1982.250000
2023-04-05,4090.380000,19262.792433,27.014578,2022.300000
2023-04-06,4105.020000,19333.004625,27.018116,2017.250000
2023-04-11,4108.940000,19352.739044,26.748574,2001.500000
2023-04-12,4091.950000,19273.991751,26.795012,2008.900000
2023-04-13,4146.220000,19530.884383,26.712894,2027.100000
2023-04-14,4137.640000,19491.753866,26.566959,2035.650000
2023-04-17,4151.320000,19557.481373,26.400641,2009.800000
2023-04-18,4154.870000,19575.493510,26.446654,1999.300000
2023-04-19,4154.520000,19575.133249,26.408096,1976.100000
2023-04-20,4129.790000,19459.899958,26.538628,1994.050000
2023-04-21,4133.520000,19478.757154,26.478663,1986.100000
2023-04-24,4137.040000,19496.627146,26.588329,1986.150000
2023-04-25,4071.630000,19189.653015,26.847291,1990.200000
2023-04-26,4055.990000,19117.204809,26.786479,1999.050000
2023-04-27,4135.350000,19492.512970,26.575833,1997.650000
2023-04-28,4169.480000,19654.672474,26.770902,1982.700000
2023-05-02,4119.580000,19420.736327,26.774514,1980.900000
2023-05-03,4090.750000,19286.098495,26.906687,2016.900000
2023-05-04,4061.220000,19148.142657,26.931821,2036.050000
2023-05-05,4136.250000,19503.155849,26.784604,2038.900000
2023-05-09,4119.170000,19423.900051,26.599264,2025.600000
2023-05-10,4137.640000,19512.269377,26.815784,2029.600000
2023-05-11,4130.620000,19480.444528,26.905244,2025.750000
2023-05-12,4124.080000,19450.879147,26.758194,2006.650000
2023-05-15,4136.280000,19509.695446,26.676242,2015.300000
2023-05-16,4109.900000,19386.548115,26.594583,2009.900000
2023-05-17,4158.770000,19618.341483,26.534492,1985.750000
2023-05-18,4198.050000,19804.925690,26.368430,1976.950000
2023-05-19,4191.980000,19777.588805,26.266776,1965.550000
2023-05-22,4192.630000,19781.952928,26.228605,1981.200000
2023-05-23,4145.580000,19561.256144,26.274443,1959.650000
2023-05-24,4115.240000,19419.377646,26.215242,1976.800000
2023-05-25,4151.280000,19590.720504,26.009400,1962.300000
2023-05-26,4205.450000,19847.644758,26.075776,1953.500000
2023-05-30,4205.520000,19849.277169,26.309175,1949.500000
2023-05-31,4179.830000,19729.327270,26.418264,1959.000000
2023-06-01,4221.020000,19924.987244,26.485484,1958.750000
2023-06-02,4282.370000,20215.835242,26.319771,1981.000000
2023-06-05,4273.790000,20176.600015,26.323625,1942.500000
2023-06-06,4283.850000,20225.359382,26.306421,1961.900000
2023-06-07,4267.520000,20149.529562,26.120877,1963.050000
2023-06-08,4293.930000,20275.491383,26.250185,1947.250000
2023-06-09,4298.860000,20300.042555,26.212071,1963.550000
2023-06-12,4338.930000,20490.534556,26.257911,1964.150000
2023-06-13,4369.010000,20633.872642,26.030728,1964.000000
2023-06-14,4372.590000,20652.074906,26.055519,1951.900000
2023-06-15,4425.840000,20904.874557,26.288767,1934.650000
2023-06-16,4409.590000,20829.431530,26.187493,1964.100000
2023-06-20,4388.710000,20732.108361,26.254261,1953.850000
2023-06-21,4365.690000,20624.663584,26.300164,1935.250000
2023-06-22,4381.890000,20702.490763,26.135725,1927.950000
2023-06-23,4348.330000,20545.233634,26.265118,1919.350000
2023-06-26,4328.820000,20454.340841,26.311040,1930.550000
2023-06-27,4378.410000,20689.944672,26.209680,1923.950000
2023-06-28,4376.860000,20683.918459,26.339407,1909.850000
2023-06-29,4396.440000,20777.746372,26.048284,1904.050000
2023-06-30,4450.380000,21033.972649,26.135618,1903.550000
2023-07-03,4455.590000,21058.596837,26.035027,1913.750000
2023-07-05,4446.820000,21017.146907,25.851563,1928.300000
2023-07-06,4411.590000,20850.638237,25.648802,1919.150000
2023-07-07,4398.950000,20790.897403,25.632405,1915.650000
2023-07-10,4409.530000,20840.901993,25.739065,1925.050000
2023-07-11,4439.260000,20981.415839,25.784343,1936.200000
2023-07-12,4472.160000,21136.912156,26.056583,1935.750000
2023-07-13,4510.040000,21315.945606,26.269027,1959.600000
2023-07-14,4505.420000,21294.109953,26.125839,1956.500000
2023-07-17,4522.790000,21376.206336,26.171612,1955.050000
2023-07-18,4554.980000,21528.346958,26.196506,1961.950000
2023-07-19,4565.720000,21579.107762,26.305242,1978.150000
2023-07-20,4534.870000,21433.300425,26.098715,1981.500000
2023-07-21,4536.340000,21440.248133,26.123581,1963.800000
2023-07-24,4554.640000,21526.740005,26.085764,1964.750000
2023-07-25,4567.460000,21587.331579,25.985416,1963.100000
2023-07-26,4566.750000,21583.975884,26.093390,1972.000000
2023-07-27,4537.410000,21445.305308,25.784266,1975.200000
2023-07-28,4582.230000,21657.139500,25.891506,1950.150000
2023-07-31,4588.960000,21688.947714,25.874862,1955.550000
2023-08-01,4576.730000,21631.144675,25.713339,1956.750000
2023-08-02,4513.390000,21331.778817,25.655759,1949.700000
2023-08-03,4501.890000,21277.426001,25.413618,1936.900000
2023-08-04,4478.030000,21164.655724,25.722817,1934.000000
2023-08-07,4518.440000,21355.646793,25.644638,1936.900000
2023-08-08,4499.380000,21265.562908,25.792410,1934.800000
2023-08-09,4467.710000,21115.879979,25.837792,1928.400000
2023-08-10,4468.830000,21121.173471,25.655861,1920.100000
2023-08-11,4464.050000,21098.581605,25.516353,1918.050000
2023-08-14,4489.720000,21219.906543,25.459326,1913.500000
2023-08-15,4437.860000,20974.798974,25.422824,1904.100000
2023-08-16,4404.330000,20816.325068,25.284703,1906.800000
2023-08-17,4370.360000,20655.771576,25.248542,1893.950000
2023-08-18,4369.710000,20652.699460,25.333646,1891.750000
2023-08-21,4399.770000,20794.772995,25.175793,1890.100000
2023-08-22,4387.550000,20737.017220,25.180129,1901.850000
2023-08-23,4436.010000,20966.055260,25.486627,1904.550000
2023-08-24,4376.310000,20683.893250,25.409307,1920.700000
2023-08-25,4405.710000,20822.847406,25.372918,1917.850000
2023-08-29,4497.630000,21257.291828,25.645998,1923.500000
2023-08-30,4514.870000,21338.773788,25.650191,1938.350000
2023-08-31,4507.660000,21304.696936,25.715945,1944.200000
2023-09-01,4515.770000,21343.027487,25.534964,1944.300000
2023-09-05,4496.830000,21253.510762,25.355348,1931.800000
2023-09-06,4465.480000,21105.340259,25.298792,1923.450000
2023-09-07,4451.140000,21037.564661,25.363826,1919.850000
2023-09-08,4457.490000,21067.576868,25.388414,1925.550000
2023-09-11,4487.460000,21209.225033,25.331774,1926.600000
2023-09-12,4461.900000,21088.419991,25.376617,1918.900000
2023-09-13,4467.440000,21114.603870,25.421520,1912.150000
2023-09-14,4505.100000,21292.597526,25.344458,1906.450000
2023-09-15,4450.320000,21033.689069,25.267671,1918.700000
2023-09-18,4453.530000,21048.860594,25.292227,1926.400000
2023-09-19,4443.950000,21003.582335,25.195393,1935.000000
2023-09-20,4402.200000,20806.257981,25.240075,1930.150000
2023-09-21,4330.000000,20465.016823,24.961743,1923.400000
2023-09-22,4320.060000,20418.037085,25.066038,1926.200000
2023-09-25,4337.440000,20500.180732,24.849873,1922.550000
2023-09-26,4273.530000,20198.120865,24.834480,1912.300000
2023-09-27,4274.510000,20202.752670,24.739636,1895.550000
2023-09-28,4299.700000,20321.808968,24.783745,1874.100000
2023-09-29,4288.050000,20266.747203,24.788259,1871.600000
2023-10-02,4288.390000,20268.354155,24.594468,1831.850000
2023-10-03,4229.450000,19989.784157,24.362939,1828.300000
2023-10-04,4263.750000,20151.897339,24.523512,1823.250000
2023-10-05,4258.190000,20125.618934,24.547734,1822.750000
2023-10-06,4308.500000,20363.400689,24.434502,1821.900000
2023-10-10,4358.240000,20598.488434,24.673708,1859.700000
2023-10-11,4376.950000,20686.918102,24.836183,1870.000000
2023-10-12,4349.610000,20557.700190,24.602269,1881.150000
2023-10-13,4327.780000,20454.524366,24.744630,1887.000000
2023-10-16,4373.630000,20671.226681,24.590811,1914.650000
2023-10-17,4373.200000,20669.194358,24.359335,1923.450000
2023-10-18,4314.600000,20392.231313,24.208105,1943.850000
2023-10-19,4278.000000,20219.247568,24.077256,1948.650000
2023-10-20,4224.160000,19964.781862,24.178323,1984.200000
2023-10-23,4217.040000,19931.130379,24.318452,1980.950000
2023-10-24,4247.680000,20075.945187,24.381506,1967.400000
2023-10-25,4186.770000,19788.064315,24.152117,1970.150000
2023-10-26,4137.230000,19553.921836,24.330756,1991.450000
2023-10-27,4117.370000,19460.056886,24.374378,1987.600000
2023-10-30,4166.820000,19693.773995,24.301061,1996.150000
2023-10-31,4193.800000,19821.290428,24.305767,1997.600000
2023-11-01,4237.860000,20029.532608,24.524365,1982.500000
2023-11-02,4317.780000,20407.261048,24.725202,1986.700000
2023-11-03,4358.340000,20598.961067,24.927585,1988.500000
2023-11-06,4365.980000,20635.070242,24.732685,1987.100000
2023-11-07,4378.380000,20693.676757,24.915344,1967.800000
2023-11-08,4382.780000,20714.472617,25.099263,1960.100000
2023-11-09,4347.350000,20547.018680,24.842702,1946.750000
2023-11-10,4415.240000,20867.889348,24.867131,1953.450000
2023-11-13,4411.550000,20850.449184,24.831893,1937.450000
2023-11-14,4495.700000,21248.170007,25.213900,1946.550000
2023-11-15,4502.880000,21282.105070,25.036802,1973.400000
2023-11-16,4508.240000,21307.438208,25.201538,1966.500000
2023-11-17,4514.020000,21334.756406,25.226150,1992.150000
2023-11-20,4547.380000,21492.426836,25.270956,1976.050000
2023-11-21,4538.190000,21448.991847,25.295606,1988.550000
2023-11-22,4556.620000,21536.098142,25.279796,1999.900000
2023-11-24,4559.340000,21548.953765,25.183111,1995.200000
2023-11-27,4550.430000,21506.842148,25.348750,2011.700000
2023-11-28,4554.890000,21527.921588,25.454561,2014.000000
2023-11-29,4550.580000,21507.551098,25.601490,2037.600000
2023-11-30,4567.800000,21588.938532,25.401016,2037.850000
2023-12-01,4594.630000,21715.746015,25.710233,2044.550000
2023-12-04,4569.780000,21598.296669,25.591129,2066.950000
2023-12-05,4567.180000,21586.008206,25.800205,2023.450000
2023-12-06,4549.340000,21501.690446,25.928325,2021.400000
2023-12-07,4585.590000,21673.019975,25.891079,2033.300000
2023-12-08,4604.370000,21761.780487,25.708917,2030.000000
2023-12-11,4622.440000,21847.185303,25.713232,1991.950000
2023-12-12,4643.700000,21947.667118,25.779260,1986.900000
2023-12-13,4707.090000,22247.269293,26.113531,1981.550000
2023-12-14,4719.550000,22306.159387,26.368408,2034.100000
2023-12-15,4719.190000,22304.457908,26.393604,2043.650000
2023-12-18,4740.560000,22405.459619,26.313240,2020.950000
2023-12-19,4768.370000,22536.898907,26.359466,2026.000000
2023-12-20,4698.350000,22205.961152,26.511189,2036.350000
2023-12-21,4746.750000,22434.715613,26.451623,2034.300000
2023-12-22,4754.630000,22471.959108,26.434545,2055.600000
2023-12-27,4781.580000,22599.333751,26.675547,2061.700000
2023-12-28,4783.350000,22607.699358,26.572856,2077.800000
